i,j,num_matches,num_inliers,inlier_ratio,median_error,geom_model
0,4,16,8,0.5,2.400598166432677e-13,F
0,12,23,9,0.391304347826087,8.540915777356314e-14,F
0,21,16,8,0.5,2.2521326708928313e-13,F
0,30,13,7,0.5384615384615384,3.272698477778564e-14,F
0,31,21,9,0.42857142857142855,4.136352921963425e-14,F
0,36,15,8,0.5333333333333333,7.43614019102154e-14,F
0,52,17,9,0.5294117647058824,5.0321427797275775e-14,F
0,56,8,7,0.875,2.479503283464926e-14,F
0,57,10,7,0.7,9.026188406728239e-14,F
0,66,19,9,0.47368421052631576,5.055642861816201e-14,F
0,72,18,9,0.5,9.114916124392664e-14,F
0,95,12,7,0.5833333333333334,2.8624526387426366e-14,F
0,105,28,10,0.35714285714285715,1.199068649275839e-13,F
0,173,18,9,0.5,7.222304351794939e-14,F
1,2,21,9,0.42857142857142855,5.846693029894212e-14,F
1,13,43,11,0.2558139534883721,1.7647512682954225e-13,F
1,16,23,9,0.391304347826087,4.4254188394333635e-14,F
1,17,21,10,0.47619047619047616,1.0092027582543628e-13,F
1,23,32,10,0.3125,2.28342681134891e-13,F
1,29,27,11,0.4074074074074074,9.988892850885944e-14,F
1,71,27,12,0.4444444444444444,3.594634626850196e-13,F
1,83,24,11,0.4583333333333333,2.796662641052494e-13,F
1,86,39,11,0.28205128205128205,6.925796064037246e-14,F
1,93,32,10,0.3125,4.767095667323161e-14,F
1,96,20,10,0.5,6.291768186094879e-14,F
1,124,17,8,0.47058823529411764,1.1023316591127208e-13,F
1,132,20,9,0.45,1.0641215285236288e-13,F
1,142,21,9,0.42857142857142855,3.0981605627332376e-13,F
1,169,26,10,0.38461538461538464,1.5085870920528155e-13,F
1,170,28,10,0.35714285714285715,2.358621653021642e-13,F
1,175,16,9,0.5625,3.3359700093472944e-13,F
1,181,30,11,0.36666666666666664,1.72716631578404e-13,F
2,16,30,11,0.36666666666666664,1.8396892895785472e-13,F
2,23,22,9,0.4090909090909091,6.557719590873784e-14,F
2,29,31,15,0.4838709677419355,0.03729351609945297,F
2,71,31,10,0.3225806451612903,7.011287438216801e-14,F
2,86,28,10,0.35714285714285715,6.304370681097307e-14,F
2,93,22,10,0.45454545454545453,2.7669178255008975e-13,F
2,96,29,11,0.3793103448275862,8.135867332484739e-14,F
2,124,15,8,0.5333333333333333,7.743552164502648e-14,F
2,142,20,9,0.45,1.2802457119605315e-13,F
2,169,28,10,0.35714285714285715,1.768106602968722e-13,F
2,170,22,9,0.4090909090909091,1.4850088118825017e-13,F
3,27,391,342,0.8746803069053708,0.19487860798835754,F
3,38,12,7,0.5833333333333334,3.978688242040583e-14,F
3,46,6,0,0.0,inf,none
3,58,158,126,0.7974683544303798,0.3909764885902405,F
3,62,5,0,0.0,inf,none
3,99,14,8,0.5714285714285714,5.0806821721765746e-14,F
3,106,24,12,0.5,1.2889477896474433e-13,F
3,111,11,7,0.6363636363636364,6.076307398862266e-14,F
3,112,25,14,0.56,9.974443824058501e-14,F
3,122,6,0,0.0,inf,none
3,148,16,9,0.5625,1.73355402840851e-13,F
3,162,8,7,0.875,4.412396554902276e-14,F
3,167,21,13,0.6190476190476191,1.2863101968123292e-13,F
3,193,8,7,0.875,2.9315874678975326e-14,F
4,8,326,286,0.8773006134969326,0.2435096651315689,F
4,56,48,24,0.5,0.1104532927274704,F
4,77,11,7,0.6363636363636364,2.6908319051676538e-14,F
4,105,18,9,0.5,1.0260824308272465e-13,F
4,120,17,9,0.5294117647058824,2.3727187207188416e-13,F
5,9,295,227,0.7694915254237288,0.3071949779987335,F
5,37,44,10,0.22727272727272727,6.059789578764449e-14,F
5,76,33,12,0.36363636363636365,2.4524794087904533e-13,F
5,81,39,10,0.2564102564102564,1.2137543032274267e-13,F
5,94,748,688,0.9197860962566845,0.1398191750049591,F
5,108,1324,1270,0.959214501510574,0.15840119123458862,F
5,110,436,344,0.7889908256880734,0.33173277974128723,F
5,125,1613,1536,0.9522628642281463,0.3626468777656555,F
5,141,32,10,0.3125,1.576458148050408e-13,F
5,143,26,9,0.34615384615384615,1.413584554315131e-13,F
5,160,124,68,0.5483870967741935,0.24775570631027222,F
5,176,531,459,0.864406779661017,0.20023982226848602,F
5,179,2657,2515,0.946556266465939,0.29244598746299744,F
5,182,438,364,0.8310502283105022,0.3564646542072296,F
5,185,621,526,0.8470209339774557,0.2715403437614441,F
5,197,369,312,0.8455284552845529,0.26630741357803345,F
5,199,48,13,0.2708333333333333,9.632097501327194e-14,F
6,24,18,9,0.5,5.82831377019151e-14,F
6,37,16,8,0.5,3.62846485171299e-14,F
6,42,17,8,0.47058823529411764,1.569347679152705e-13,F
6,45,12,7,0.5833333333333334,0.0,F
6,50,16,9,0.5625,9.948799732173788e-14,F
6,81,23,9,0.391304347826087,3.0409821118486044e-14,F
6,84,23,9,0.391304347826087,1.853996421446666e-13,F
6,97,22,9,0.4090909090909091,0.0,F
6,103,14,8,0.5714285714285714,2.0886528726178633e-13,F
6,107,13,8,0.6153846153846154,1.3336060263101444e-14,F
6,113,11,7,0.6363636363636364,1.8720874866593948e-14,F
6,116,686,643,0.9373177842565598,0.31256479024887085,F
6,118,48,33,0.6875,0.17100434005260468,F
6,120,22,9,0.4090909090909091,1.367752482453466e-13,F
6,135,24,11,0.4583333333333333,1.1748109809191914e-13,F
6,136,20,8,0.4,1.137725167982967e-13,F
6,140,14,8,0.5714285714285714,4.5130728581338486e-14,F
6,141,13,7,0.5384615384615384,3.297231940062838e-14,F
6,143,19,10,0.5263157894736842,8.982028852242904e-14,F
6,159,14,8,0.5714285714285714,5.338395927433548e-15,F
6,199,18,8,0.4444444444444444,6.487077720699133e-14,F
7,13,16,8,0.5,3.4871628154520273e-13,F
7,17,18,9,0.5,2.4269746368849043e-13,F
7,29,18,9,0.5,1.3456362489127488e-13,F
7,39,19,10,0.5263157894736842,3.670873826265575e-13,F
7,44,16,8,0.5,3.186751399873386e-14,F
7,57,14,8,0.5714285714285714,1.4678048273347732e-13,F
7,64,23,12,0.5217391304347826,1.259209614834153e-13,F
7,68,11,7,0.6363636363636364,0.0,F
7,71,17,9,0.5294117647058824,1.3264904582740988e-13,F
7,78,23,10,0.43478260869565216,1.7066217688176122e-13,F
7,83,17,8,0.47058823529411764,1.1556744059990076e-13,F
7,86,19,9,0.47368421052631576,7.218622807792993e-14,F
7,93,13,7,0.5384615384615384,3.9343457284386416e-14,F
7,95,14,8,0.5714285714285714,7.312078324555812e-14,F
7,96,21,10,0.47619047619047616,1.0431038628341827e-13,F
7,124,13,7,0.5384615384615384,3.188478330646248e-14,F
7,130,10,7,0.7,6.380194360030081e-14,F
7,132,6,0,0.0,inf,none
7,137,10,7,0.7,3.5181367774540437e-14,F
7,142,12,8,0.6666666666666666,1.4400070017157353e-14,F
7,145,1907,1834,0.961719979024646,0.19808262586593628,F
7,149,16,9,0.5625,5.492031864549364e-14,F
7,168,17,9,0.5294117647058824,5.408491037840746e-13,F
7,169,19,10,0.5263157894736842,2.4827243803567448e-14,F
7,174,27,11,0.4074074074074074,1.5439380459877916e-13,F
7,175,17,9,0.5294117647058824,5.516675102303602e-14,F
7,177,87,57,0.6551724137931034,0.16658428311347961,F
7,181,22,9,0.4090909090909091,1.04142463695691e-13,F
7,186,19,9,0.47368421052631576,2.2794713707731395e-13,F
8,56,24,10,0.4166666666666667,6.105181735594628e-14,F
9,94,693,617,0.8903318903318903,0.2993820011615753,F
9,108,490,392,0.8,0.3354295790195465,F
9,110,1840,1702,0.925,0.21895092725753784,F
9,125,437,360,0.8237986270022883,0.3358224034309387,F
9,160,105,66,0.6285714285714286,0.19698438048362732,F
9,176,156,106,0.6794871794871795,0.32280778884887695,F
9,179,258,225,0.872093023255814,0.2327241599559784,F
9,182,1237,1141,0.9223928860145514,0.2044178545475006,F
9,185,189,141,0.746031746031746,0.4411306381225586,F
9,197,163,128,0.7852760736196319,0.3778333365917206,F
10,15,41,11,0.2682926829268293,1.2054049978223874e-13,F
10,19,23,9,0.391304347826087,6.801026078027614e-14,F
10,22,15,8,0.5333333333333333,5.422770658078738e-14,F
10,33,25,10,0.4,1.9572212774099373e-13,F
10,47,31,11,0.3548387096774194,4.872551946882679e-14,F
10,55,25,10,0.4,6.740562155747171e-14,F
10,59,33,10,0.30303030303030304,1.9043694030572433e-13,F
10,63,26,10,0.38461538461538464,1.2638791380657766e-13,F
10,67,20,8,0.4,7.268391075641867e-14,F
10,70,23,9,0.391304347826087,6.541180764358875e-14,F
10,73,20,9,0.45,3.2318321873921543e-14,F
10,75,22,10,0.45454545454545453,2.0377522911251e-13,F
10,79,20,9,0.45,4.560859610987233e-13,F
10,87,23,9,0.391304347826087,4.863858881626326e-13,F
10,89,18,8,0.4444444444444444,2.6395706909272676e-13,F
10,90,38,11,0.2894736842105263,4.1395164206148305e-14,F
10,91,29,11,0.3793103448275862,9.313076433084197e-14,F
10,104,39,12,0.3076923076923077,1.4809022606289413e-13,F
10,109,25,10,0.4,8.52830582846395e-14,F
10,115,42,16,0.38095238095238093,2.5063057098456687e-13,F
10,123,42,17,0.40476190476190477,0.07781235128641129,F
10,128,29,9,0.3103448275862069,1.0125429818598833e-13,F
10,144,30,10,0.3333333333333333,1.1241114511667885e-13,F
10,146,30,10,0.3333333333333333,8.673161337345234e-14,F
10,150,60,12,0.2,1.2717324209769038e-13,F
10,165,30,15,0.5,0.07126263529062271,F
10,166,25,9,0.36,5.5437489858032804e-14,F
10,190,23,10,0.43478260869565216,1.1320695628754679e-13,F
10,198,24,10,0.4166666666666667,3.5873956799950535e-13,F
11,24,26,9,0.34615384615384615,9.391696675995626e-14,F
11,25,18,8,0.4444444444444444,2.256324874118018e-13,F
11,28,21,9,0.42857142857142855,6.435504256233071e-14,F
11,35,24,10,0.4166666666666667,1.6038072833766265e-13,F
11,42,31,10,0.3225806451612903,6.454123395666436e-14,F
11,45,26,10,0.38461538461538464,1.163133987996251e-13,F
11,61,26,9,0.34615384615384615,2.4416937655785675e-13,F
11,80,20,9,0.45,5.898351875281357e-14,F
11,82,33,9,0.2727272727272727,1.17935676957788e-13,F
11,84,16,8,0.5,5.358582162522628e-14,F
11,88,31,9,0.2903225806451613,8.633407031811979e-14,F
11,97,19,9,0.47368421052631576,2.0724315818142214e-13,F
11,103,17,9,0.5294117647058824,1.3719338436569278e-13,F
11,107,21,9,0.42857142857142855,8.497647979157849e-14,F
11,113,26,10,0.38461538461538464,7.170693617879198e-14,F
11,118,25,9,0.36,3.0395266381946784e-13,F
11,120,37,11,0.2972972972972973,1.8857203125388633e-13,F
11,121,23,9,0.391304347826087,7.957800000554793e-14,F
11,126,22,9,0.4090909090909091,1.2855480026850719e-13,F
11,135,28,10,0.35714285714285715,1.21739478307209e-13,F
11,136,26,9,0.34615384615384615,2.1962883985440773e-13,F
11,140,22,10,0.45454545454545453,9.253374162829925e-14,F
11,158,24,9,0.375,1.2503714697745943e-13,F
11,159,22,9,0.4090909090909091,1.0987050706083926e-13,F
11,161,28,10,0.35714285714285715,9.914871658064928e-14,F
11,180,29,10,0.3448275862068966,5.741435972483888e-14,F
11,188,38,11,0.2894736842105263,4.622579988060316e-14,F
12,30,14,8,0.5714285714285714,7.28075436853999e-14,F
12,32,14,8,0.5714285714285714,7.299766531260882e-14,F
12,36,13,7,0.5384615384615384,3.38908859743442e-14,F
12,52,9,7,0.7777777777777778,1.3634514016132391e-14,F
12,66,24,10,0.4166666666666667,1.0820551133708042e-13,F
12,92,22,10,0.45454545454545453,8.071816056266085e-14,F
12,105,20,9,0.45,2.0953345395563483e-13,F
12,119,9,7,0.7777777777777778,3.986097408636806e-14,F
12,127,19,8,0.42105263157894735,6.800023191018065e-14,F
12,139,12,8,0.6666666666666666,4.81777229330467e-14,F
12,153,11,8,0.7272727272727273,1.4610090142363162e-14,F
12,173,16,8,0.5,7.778886313303951e-14,F
12,187,15,8,0.5333333333333333,7.464391789131081e-14,F
13,16,24,9,0.375,5.255107262433327e-14,F
13,17,31,10,0.3225806451612903,1.0714417905417079e-13,F
13,23,19,9,0.47368421052631576,2.201192651546044e-13,F
13,29,22,9,0.4090909090909091,1.6673030415071538e-13,F
13,39,22,9,0.4090909090909091,2.563171300640904e-13,F
13,64,20,9,0.45,6.036896649892418e-14,F
13,68,17,10,0.5882352941176471,1.3429966231985613e-13,F
13,71,27,10,0.37037037037037035,6.021936692791191e-14,F
13,78,31,10,0.3225806451612903,9.82629911683644e-14,F
13,83,22,9,0.4090909090909091,1.9784625597974587e-13,F
13,86,26,10,0.38461538461538464,1.4078237815969008e-13,F
13,93,23,9,0.391304347826087,1.8233552417489668e-13,F
13,96,38,10,0.2631578947368421,6.36889765101914e-14,F
13,124,17,9,0.5294117647058824,1.2392254648656287e-13,F
13,130,20,9,0.45,2.951946684055101e-13,F
13,132,22,10,0.45454545454545453,1.4809849310445933e-13,F
13,137,25,10,0.4,2.0678122029330753e-13,F
13,142,13,7,0.5384615384615384,4.4983527807632845e-14,F
13,145,23,9,0.391304347826087,8.955753890219076e-14,F
13,149,21,10,0.47619047619047616,7.42078924351186e-14,F
13,168,25,12,0.48,2.0484530955169888e-13,F
13,169,24,9,0.375,4.023086998630222e-14,F
13,170,25,9,0.36,1.5744343491701923e-13,F
13,174,29,10,0.3448275862068966,9.01015237897082e-14,F
13,175,20,9,0.45,1.6057341816876763e-13,F
13,177,25,10,0.4,1.025251796437851e-13,F
13,181,21,9,0.42857142857142855,2.9332388433314996e-14,F
13,186,27,9,0.3333333333333333,1.4021704804190183e-13,F
14,18,24,9,0.375,2.5248879864051693e-14,F
14,32,23,10,0.43478260869565216,8.662553774340179e-14,F
14,34,23,11,0.4782608695652174,1.0852167146684077e-13,F
14,41,19,9,0.47368421052631576,2.3860172735160057e-13,F
14,53,73,59,0.8082191780821918,0.39710986614227295,F
14,60,25,11,0.44,1.9358046253210165e-13,F
14,66,14,8,0.5714285714285714,6.77442585535204e-14,F
14,69,10,7,0.7,4.6038304055530735e-14,F
14,74,13,7,0.5384615384615384,1.7408121182082605e-14,F
14,85,20,10,0.5,3.950009400512447e-14,F
14,92,14,8,0.5714285714285714,7.621969732880124e-14,F
14,98,14,8,0.5714285714285714,1.1981916652435698e-13,F
14,101,13,7,0.5384615384615384,5.797733847916556e-14,F
14,102,13,7,0.5384615384615384,3.1126641384824835e-14,F
14,114,10,7,0.7,5.296669475089201e-14,F
14,117,12,7,0.5833333333333334,9.948811082415281e-15,F
14,127,16,8,0.5,2.441576671743939e-13,F
14,131,14,8,0.5714285714285714,2.549627447102215e-13,F
14,139,17,9,0.5294117647058824,1.2817234795216292e-13,F
14,147,6,0,0.0,inf,none
14,152,30,11,0.36666666666666664,2.2723695754928164e-13,F
14,153,19,8,0.42105263157894735,1.4596968924383835e-13,F
14,156,20,9,0.45,6.393159656184477e-13,F
14,157,20,9,0.45,9.387328018866867e-14,F
14,172,16,9,0.5625,1.1664876963662918e-13,F
14,187,8,8,1.0,6.056891370832124e-14,F
14,191,11,7,0.6363636363636364,3.616749708426105e-14,F
14,194,23,9,0.391304347826087,8.917985029914186e-14,F
14,195,14,8,0.5714285714285714,1.2484411833317555e-13,F
14,196,13,7,0.5384615384615384,2.3933823943989713e-14,F
15,19,31,10,0.3225806451612903,5.1016360732257515e-14,F
15,22,25,9,0.36,1.1004871601667798e-13,F
15,33,25,9,0.36,4.47529417224677e-14,F
15,47,34,10,0.29411764705882354,5.612396601606916e-14,F
15,49,19,9,0.47368421052631576,4.0400205424985514e-14,F
15,54,18,9,0.5,9.190356944433278e-14,F
15,55,19,9,0.47368421052631576,1.3962684903678219e-13,F
15,59,27,9,0.3333333333333333,1.2435245975300768e-13,F
15,65,19,11,0.5789473684210527,5.4857892317281e-14,F
15,70,15,9,0.6,1.1894878257281277e-13,F
15,73,21,9,0.42857142857142855,1.1069261013438997e-13,F
15,75,26,9,0.34615384615384615,8.331987308212926e-14,F
15,87,31,10,0.3225806451612903,6.190627708808211e-14,F
15,89,16,9,0.5625,7.451682906790477e-14,F
15,91,16,9,0.5625,5.892503959813514e-14,F
15,109,20,9,0.45,1.770273787586249e-13,F
15,115,65,30,0.46153846153846156,0.09528705477714539,F
15,123,42,16,0.38095238095238093,0.01580508053302765,F
15,128,27,10,0.37037037037037035,7.335105423446689e-14,F
15,134,39,13,0.3333333333333333,8.309906175717544e-14,F
15,144,51,24,0.47058823529411764,0.07738921046257019,F
15,146,20,10,0.5,2.2014763059394205e-13,F
15,150,32,11,0.34375,8.02220228722679e-14,F
15,163,13,8,0.6153846153846154,2.2579736745718254e-14,F
15,165,35,17,0.4857142857142857,0.1461644172668457,F
15,166,21,11,0.5238095238095238,5.356521161955369e-14,F
15,183,22,10,0.45454545454545453,7.211076083046136e-14,F
15,190,17,9,0.5294117647058824,1.2245587844520595e-13,F
15,192,21,10,0.47619047619047616,5.724866652782878e-14,F
16,17,28,9,0.32142857142857145,1.3152246490250735e-13,F
16,20,14,8,0.5714285714285714,1.352830607953548e-13,F
16,23,31,10,0.3225806451612903,8.691475544917587e-14,F
16,29,30,10,0.3333333333333333,2.16230503012442e-13,F
16,39,32,12,0.375,9.562846120438756e-14,F
16,57,17,9,0.5294117647058824,1.0327569149263388e-13,F
16,68,13,7,0.5384615384615384,7.354714574988805e-14,F
16,71,29,10,0.3448275862068966,1.1398549476255432e-13,F
16,78,40,12,0.3,1.943577948321923e-13,F
16,83,30,10,0.3333333333333333,8.892747513844154e-14,F
16,86,31,10,0.3225806451612903,1.6170292643953588e-13,F
16,93,21,10,0.47619047619047616,1.1532067618544306e-13,F
16,96,29,12,0.41379310344827586,6.903417453570787e-14,F
16,124,18,9,0.5,8.559131729106786e-14,F
16,130,25,11,0.44,2.114731865099015e-13,F
16,137,35,10,0.2857142857142857,9.47453514298438e-14,F
16,142,30,10,0.3333333333333333,4.289870867389689e-13,F
16,145,36,10,0.2777777777777778,1.3900061386195456e-13,F
16,149,15,8,0.5333333333333333,5.6390564554019765e-14,F
16,168,26,10,0.38461538461538464,6.735978691062988e-14,F
16,169,24,12,0.5,6.601334333767445e-14,F
16,170,32,10,0.3125,1.3744180218846352e-13,F
16,175,34,11,0.3235294117647059,1.1150619544462309e-13,F
16,177,35,12,0.34285714285714286,5.948880439903687e-14,F
16,181,34,10,0.29411764705882354,1.0668916650743293e-13,F
16,184,27,10,0.37037037037037035,1.282752658433861e-13,F
16,186,30,9,0.3,1.6497520106202763e-14,F
17,23,29,9,0.3103448275862069,1.0894610273605096e-13,F
17,29,27,10,0.37037037037037035,1.203132103493043e-13,F
17,39,27,11,0.4074074074074074,1.5206115717720375e-13,F
17,64,33,13,0.3939393939393939,2.192277121556424e-13,F
17,68,14,8,0.5714285714285714,1.827601926133321e-13,F
17,71,38,11,0.2894736842105263,4.282282129808648e-14,F
17,78,27,11,0.4074074074074074,2.859102928368107e-13,F
17,83,30,11,0.36666666666666664,4.382242995131652e-13,F
17,86,27,11,0.4074074074074074,3.753584899499063e-13,F
17,93,15,8,0.5333333333333333,5.5267317550797626e-14,F
17,96,34,12,0.35294117647058826,2.433032345473124e-13,F
17,124,24,9,0.375,6.97548708248133e-14,F
17,130,22,10,0.45454545454545453,1.4410608123460733e-13,F
17,132,28,11,0.39285714285714285,1.606319515335547e-13,F
17,137,11,7,0.6363636363636364,3.9672827739992145e-14,F
17,142,25,10,0.4,9.974453988453869e-14,F
17,145,18,9,0.5,5.60132350929405e-14,F
17,149,29,10,0.3448275862068966,8.00563635565757e-14,F
17,168,29,9,0.3103448275862069,1.6106389767907292e-13,F
17,169,23,10,0.43478260869565216,1.5314485790618448e-13,F
17,170,26,10,0.38461538461538464,1.7844655874482696e-13,F
17,174,28,9,0.32142857142857145,1.429664492260535e-13,F
17,175,35,11,0.3142857142857143,9.745969222624273e-14,F
17,177,41,11,0.2682926829268293,9.063723485939687e-14,F
17,181,36,11,0.3055555555555556,1.520756719337879e-13,F
17,186,27,11,0.4074074074074074,5.767073559155567e-13,F
18,32,26,10,0.38461538461538464,5.825235313648008e-14,F
18,34,22,11,0.5,1.55218394561063e-13,F
18,41,25,9,0.36,7.856319354836508e-14,F
18,60,18,9,0.5,5.852628359162212e-14,F
18,66,15,8,0.5333333333333333,8.754317258087563e-14,F
18,69,21,10,0.47619047619047616,6.9622384029841e-13,F
18,74,20,9,0.45,1.2834479030769674e-13,F
18,85,17,8,0.47058823529411764,2.219035637749181e-13,F
18,92,32,12,0.375,2.0674109126039841e-13,F
18,101,33,14,0.42424242424242425,9.377799914649793e-14,F
18,102,18,11,0.6111111111111112,0.0,F
18,114,20,9,0.45,9.370432083261396e-14,F
18,117,17,8,0.47058823529411764,4.288071091783363e-13,F
18,119,27,12,0.4444444444444444,1.3869839250637422e-13,F
18,147,20,9,0.45,6.110643404038524e-14,F
18,153,19,10,0.5263157894736842,2.1086913682202835e-13,F
18,156,19,9,0.47368421052631576,4.975044288753165e-14,F
18,157,23,10,0.43478260869565216,1.0844748493318845e-13,F
18,172,25,9,0.36,5.127585774597834e-14,F
18,187,19,9,0.47368421052631576,1.1359736393733166e-13,F
18,191,17,9,0.5294117647058824,2.1675184162708167e-13,F
18,194,41,21,0.5121951219512195,0.2320742905139923,F
18,195,18,8,0.4444444444444444,1.6843731270865803e-13,F
19,47,20,9,0.45,1.68578855302276e-13,F
19,55,28,10,0.35714285714285715,2.1582975478443706e-13,F
19,59,22,9,0.4090909090909091,1.1554980876207072e-13,F
19,63,19,8,0.42105263157894735,1.1001652876468232e-13,F
19,65,28,9,0.32142857142857145,3.0363043893380515e-13,F
19,67,61,28,0.45901639344262296,0.2365889549255371,F
19,70,25,9,0.36,1.8273301979638418e-13,F
19,73,42,14,0.3333333333333333,0.1352556347846985,F
19,75,33,10,0.30303030303030304,1.1516325002999817e-13,F
19,79,25,10,0.4,1.5107644410657095e-13,F
19,87,33,11,0.3333333333333333,1.4282790174093701e-13,F
19,89,26,9,0.34615384615384615,1.163760250276133e-13,F
19,90,22,11,0.5,3.8391317035146866e-13,F
19,91,31,12,0.3870967741935484,4.952727138997359e-13,F
19,115,8,7,0.875,0.0,F
19,123,18,8,0.4444444444444444,1.365717028399896e-13,F
19,134,36,16,0.4444444444444444,0.05076354742050171,F
19,138,21,9,0.42857142857142855,4.637462289180938e-13,F
19,144,16,8,0.5,1.2252297700715564e-13,F
19,150,20,9,0.45,5.915188179767342e-14,F
19,165,23,10,0.43478260869565216,1.2128441155036251e-13,F
19,166,164,127,0.774390243902439,0.2037764936685562,F
19,183,22,9,0.4090909090909091,2.220018195967996e-13,F
19,190,20,9,0.45,1.4071050910818145e-13,F
19,198,17,8,0.47058823529411764,9.579595688750941e-14,F
20,26,24,11,0.4583333333333333,1.3189956397062497e-13,F
20,39,23,11,0.4782608695652174,1.3447744437108944e-13,F
20,40,255,219,0.8588235294117647,0.21232497692108154,F
20,44,17,9,0.5294117647058824,1.5759541295654739e-13,F
20,64,22,12,0.5454545454545454,1.3569309250446165e-13,F
20,68,12,7,0.5833333333333334,4.463156528925795e-14,F
20,71,15,8,0.5333333333333333,3.757866075065029e-14,F
20,78,17,9,0.5294117647058824,1.2256687364261415e-13,F
20,86,20,9,0.45,5.43561574331726e-14,F
20,93,13,7,0.5384615384615384,3.175557690068831e-14,F
20,124,11,7,0.6363636363636364,0.0,F
20,130,29,11,0.3793103448275862,9.94400823619776e-14,F
20,132,15,8,0.5333333333333333,9.28823261792805e-14,F
20,137,26,10,0.38461538461538464,5.0574439926752424e-14,F
20,142,17,9,0.5294117647058824,1.5593403575753922e-13,F
20,149,37,19,0.5135135135135135,0.04378943145275116,F
20,168,19,9,0.47368421052631576,7.089297139779849e-14,F
20,169,11,7,0.6363636363636364,1.854232370944453e-14,F
20,181,14,8,0.5714285714285714,7.607575593787663e-14,F
20,186,19,9,0.47368421052631576,1.1643595430269743e-13,F
21,31,24,10,0.4166666666666667,7.64345455418064e-14,F
21,36,20,10,0.5,2.5100893043771e-14,F
21,53,31,10,0.3225806451612903,2.187422335278577e-13,F
21,57,17,8,0.47058823529411764,3.654702544287139e-14,F
21,72,755,662,0.8768211920529801,0.2738267779350281,F
21,77,102,75,0.7352941176470589,0.29881489276885986,F
21,95,20,9,0.45,3.9858158548851386e-13,F
21,139,31,11,0.3548387096774194,8.61375586743568e-14,F
21,152,36,10,0.2777777777777778,4.63138913071176e-13,F
22,33,25,10,0.4,9.460238582087444e-14,F
22,47,19,9,0.47368421052631576,7.683928498905881e-14,F
22,49,9,7,0.7777777777777778,2.2767408753643706e-14,F
22,54,21,11,0.5238095238095238,1.9962066125523564e-14,F
22,59,12,7,0.5833333333333334,2.4104975421311917e-14,F
22,65,29,10,0.3448275862068966,7.445728603984458e-14,F
22,70,10,7,0.7,2.1149914637566894e-14,F
22,73,12,7,0.5833333333333334,2.1784428712420985e-14,F
22,75,23,9,0.391304347826087,6.797472605407293e-14,F
22,87,21,9,0.42857142857142855,1.5669578265140038e-13,F
22,89,17,10,0.5882352941176471,1.3504022661377235e-13,F
22,91,25,11,0.44,1.5879613975752077e-13,F
22,100,22,10,0.45454545454545453,3.81633777585353e-14,F
22,104,19,9,0.47368421052631576,3.7726515433791213e-14,F
22,109,53,29,0.5471698113207547,0.3559248447418213,F
22,115,21,10,0.47619047619047616,5.6259521780815946e-14,F
22,123,24,10,0.4166666666666667,3.8508394606742713e-13,F
22,128,25,12,0.48,3.9005643604362455e-14,F
22,134,24,9,0.375,9.347993164049093e-14,F
22,144,27,12,0.4444444444444444,3.6082692823208307e-13,F
22,146,18,9,0.5,3.123784325827217e-13,F
22,150,23,9,0.391304347826087,1.245987904865964e-13,F
22,163,12,7,0.5833333333333334,0.0,F
22,165,16,9,0.5625,1.2831715670482552e-13,F
22,166,16,9,0.5625,4.9073009653240185e-14,F
22,183,16,8,0.5,1.3912194963758284e-13,F
22,192,21,9,0.42857142857142855,7.873810924010488e-14,F
23,29,48,15,0.3125,0.04944821447134018,F
23,57,35,10,0.2857142857142857,1.378199041435907e-13,F
23,71,39,10,0.2564102564102564,1.24323918130817e-13,F
23,78,33,12,0.36363636363636365,1.252287932639734e-13,F
23,86,28,10,0.35714285714285715,8.05329246214917e-14,F
23,93,27,10,0.37037037037037035,5.443120455229933e-14,F
23,96,41,10,0.24390243902439024,4.4008771778701605e-13,F
23,124,27,9,0.3333333333333333,1.7611434500412054e-13,F
23,142,32,10,0.3125,1.7141884157793885e-13,F
23,149,15,8,0.5333333333333333,4.733820147396865e-14,F
23,169,43,11,0.2558139534883721,1.9685421099192163e-13,F
23,170,39,10,0.2564102564102564,2.6923575131496125e-13,F
23,175,38,11,0.2894736842105263,1.8913648045740944e-13,F
23,177,36,10,0.2777777777777778,6.88954373152112e-14,F
23,181,34,10,0.29411764705882354,2.4324303422168514e-13,F
23,184,35,11,0.3142857142857143,8.1000263191678e-14,F
24,25,29,10,0.3448275862068966,1.8910907724749987e-13,F
24,28,31,11,0.3548387096774194,2.0502508382442414e-13,F
24,35,26,11,0.4230769230769231,1.6908311773269902e-13,F
24,42,22,10,0.45454545454545453,1.1286346748677623e-13,F
24,43,31,11,0.3548387096774194,1.4749269514058305e-13,F
24,45,23,10,0.43478260869565216,1.0860242419990021e-13,F
24,50,26,10,0.38461538461538464,5.755566514923163e-14,F
24,61,21,9,0.42857142857142855,1.5920126545179714e-13,F
24,82,28,10,0.35714285714285715,1.0761907315824659e-13,F
24,84,1387,1306,0.9416005767844268,0.19882094860076904,F
24,88,34,10,0.29411764705882354,1.1961526875329392e-13,F
24,97,22,9,0.4090909090909091,2.293857920450393e-13,F
24,103,25,9,0.36,3.1898328379728613e-13,F
24,107,13,7,0.5384615384615384,3.0451671322343984e-14,F
24,113,14,8,0.5714285714285714,9.800019411428107e-14,F
24,116,22,10,0.45454545454545453,4.113454572080531e-14,F
24,118,39,24,0.6153846153846154,0.2044125497341156,F
24,121,15,10,0.6666666666666666,9.399565273262439e-14,F
24,126,25,11,0.44,1.3589366990637147e-13,F
24,133,14,8,0.5714285714285714,4.7796531001727954e-14,F
24,135,31,10,0.3225806451612903,3.107558698214885e-13,F
24,136,27,10,0.37037037037037035,1.8380907690004888e-13,F
24,140,33,10,0.30303030303030304,7.128943702722212e-14,F
24,158,21,10,0.47619047619047616,5.736899941644752e-14,F
24,159,26,9,0.34615384615384615,1.6453579763844178e-13,F
24,164,30,9,0.3,1.0471492921902692e-13,F
24,180,19,10,0.5263157894736842,5.74381376337342e-14,F
24,188,25,9,0.36,9.483240608803081e-14,F
25,28,24,10,0.4166666666666667,1.4716704146554987e-13,F
25,35,39,11,0.28205128205128205,1.3171480236790628e-13,F
25,42,126,76,0.6031746031746031,0.2336854636669159,F
25,43,41,11,0.2682926829268293,1.2879596748924943e-13,F
25,45,22,9,0.4090909090909091,1.4648326226041758e-13,F
25,61,29,11,0.3793103448275862,6.064913111655801e-14,F
25,80,33,10,0.30303030303030304,1.7050700044582423e-13,F
25,82,33,10,0.30303030303030304,8.88898194417384e-14,F
25,84,28,11,0.39285714285714285,8.225895415129789e-14,F
25,88,24,10,0.4166666666666667,1.0815653250393839e-13,F
25,97,35,10,0.2857142857142857,4.1861999977577113e-13,F
25,103,512,418,0.81640625,0.2900499999523163,F
25,107,28,9,0.32142857142857145,6.463183260070268e-14,F
25,118,28,10,0.35714285714285715,1.2154302087355462e-13,F
25,121,37,10,0.2702702702702703,1.6234312071733425e-13,F
25,126,33,11,0.3333333333333333,8.399613063468994e-14,F
25,135,23,10,0.43478260869565216,8.666622920618788e-14,F
25,136,24,10,0.4166666666666667,1.1335957129585128e-13,F
25,140,39,10,0.2564102564102564,5.090343836548772e-13,F
25,155,43,11,0.2558139534883721,1.0530568387775996e-13,F
25,161,30,11,0.36666666666666664,1.0083490168061662e-13,F
25,164,22,9,0.4090909090909091,2.6988355194862597e-14,F
25,180,28,10,0.35714285714285715,1.2878008392742252e-13,F
25,188,128,87,0.6796875,0.15543004870414734,F
26,39,15,10,0.6666666666666666,8.970146674058821e-14,F
26,40,130,107,0.823076923076923,0.12204224616289139,F
26,44,16,9,0.5625,1.0281589490380993e-13,F
26,64,17,9,0.5294117647058824,5.871216327783119e-14,F
26,68,17,11,0.6470588235294118,4.014628188805762e-14,F
26,71,10,7,0.7,0.0,F
26,78,17,9,0.5294117647058824,1.600293384135601e-13,F
26,93,13,7,0.5384615384615384,5.1269925127215774e-14,F
26,124,18,10,0.5555555555555556,1.2232862021521046e-13,F
26,130,19,10,0.5263157894736842,3.2104990866331506e-13,F
26,137,13,7,0.5384615384615384,4.524703298126008e-14,F
26,142,14,8,0.5714285714285714,2.327731106824271e-13,F
26,149,9,7,0.7777777777777778,9.377294235980282e-15,F
26,168,15,8,0.5333333333333333,1.329725582031524e-13,F
26,169,14,8,0.5714285714285714,9.637737385503192e-14,F
26,186,17,8,0.47058823529411764,9.98438392510112e-14,F
27,38,12,7,0.5833333333333334,4.652862093551015e-14,F
27,46,7,0,0.0,inf,none
27,58,93,69,0.7419354838709677,0.27668723464012146,F
27,62,10,7,0.7,4.669833584495381e-14,F
27,99,15,10,0.6666666666666666,4.860232767460448e-13,F
27,106,25,14,0.56,0.005078914575278759,F
27,111,19,4,0.21052631578947367,0.0,H
27,112,26,13,0.5,6.851032192728077e-14,F
27,122,13,7,0.5384615384615384,4.039383573722216e-14,F
27,148,16,9,0.5625,3.7743633630842044e-13,F
27,162,10,7,0.7,5.974080686524039e-14,F
27,167,26,14,0.5384615384615384,7.175732447475824e-14,F
27,193,8,7,0.875,0.0,F
28,35,17,9,0.5294117647058824,1.0893659563825098e-13,F
28,42,34,10,0.29411764705882354,1.3435492952559858e-13,F
28,45,24,10,0.4166666666666667,4.7768147944105e-13,F
28,61,21,9,0.42857142857142855,6.03040837751645e-14,F
28,80,19,9,0.47368421052631576,1.3380720414058606e-13,F
28,82,32,9,0.28125,1.258518300423922e-13,F
28,84,23,9,0.391304347826087,2.022061988335433e-13,F
28,88,339,276,0.8141592920353983,0.23446431756019592,F
28,97,23,9,0.391304347826087,3.24126793113666e-13,F
28,103,28,9,0.32142857142857145,7.130427704445802e-14,F
28,107,26,9,0.34615384615384615,2.9702390720587335e-13,F
28,118,23,9,0.391304347826087,1.2423911996840148e-13,F
28,121,31,9,0.2903225806451613,1.3098810230927072e-13,F
28,126,27,10,0.37037037037037035,1.2468620428675303e-13,F
28,129,19,9,0.47368421052631576,4.1658115759041214e-13,F
28,133,32,11,0.34375,1.0725928744357086e-13,F
28,135,30,10,0.3333333333333333,8.054987205670036e-14,F
28,136,22,9,0.4090909090909091,1.9855754681500498e-13,F
28,140,17,9,0.5294117647058824,3.722533620329621e-14,F
28,154,27,10,0.37037037037037035,1.2584822507016868e-13,F
28,158,23,11,0.4782608695652174,2.959176957292864e-13,F
28,159,19,9,0.47368421052631576,1.3271016772488375e-13,F
28,164,27,10,0.37037037037037035,9.203607927860125e-14,F
28,171,27,9,0.3333333333333333,8.9403771929078e-14,F
28,178,19,9,0.47368421052631576,6.913488336500462e-14,F
28,180,23,9,0.391304347826087,2.405508789122407e-13,F
28,188,29,10,0.3448275862068966,1.140726781697493e-13,F
29,39,14,8,0.5714285714285714,5.032703854351839e-14,F
29,64,14,8,0.5714285714285714,1.2706291097411282e-13,F
29,68,25,10,0.4,3.4096992807333693e-13,F
29,71,24,10,0.4166666666666667,2.443327658252503e-13,F
29,78,19,9,0.47368421052631576,2.2641013142001704e-13,F
29,83,16,8,0.5,5.78943699079161e-14,F
29,86,20,9,0.45,0.0,F
29,93,25,10,0.4,9.073568719292213e-14,F
29,96,14,8,0.5714285714285714,4.8498941543568055e-14,F
29,124,12,7,0.5833333333333334,2.717162771366001e-14,F
29,130,17,9,0.5294117647058824,1.5443671189975527e-13,F
29,132,14,8,0.5714285714285714,1.7586897649995992e-13,F
29,137,10,7,0.7,4.2917380668186164e-14,F
29,142,19,11,0.5789473684210527,1.2410690151346687e-13,F
29,145,18,9,0.5,2.323891404830414e-13,F
29,149,14,8,0.5714285714285714,5.554293190743881e-14,F
29,168,17,9,0.5294117647058824,1.0185569835480246e-13,F
29,169,17,9,0.5294117647058824,6.177430935489989e-14,F
29,170,14,8,0.5714285714285714,1.140543551530343e-13,F
29,175,16,9,0.5625,3.708102618363296e-13,F
29,177,12,7,0.5833333333333334,4.912974053191549e-14,F
29,181,18,10,0.5555555555555556,3.0189392652424374e-13,F
29,186,18,10,0.5555555555555556,3.7872618452797213e-13,F
30,31,17,8,0.47058823529411764,1.427940610806283e-13,F
30,32,11,7,0.6363636363636364,1.2081490118769946e-14,F
30,36,300,266,0.8866666666666667,0.23771952092647552,F
30,52,14,8,0.5714285714285714,2.7971144823078775e-13,F
30,53,18,9,0.5,1.8234244951627343e-13,F
30,56,8,7,0.875,2.813435519711388e-14,F
30,66,15,9,0.6,1.6496912614172993e-13,F
30,69,28,10,0.35714285714285715,1.461502089055572e-13,F
30,98,20,9,0.45,5.853964638339801e-14,F
30,105,17,9,0.5294117647058824,5.906628403615569e-14,F
30,127,14,8,0.5714285714285714,1.3053647789432188e-13,F
30,131,16,8,0.5,1.568393852291461e-13,F
30,139,10,7,0.7,3.6142343593859386e-14,F
30,152,8,7,0.875,0.0,F
30,153,15,8,0.5333333333333333,6.457092754366331e-14,F
30,173,11,7,0.6363636363636364,1.3391434194995246e-14,F
30,196,14,8,0.5714285714285714,1.5333703274125754e-13,F
31,36,15,8,0.5333333333333333,2.922741259084316e-13,F
31,52,11,7,0.6363636363636364,3.334829360899204e-14,F
31,53,21,9,0.42857142857142855,2.3707671568083677e-13,F
31,57,26,9,0.34615384615384615,1.0723347665560212e-13,F
31,72,21,9,0.42857142857142855,1.113862488030283e-13,F
31,77,24,9,0.375,1.5990750119442704e-13,F
31,95,27,10,0.37037037037037035,1.2731506929437864e-13,F
31,98,21,9,0.42857142857142855,4.14361639889272e-14,F
31,127,25,9,0.36,2.430031544910227e-13,F
31,139,31,10,0.3225806451612903,1.0842689864443839e-13,F
31,152,17,9,0.5294117647058824,1.893088821553618e-13,F
31,173,14,8,0.5714285714285714,4.667539819274216e-14,F
31,184,36,12,0.3333333333333333,2.680697460885617e-13,F
31,196,27,9,0.3333333333333333,1.6599745124475096e-13,F
32,34,18,9,0.5,1.983290105495722e-13,F
32,36,13,7,0.5384615384615384,3.923059861449425e-14,F
32,41,28,12,0.42857142857142855,1.2966400685359564e-13,F
32,52,11,7,0.6363636363636364,5.743767007154732e-14,F
32,60,33,10,0.30303030303030304,1.8460249604987378e-13,F
32,66,19,9,0.47368421052631576,9.208142603446545e-14,F
32,69,56,37,0.6607142857142857,0.14904573559761047,F
32,85,34,12,0.35294117647058826,3.4076653174577864e-13,F
32,98,20,9,0.45,4.114110853208064e-14,F
32,101,20,9,0.45,2.2584266000293812e-13,F
32,102,25,9,0.36,4.870381509658635e-14,F
32,105,19,9,0.47368421052631576,2.332668021416684e-13,F
32,117,29,10,0.3448275862068966,6.840945453341629e-13,F
32,119,22,9,0.4090909090909091,2.882484290318843e-14,F
32,127,36,12,0.3333333333333333,1.358411538636417e-13,F
32,131,23,9,0.391304347826087,8.287855536408262e-14,F
32,139,30,10,0.3333333333333333,2.0519118359724892e-13,F
32,147,26,11,0.4230769230769231,2.659039980389133e-13,F
32,152,29,9,0.3103448275862069,1.3600522075739307e-13,F
32,153,25,9,0.36,2.934882426062352e-13,F
32,157,22,10,0.45454545454545453,3.4661206196884287e-13,F
32,172,29,11,0.3793103448275862,1.2548444813624549e-13,F
32,173,24,11,0.4583333333333333,8.799361792596189e-14,F
32,187,19,8,0.42105263157894735,7.521545506653654e-14,F
32,194,21,10,0.47619047619047616,4.9023783486477554e-14,F
32,196,29,10,0.3448275862068966,1.2735392438973508e-13,F
33,47,18,9,0.5,8.210826360184956e-14,F
33,49,15,8,0.5333333333333333,6.038788582683405e-14,F
33,54,23,11,0.4782608695652174,7.5896469556129e-14,F
33,55,9,7,0.7777777777777778,2.283703486190801e-14,F
33,59,20,10,0.5,1.3912657104934306e-13,F
33,65,37,15,0.40540540540540543,0.08303581923246384,F
33,70,16,8,0.5,8.31509611599196e-14,F
33,73,27,12,0.4444444444444444,1.6796733817193987e-13,F
33,75,18,9,0.5,7.321838854613613e-14,F
33,79,16,9,0.5625,1.1899453590449166e-13,F
33,87,45,13,0.28888888888888886,9.327660307556843e-14,F
33,89,71,40,0.5633802816901409,0.3994681239128113,F
33,91,24,10,0.4166666666666667,3.884970822690473e-14,F
33,100,24,10,0.4166666666666667,7.935315680376517e-14,F
33,104,24,11,0.4583333333333333,9.642156186982428e-14,F
33,109,18,9,0.5,1.548668962167432e-13,F
33,115,18,9,0.5,4.792379600798702e-13,F
33,123,12,7,0.5833333333333334,0.0,F
33,128,22,10,0.45454545454545453,1.4004638106742545e-13,F
33,134,15,8,0.5333333333333333,1.0169694405169627e-13,F
33,144,22,10,0.45454545454545453,2.1348333799527108e-13,F
33,146,107,66,0.616822429906542,0.23057207465171814,F
33,150,21,10,0.47619047619047616,8.718623289690267e-14,F
33,163,24,11,0.4583333333333333,2.8176747502058064e-13,F
33,166,19,9,0.47368421052631576,1.251571952630079e-13,F
33,183,266,204,0.7669172932330827,0.27341461181640625,F
33,192,12,7,0.5833333333333334,2.530903106176801e-14,F
34,41,19,9,0.47368421052631576,6.050365151380119e-14,F
34,53,12,8,0.6666666666666666,8.593266479254777e-14,F
34,60,20,10,0.5,4.1260397876108357e-14,F
34,66,18,10,0.5555555555555556,1.2397144400454196e-13,F
34,69,11,7,0.6363636363636364,5.6051331246776206e-14,F
34,74,25,11,0.44,1.4006874273723297e-13,F
34,85,13,8,0.6153846153846154,0.0,F
34,92,15,8,0.5333333333333333,1.6514774844964691e-13,F
34,98,17,10,0.5882352941176471,5.48822021628672e-14,F
34,101,17,9,0.5294117647058824,3.6590413858561543e-14,F
34,102,19,9,0.47368421052631576,8.113065883171011e-14,F
34,114,64,44,0.6875,0.20104901492595673,F
34,117,302,282,0.9337748344370861,0.2541004419326782,F
34,119,22,10,0.45454545454545453,2.1710591495156112e-13,F
34,127,20,9,0.45,2.7260686112987043e-13,F
34,131,13,7,0.5384615384615384,3.63360125950514e-14,F
34,147,11,7,0.6363636363636364,0.0,F
34,152,25,9,0.36,7.742362930244703e-14,F
34,153,25,10,0.4,1.262828275110095e-13,F
34,156,18,9,0.5,6.649754802790647e-14,F
34,157,18,9,0.5,1.5794708748372022e-13,F
34,172,17,9,0.5294117647058824,1.0659238113474787e-13,F
34,187,12,8,0.6666666666666666,1.9383312229587224e-14,F
34,191,16,9,0.5625,1.565478568174919e-13,F
34,194,20,9,0.45,2.4998159466917136e-13,F
34,195,25,10,0.4,7.73410537544851e-14,F
34,196,18,9,0.5,5.537507030608374e-14,F
35,42,22,10,0.45454545454545453,2.942911281962786e-14,F
35,45,25,10,0.4,2.4749852774869074e-13,F
35,51,22,13,0.5909090909090909,8.80752285339903e-13,F
35,61,39,17,0.4358974358974359,9.007677687512122e-14,F
35,80,21,9,0.42857142857142855,2.840248652588584e-13,F
35,82,14,8,0.5714285714285714,2.1222539242464478e-13,F
35,84,19,10,0.5263157894736842,4.735399355623726e-13,F
35,88,18,8,0.4444444444444444,7.259583965869496e-14,F
35,97,54,30,0.5555555555555556,0.14635682106018066,F
35,103,10,7,0.7,0.0,F
35,107,14,8,0.5714285714285714,1.9123285312054594e-13,F
35,118,13,7,0.5384615384615384,1.2215932035191095e-14,F
35,121,22,9,0.4090909090909091,7.602378877249669e-14,F
35,126,17,8,0.47058823529411764,1.5721163249254183e-13,F
35,129,20,9,0.45,2.2012979546820466e-13,F
35,133,20,9,0.45,1.0862427087367579e-13,F
35,135,16,9,0.5625,1.5663341392142816e-13,F
35,136,24,9,0.375,1.0018917797173857e-13,F
35,151,9,7,0.7777777777777778,2.9635700767331394e-14,F
35,154,19,8,0.42105263157894735,5.863277935001451e-14,F
35,158,23,9,0.391304347826087,2.0424804967993093e-13,F
35,164,31,12,0.3870967741935484,3.6749970471275373e-13,F
35,171,14,8,0.5714285714285714,1.185317848647477e-13,F
35,178,27,10,0.37037037037037035,2.5380267549071633e-13,F
35,180,13,7,0.5384615384615384,0.0,F
35,188,17,9,0.5294117647058824,2.592956773773969e-13,F
36,52,17,9,0.5294117647058824,7.641532128203551e-14,F
36,53,11,7,0.6363636363636364,0.0,F
36,56,19,9,0.47368421052631576,8.583785808882749e-14,F
36,57,12,8,0.6666666666666666,1.8114299326472093e-14,F
36,66,16,8,0.5,1.162617907762148e-13,F
36,69,16,9,0.5625,7.723476128400006e-14,F
36,72,14,8,0.5714285714285714,4.149646257037634e-14,F
36,98,27,10,0.37037037037037035,8.402091956211111e-13,F
36,105,13,7,0.5384615384615384,0.0,F
36,119,10,7,0.7,7.763973112421413e-14,F
36,127,8,7,0.875,0.0,F
36,131,19,9,0.47368421052631576,1.4847724558088998e-13,F
36,139,12,7,0.5833333333333334,2.7698358540041886e-14,F
36,152,21,9,0.42857142857142855,5.815099378587985e-14,F
36,153,19,9,0.47368421052631576,1.4219437530649942e-13,F
36,173,12,8,0.6666666666666666,2.7306839583030214e-14,F
36,184,21,9,0.42857142857142855,4.2009792996719475e-13,F
36,196,20,9,0.45,4.761932154476699e-14,F
37,76,162,126,0.7777777777777778,0.14725366234779358,F
37,81,498,407,0.8172690763052208,0.1579701155424118,F
37,94,25,11,0.44,7.559935072702292e-14,F
37,116,31,10,0.3225806451612903,3.228461335075261e-14,F
37,125,24,9,0.375,1.152645822755441e-13,F
37,141,3029,2977,0.9828326180257511,0.16145148873329163,F
37,143,504,430,0.8531746031746031,0.17534977197647095,F
37,176,30,10,0.3333333333333333,2.88001176726449e-13,F
37,179,31,9,0.2903225806451613,1.0734564414660933e-13,F
37,199,5096,5082,0.9972527472527473,0.1452559232711792,F
38,46,25,10,0.4,6.770805975348654e-14,F
38,58,21,10,0.47619047619047616,8.965080739407882e-14,F
38,62,20,10,0.5,7.630060591592297e-14,F
38,99,21,9,0.42857142857142855,5.4149871029198285e-14,F
38,106,22,9,0.4090909090909091,9.689094687161115e-14,F
38,111,83,53,0.6385542168674698,0.2640684247016907,F
38,112,17,8,0.47058823529411764,5.556108551756436e-14,F
38,122,28,10,0.35714285714285715,2.1605635303848653e-13,F
38,148,23,10,0.43478260869565216,1.4094538795632328e-13,F
38,162,198,164,0.8282828282828283,0.3600637912750244,F
38,167,20,9,0.45,8.065312876110245e-14,F
38,193,14,8,0.5714285714285714,1.1201645486831266e-13,F
39,40,18,11,0.6111111111111112,1.2292426733624684e-13,F
39,44,11,8,0.7272727272727273,7.940276582941996e-14,F
39,64,7,0,0.0,inf,none
39,68,19,9,0.47368421052631576,9.164407920687553e-14,F
39,71,15,10,0.6666666666666666,1.523666175867744e-13,F
39,78,11,8,0.7272727272727273,4.4601651473692716e-14,F
39,83,12,7,0.5833333333333334,2.5973652075699308e-14,F
39,86,16,9,0.5625,8.615823305453338e-14,F
39,93,14,8,0.5714285714285714,2.845069828599084e-13,F
39,124,16,10,0.625,1.2426499174274241e-13,F
39,130,960,841,0.8760416666666667,0.3092111051082611,F
39,132,9,7,0.7777777777777778,0.0,F
39,137,24,13,0.5416666666666666,4.742216818884315e-13,F
39,142,23,11,0.4782608695652174,3.5303205671299853e-13,F
39,145,14,8,0.5714285714285714,2.061651359613198e-13,F
39,149,14,8,0.5714285714285714,3.618072773889716e-14,F
39,168,19,9,0.47368421052631576,5.323517709011731e-14,F
39,169,18,9,0.5,9.34570481983879e-14,F
39,174,6,0,0.0,inf,none
39,175,16,9,0.5625,2.705757167799361e-13,F
39,177,8,7,0.875,5.5181099761162505e-14,F
39,181,12,8,0.6666666666666666,2.5046554186138742e-14,F
39,186,22,11,0.5,6.571457110025533e-14,F
40,44,12,7,0.5833333333333334,3.126068943092551e-14,F
40,64,13,7,0.5384615384615384,6.958870328935274e-14,F
40,68,21,10,0.47619047619047616,1.0085874735214773e-13,F
40,71,14,8,0.5714285714285714,3.2769368273587174e-13,F
40,78,21,9,0.42857142857142855,1.965296821766424e-13,F
40,93,18,9,0.5,4.418639526536719e-14,F
40,124,14,8,0.5714285714285714,5.279322917955791e-14,F
40,130,16,8,0.5,1.1673417766276672e-13,F
40,132,13,7,0.5384615384615384,0.0,F
40,137,25,10,0.4,2.9425127699017617e-13,F
40,142,16,9,0.5625,5.253708302817642e-14,F
40,149,20,11,0.55,1.316598875278699e-13,F
40,168,17,9,0.5294117647058824,2.1520129699515583e-13,F
40,169,17,9,0.5294117647058824,7.700152906790769e-14,F
40,186,10,7,0.7,0.0,F
41,52,28,10,0.35714285714285715,7.364031259782244e-14,F
41,53,29,11,0.3793103448275862,1.8284957152992637e-13,F
41,60,24,11,0.4583333333333333,3.9939351739043394e-14,F
41,66,16,9,0.5625,7.805641712415462e-14,F
41,69,20,10,0.5,7.292307220314181e-14,F
41,74,20,9,0.45,1.8000523489304643e-13,F
41,85,415,361,0.8698795180722891,0.24240617454051971,F
41,98,26,10,0.38461538461538464,7.314796283876962e-14,F
41,101,24,10,0.4166666666666667,1.434456936913464e-13,F
41,102,19,10,0.5263157894736842,5.969177382198973e-14,F
41,117,14,8,0.5714285714285714,1.3159465921466773e-13,F
41,119,17,8,0.47058823529411764,6.852781146357567e-14,F
41,127,22,9,0.4090909090909091,7.511196525866737e-13,F
41,131,25,10,0.4,1.0735415513366334e-13,F
41,139,17,8,0.47058823529411764,1.0017536794656653e-13,F
41,147,29,12,0.41379310344827586,1.5821068413690575e-13,F
41,152,22,9,0.4090909090909091,1.4579567479515443e-13,F
41,153,24,11,0.4583333333333333,2.6731987120848927e-14,F
41,156,26,9,0.34615384615384615,1.5404017850769586e-13,F
41,157,26,13,0.5,9.988612313573814e-14,F
41,172,55,28,0.509090909090909,0.1510118693113327,F
41,184,14,8,0.5714285714285714,8.03919105764328e-14,F
41,187,14,8,0.5714285714285714,1.304736890360078e-13,F
41,191,17,9,0.5294117647058824,9.691093684916635e-14,F
41,194,23,10,0.43478260869565216,3.236167844117288e-13,F
41,196,28,11,0.39285714285714285,3.86940201830676e-14,F
42,45,28,11,0.39285714285714285,6.530052784311027e-14,F
42,61,30,10,0.3333333333333333,7.523109468287464e-14,F
42,80,34,10,0.29411764705882354,1.3920388821676843e-13,F
42,82,28,9,0.32142857142857145,2.1659327705935566e-13,F
42,84,32,9,0.28125,1.182090043254716e-13,F
42,88,36,11,0.3055555555555556,1.0336417594243585e-13,F
42,97,27,9,0.3333333333333333,1.428539090405495e-13,F
42,103,240,191,0.7958333333333333,0.16414010524749756,F
42,107,32,10,0.3125,1.717606092077606e-13,F
42,113,20,9,0.45,7.590649164996091e-14,F
42,116,26,9,0.34615384615384615,1.1186675365334672e-13,F
42,118,22,9,0.4090909090909091,2.1954096526832778e-13,F
42,121,31,10,0.3225806451612903,7.346003010532884e-14,F
42,126,30,11,0.36666666666666664,1.2178635649864183e-13,F
42,133,26,9,0.34615384615384615,1.751686090015886e-13,F
42,135,30,11,0.36666666666666664,8.217913654261222e-14,F
42,136,29,10,0.3448275862068966,3.0228432062150146e-13,F
42,140,29,9,0.3103448275862069,7.209198380408663e-14,F
42,158,26,9,0.34615384615384615,5.5533977075120436e-14,F
42,159,19,10,0.5263157894736842,6.238759509002989e-14,F
42,161,34,11,0.3235294117647059,9.08758474287702e-14,F
42,164,25,9,0.36,2.995796156719105e-13,F
42,180,30,9,0.3,2.611665766462379e-13,F
42,188,52,16,0.3076923076923077,1.0812301710428143e-13,F
43,61,40,10,0.25,1.6150080404953027e-13,F
43,82,34,10,0.29411764705882354,1.650441935896474e-13,F
43,84,48,10,0.20833333333333334,6.333573666613204e-14,F
43,121,33,10,0.30303030303030304,1.0382633067098496e-13,F
43,155,46,12,0.2608695652173913,1.0969074634064116e-13,F
43,161,41,10,0.24390243902439024,1.6614072856184492e-13,F
43,189,44,10,0.22727272727272727,9.84199836429403e-14,F
44,57,17,8,0.47058823529411764,8.917309436435455e-14,F
44,64,9,7,0.7777777777777778,0.0,F
44,83,14,8,0.5714285714285714,9.858406408921883e-14,F
44,95,14,8,0.5714285714285714,5.709695953884375e-14,F
44,130,17,8,0.47058823529411764,1.8148498112310896e-13,F
44,132,14,8,0.5714285714285714,6.603216779789423e-14,F
44,137,17,9,0.5294117647058824,6.426392892226046e-14,F
44,145,12,7,0.5833333333333334,0.0,F
44,149,19,9,0.47368421052631576,6.570324118755286e-14,F
44,174,14,8,0.5714285714285714,3.373209101365654e-14,F
44,177,9,7,0.7777777777777778,2.5519833845417082e-14,F
44,186,9,7,0.7777777777777778,3.479585936332248e-14,F
45,50,16,10,0.625,1.1708684152442195e-13,F
45,61,22,9,0.4090909090909091,7.400807397472953e-14,F
45,80,233,200,0.8583690987124464,0.2053995281457901,F
45,82,27,9,0.3333333333333333,7.151699751069968e-14,F
45,84,19,9,0.47368421052631576,1.5353729843504277e-13,F
45,88,22,9,0.4090909090909091,1.1281240156445216e-13,F
45,97,17,8,0.47058823529411764,1.7311967018349833e-13,F
45,103,28,9,0.32142857142857145,7.549191984425677e-14,F
45,107,89,63,0.7078651685393258,0.06259080022573471,F
45,113,15,9,0.6,2.0343979051287014e-13,F
45,116,28,10,0.35714285714285715,1.3865186668064744e-13,F
45,118,24,10,0.4166666666666667,1.3587513004922197e-13,F
45,120,15,9,0.6,1.1134948757311747e-13,F
45,121,32,11,0.34375,1.7662660342556563e-13,F
45,126,50,19,0.38,0.13517449796199799,F
45,135,24,10,0.4166666666666667,1.5667309572094112e-13,F
45,136,23,9,0.391304347826087,1.2856741767128949e-13,F
45,140,35,11,0.3142857142857143,1.481241344858386e-13,F
45,158,27,9,0.3333333333333333,1.3757803219143633e-13,F
45,159,16,8,0.5,1.723827515193871e-13,F
45,164,9,7,0.7777777777777778,2.349425111381441e-14,F
45,180,21,9,0.42857142857142855,7.799827678265508e-14,F
45,188,18,9,0.5,8.627296197317308e-14,F
46,62,27,10,0.37037037037037035,1.3250255656137994e-13,F
46,63,23,10,0.43478260869565216,1.1226174883357393e-13,F
46,99,28,11,0.39285714285714285,2.0335125185295955e-13,F
46,106,27,12,0.4444444444444444,8.448101972754335e-14,F
46,111,23,10,0.43478260869565216,5.71224857237422e-14,F
46,112,26,10,0.38461538461538464,1.6584474136875638e-13,F
46,122,181,135,0.7458563535911602,0.30766838788986206,F
46,162,20,9,0.45,8.91752085585909e-14,F
46,167,27,12,0.4444444444444444,1.494658753318709e-13,F
46,193,19,9,0.47368421052631576,3.106837703770182e-13,F
47,49,37,10,0.2702702702702703,1.5031181052442555e-13,F
47,54,37,11,0.2972972972972973,2.795529649782247e-13,F
47,59,34,10,0.29411764705882354,6.753451964325308e-14,F
47,63,28,11,0.39285714285714285,3.230720202538999e-14,F
47,70,23,9,0.391304347826087,9.886902630146591e-14,F
47,75,15,8,0.5333333333333333,7.171595538561434e-14,F
47,87,35,11,0.3142857142857143,1.763886074961779e-13,F
47,89,27,11,0.4074074074074074,2.7895079909162623e-13,F
47,109,24,9,0.375,3.579313562662896e-14,F
47,115,27,10,0.37037037037037035,3.606090035954135e-13,F
47,123,36,11,0.3055555555555556,5.725899355352171e-14,F
47,144,33,13,0.3939393939393939,4.462184812728705e-14,F
47,150,46,11,0.2391304347826087,5.1330047525811884e-14,F
47,165,30,11,0.36666666666666664,8.858516540753356e-14,F
47,166,28,11,0.39285714285714285,2.5551975357633594e-13,F
47,183,25,10,0.4,1.1646078253244735e-13,F
47,190,20,9,0.45,7.146875051402407e-14,F
47,192,30,10,0.3333333333333333,1.916665746471216e-13,F
48,51,15,8,0.5333333333333333,8.749555577671278e-14,F
48,77,24,11,0.4583333333333333,4.766276349293941e-13,F
48,80,31,11,0.3548387096774194,1.5841718399318278e-13,F
48,129,356,294,0.8258426966292135,0.22169846296310425,F
48,133,15,8,0.5333333333333333,6.818130722551288e-14,F
48,151,17,8,0.47058823529411764,8.462136292250802e-14,F
48,154,31,12,0.3870967741935484,2.813835048211949e-13,F
48,164,21,9,0.42857142857142855,6.570022575026063e-14,F
48,171,19,9,0.47368421052631576,2.1883088060798556e-13,F
48,178,31,10,0.3225806451612903,1.3789872564153038e-13,F
49,54,14,8,0.5714285714285714,6.74012440912003e-14,F
49,55,17,9,0.5294117647058824,1.2179390525626776e-13,F
49,59,10,7,0.7,2.2319965293322516e-14,F
49,65,22,11,0.5,2.1137592002250238e-13,F
49,73,29,10,0.3448275862068966,7.149010929682204e-14,F
49,87,15,8,0.5333333333333333,1.545177153545671e-13,F
49,89,12,7,0.5833333333333334,1.3245476018623227e-14,F
49,104,13,8,0.6153846153846154,2.4071083939026378e-14,F
49,109,23,9,0.391304347826087,6.597295680674936e-14,F
49,115,15,8,0.5333333333333333,1.2273472169144206e-13,F
49,123,23,9,0.391304347826087,1.724098023635906e-13,F
49,128,10,7,0.7,3.896893997269203e-14,F
49,134,15,8,0.5333333333333333,1.3126602398366022e-13,F
49,144,15,9,0.6,1.451235372108492e-13,F
49,146,21,9,0.42857142857142855,1.3198181425793515e-13,F
49,163,18,9,0.5,3.5568488258863606e-13,F
49,183,26,9,0.34615384615384615,6.229261220345658e-14,F
49,192,17,8,0.47058823529411764,5.076805132970402e-14,F
50,84,14,8,0.5714285714285714,1.86113128489325e-14,F
50,103,13,7,0.5384615384615384,3.431650986594412e-14,F
50,107,25,9,0.36,2.4813630967665534e-13,F
50,113,54,31,0.5740740740740741,0.07296432554721832,F
50,116,22,9,0.4090909090909091,1.0354972359172959e-13,F
50,118,21,10,0.47619047619047616,1.2518451715775453e-13,F
50,120,24,9,0.375,8.713064720677205e-14,F
50,126,28,10,0.35714285714285715,1.3182844030810992e-13,F
50,135,31,11,0.3548387096774194,1.2584319708259378e-13,F
50,136,51,20,0.39215686274509803,0.09372849017381668,F
50,140,30,9,0.3,1.3118170015969516e-13,F
50,159,1418,1270,0.8956276445698167,0.16553446650505066,F
51,80,19,8,0.42105263157894735,1.4957986563778058e-13,F
51,82,23,9,0.391304347826087,1.605379241001459e-13,F
51,129,19,8,0.42105263157894735,2.502333735186768e-13,F
51,133,18,10,0.5555555555555556,7.345870873393112e-14,F
51,151,17,8,0.47058823529411764,5.141855569253638e-14,F
51,154,25,10,0.4,9.446892730970505e-14,F
51,158,15,8,0.5333333333333333,1.1754051237097135e-13,F
51,161,18,8,0.4444444444444444,2.583626671978645e-13,F
51,164,235,193,0.8212765957446808,0.1978944092988968,F
51,171,12,7,0.5833333333333334,2.0233956925328617e-14,F
51,178,20,9,0.45,2.76537581896108e-13,F
51,180,26,9,0.34615384615384615,4.4256333081756083e-13,F
52,53,21,10,0.47619047619047616,6.445768398199991e-13,F
52,60,15,8,0.5333333333333333,1.2405603887905015e-13,F
52,66,13,7,0.5384615384615384,5.038539233732063e-14,F
52,69,10,7,0.7,6.755232766393615e-14,F
52,98,13,7,0.5384615384615384,2.235716867443182e-14,F
52,101,15,8,0.5333333333333333,7.923543277662398e-14,F
52,102,14,8,0.5714285714285714,2.9557121182001433e-13,F
52,105,15,9,0.6,2.1086120859364205e-13,F
52,119,17,10,0.5882352941176471,8.589200043481598e-14,F
52,127,16,9,0.5625,1.0276663146759762e-13,F
52,131,17,8,0.47058823529411764,3.133159964113785e-14,F
52,139,21,9,0.42857142857142855,1.9238628837800822e-14,F
52,147,17,8,0.47058823529411764,6.600444610359649e-14,F
52,152,21,9,0.42857142857142855,7.724103610407332e-14,F
52,153,14,8,0.5714285714285714,1.2096477519738663e-13,F
52,157,23,12,0.5217391304347826,5.677929372331636e-13,F
52,172,21,9,0.42857142857142855,2.523527990305058e-13,F
52,173,20,9,0.45,8.917718045129211e-14,F
52,184,18,8,0.4444444444444444,2.082319234576746e-13,F
52,187,17,9,0.5294117647058824,2.858136091080793e-13,F
52,194,17,8,0.47058823529411764,1.5221072286689813e-13,F
52,196,26,12,0.46153846153846156,3.7905027966238236e-13,F
53,60,15,8,0.5333333333333333,9.653592487023077e-14,F
53,66,11,7,0.6363636363636364,1.566125464177396e-14,F
53,69,16,8,0.5,1.5684105218998629e-13,F
53,72,19,9,0.47368421052631576,8.913138646203175e-14,F
53,74,14,8,0.5714285714285714,0.0,F
53,85,20,10,0.5,1.6350316283178512e-13,F
53,98,31,17,0.5483870967741935,0.08318823575973511,F
53,101,19,9,0.47368421052631576,6.022509422588807e-13,F
53,102,11,7,0.6363636363636364,4.0469635021606054e-14,F
53,114,18,10,0.5555555555555556,1.419706908457885e-13,F
53,127,16,8,0.5,7.27099993711941e-14,F
53,131,17,8,0.47058823529411764,6.149175949248659e-14,F
53,139,7,0,0.0,inf,none
53,147,19,8,0.42105263157894735,1.454075033123503e-13,F
53,152,45,30,0.6666666666666666,0.17529740929603577,F
53,156,19,9,0.47368421052631576,1.0929743845004489e-13,F
53,191,8,7,0.875,2.7034799705426445e-14,F
53,194,9,7,0.7777777777777778,0.0,F
53,195,19,9,0.47368421052631576,1.7207329311430541e-13,F
53,196,13,7,0.5384615384615384,2.759111569859002e-14,F
54,59,19,8,0.42105263157894735,1.0201452042054443e-13,F
54,65,15,8,0.5333333333333333,1.0485014278246302e-13,F
54,73,24,9,0.375,1.3202295973038097e-13,F
54,87,14,8,0.5714285714285714,5.903474730546351e-14,F
54,89,17,8,0.47058823529411764,1.0484121166706717e-13,F
54,91,16,9,0.5625,4.896587014980788e-14,F
54,100,14,8,0.5714285714285714,1.286678554500431e-13,F
54,104,11,8,0.7272727272727273,3.254873177623366e-14,F
54,109,17,8,0.47058823529411764,6.090484019893871e-14,F
54,115,22,10,0.45454545454545453,1.2533995109170748e-13,F
54,128,17,8,0.47058823529411764,1.0712146501865721e-13,F
54,134,14,8,0.5714285714285714,7.61033150018485e-14,F
54,144,15,8,0.5333333333333333,9.643398276096282e-14,F
54,146,20,9,0.45,2.2085923313732575e-13,F
54,163,25,9,0.36,9.882517709985245e-14,F
54,183,20,10,0.5,4.617651747085283e-13,F
54,192,24,9,0.375,5.918225978729375e-14,F
55,59,12,7,0.5833333333333334,1.438820647369811e-14,F
55,65,12,7,0.5833333333333334,3.9082872680361314e-14,F
55,67,13,7,0.5384615384615384,2.2452282004079005e-14,F
55,70,9,7,0.7777777777777778,3.3700672867576983e-14,F
55,73,27,11,0.4074074074074074,1.1416437456848727e-13,F
55,75,13,8,0.6153846153846154,4.360467336598367e-14,F
55,79,61,35,0.5737704918032787,0.1959819793701172,F
55,87,19,9,0.47368421052631576,4.3055785851767517e-14,F
55,89,20,10,0.5,1.2693795667373386e-13,F
55,91,16,8,0.5,6.069682245962021e-14,F
55,100,16,8,0.5,8.260913112421997e-14,F
55,104,13,7,0.5384615384615384,0.0,F
55,109,20,9,0.45,2.136898107464938e-13,F
55,115,12,9,0.75,3.2495239951548655e-14,F
55,123,18,8,0.4444444444444444,2.57818506127494e-13,F
55,128,8,7,0.875,0.0,F
55,134,14,8,0.5714285714285714,3.166351797184892e-14,F
55,144,13,7,0.5384615384615384,2.210057867778597e-14,F
55,146,26,11,0.4230769230769231,7.605323841400682e-14,F
55,150,21,10,0.47619047619047616,6.44896733670991e-14,F
55,165,9,7,0.7777777777777778,4.052323187837652e-14,F
55,166,14,8,0.5714285714285714,1.5084014224307773e-13,F
55,183,16,9,0.5625,1.5773875803627713e-13,F
55,190,12,7,0.5833333333333334,0.0,F
55,198,27,10,0.37037037037037035,2.443586782571727e-13,F
56,72,19,10,0.5263157894736842,1.2567459009224513e-13,F
56,105,16,8,0.5,4.880930796796919e-14,F
56,173,13,7,0.5384615384615384,8.68927817204582e-15,F
57,64,24,10,0.4166666666666667,7.163820453731998e-14,F
57,72,17,9,0.5294117647058824,5.343941028622748e-14,F
57,95,814,667,0.8194103194103194,0.18854667246341705,F
57,145,18,9,0.5,1.1327970625332057e-13,F
57,174,23,10,0.43478260869565216,9.46199498960687e-14,F
57,177,19,11,0.5789473684210527,3.726667479925401e-14,F
57,184,27,12,0.4444444444444444,5.517576955223202e-13,F
58,106,22,14,0.6363636363636364,0.027620414271950722,F
58,111,7,0,0.0,inf,none
58,112,8,7,0.875,2.4456521199476763e-14,F
58,122,6,0,0.0,inf,none
58,148,12,7,0.5833333333333334,2.995424614187121e-14,F
58,162,5,0,0.0,inf,none
58,167,23,16,0.6956521739130435,0.1424437165260315,F
59,65,19,9,0.47368421052631576,5.42480719633448e-13,F
59,70,21,9,0.42857142857142855,2.2582269374230544e-14,F
59,73,13,7,0.5384615384615384,0.0,F
59,75,13,7,0.5384615384615384,2.1407219530020227e-14,F
59,79,17,9,0.5294117647058824,1.0353993866712291e-13,F
59,87,15,8,0.5333333333333333,6.530819179721703e-14,F
59,89,19,8,0.42105263157894735,1.1135905565728965e-13,F
59,91,24,9,0.375,3.774561772081769e-14,F
59,100,14,8,0.5714285714285714,1.33519768592133e-13,F
59,109,16,9,0.5625,2.547237594463514e-13,F
59,115,15,9,0.6,8.282975949005719e-14,F
59,123,18,9,0.5,1.6698895413148895e-13,F
59,128,19,9,0.47368421052631576,2.5528467144028677e-13,F
59,134,23,12,0.5217391304347826,1.4206417617811107e-13,F
59,144,12,7,0.5833333333333334,0.0,F
59,146,17,9,0.5294117647058824,2.4376610755980077e-13,F
59,150,17,8,0.47058823529411764,1.3426945373682525e-13,F
59,166,17,9,0.5294117647058824,1.2254010740148091e-13,F
59,183,24,10,0.4166666666666667,2.3987192440677596e-13,F
59,190,25,10,0.4,8.283528214487329e-14,F
59,192,9,7,0.7777777777777778,2.79365425107439e-14,F
60,66,41,10,0.24390243902439024,6.473357142206329e-14,F
60,69,24,10,0.4166666666666667,1.2939993586195964e-13,F
60,74,33,10,0.30303030303030304,4.4766958423678865e-14,F
60,85,31,10,0.3225806451612903,1.7513789897505294e-13,F
60,98,44,11,0.25,3.326114069498315e-14,F
60,101,47,11,0.23404255319148937,8.756164467538935e-14,F
60,102,318,262,0.8238993710691824,0.22453829646110535,F
60,114,44,10,0.22727272727272727,1.573314910427101e-13,F
60,117,45,10,0.2222222222222222,7.282702544318675e-14,F
60,127,36,11,0.3055555555555556,6.488716221232302e-14,F
60,131,558,508,0.910394265232975,0.17650185525417328,F
60,139,44,11,0.25,1.922049623409236e-13,F
60,147,19,9,0.47368421052631576,1.0338243119651508e-13,F
60,152,42,11,0.2619047619047619,8.599312261619099e-14,F
60,153,43,10,0.23255813953488372,1.0531158600333643e-13,F
60,156,35,11,0.3142857142857143,2.4451171339381905e-13,F
60,157,47,10,0.2127659574468085,1.0495181384118785e-13,F
60,172,46,10,0.21739130434782608,8.035010103015633e-14,F
60,187,27,10,0.37037037037037035,4.708595167414453e-14,F
60,191,41,11,0.2682926829268293,7.447097409227221e-14,F
60,194,38,10,0.2631578947368421,2.3444733567717924e-13,F
60,195,42,11,0.2619047619047619,2.365647283099348e-13,F
60,196,263,227,0.8631178707224335,0.14676827192306519,F
61,80,28,10,0.35714285714285715,9.99138990401445e-14,F
61,82,47,11,0.23404255319148937,8.586942192457397e-14,F
61,84,24,9,0.375,1.6742983139240303e-13,F
61,88,28,9,0.32142857142857145,1.7349056219417847e-13,F
61,97,428,323,0.7546728971962616,0.3070925772190094,F
61,103,34,10,0.29411764705882354,9.62006150195989e-14,F
61,107,28,11,0.39285714285714285,9.446520036473713e-14,F
61,118,28,11,0.39285714285714285,6.878820972035238e-14,F
61,121,40,11,0.275,1.1828022285567674e-13,F
61,126,36,9,0.25,3.909881316280228e-13,F
61,135,45,11,0.24444444444444444,1.1707400728120515e-13,F
61,136,30,11,0.36666666666666664,1.0513061910822144e-13,F
61,140,44,10,0.22727272727272727,1.5532780411279395e-13,F
61,155,33,9,0.2727272727272727,1.8336108456237787e-13,F
61,158,31,10,0.3225806451612903,1.9639205626337253e-13,F
61,161,33,10,0.30303030303030304,2.6256823321482714e-13,F
61,180,22,9,0.4090909090909091,9.002280393572218e-14,F
61,188,29,9,0.3103448275862069,1.1660021093182898e-13,F
62,99,29,10,0.3448275862068966,1.6551010236821873e-13,F
62,106,40,12,0.3,1.1891689347641454e-13,F
62,111,28,11,0.39285714285714285,1.2435598341006826e-13,F
62,112,27,10,0.37037037037037035,2.7567789088848993e-13,F
62,122,56,14,0.25,1.0755564733115619e-13,F
62,162,33,10,0.30303030303030304,6.512245441254311e-14,F
62,167,30,11,0.36666666666666664,1.5506054827727628e-13,F
62,193,28,10,0.35714285714285715,1.1869135231948325e-13,F
63,67,20,9,0.45,1.534872218472011e-13,F
63,79,23,11,0.4782608695652174,1.6749485641769785e-13,F
63,90,980,842,0.8591836734693877,0.19859638810157776,F
63,115,20,9,0.45,3.2164432250438024e-13,F
63,123,17,9,0.5294117647058824,8.614930871540111e-14,F
63,144,16,9,0.5625,9.729933872493213e-14,F
63,165,19,9,0.47368421052631576,2.0235817687307145e-13,F
63,190,40,20,0.5,0.061004139482975006,F
63,193,30,9,0.3,1.1357741461735793e-13,F
63,198,38,11,0.2894736842105263,1.5188374104420366e-13,F
64,68,21,10,0.47619047619047616,1.1980867686833818e-13,F
64,78,11,7,0.6363636363636364,2.2694773984350755e-14,F
64,83,10,8,0.8,2.3753067113045645e-14,F
64,130,10,8,0.8,3.183680397219821e-14,F
64,132,6,0,0.0,inf,none
64,137,14,8,0.5714285714285714,1.553380633758511e-13,F
64,145,28,15,0.5357142857142857,0.037460897117853165,F
64,168,16,9,0.5625,3.350972453621155e-14,F
64,174,11,7,0.6363636363636364,4.2057313577939515e-14,F
64,175,15,8,0.5333333333333333,7.068943276870507e-14,F
64,177,12,7,0.5833333333333334,2.3591520989345305e-14,F
64,181,9,7,0.7777777777777778,2.76273077223603e-14,F
64,186,16,9,0.5625,6.637038466560108e-14,F
65,70,20,9,0.45,6.845743047954878e-13,F
65,73,24,10,0.4166666666666667,2.0068815316173771e-13,F
65,75,21,9,0.42857142857142855,5.822070798557066e-14,F
65,79,20,10,0.5,2.535024870142094e-13,F
65,87,25,10,0.4,7.051170492758038e-14,F
65,89,134,103,0.7686567164179104,0.20714284479618073,F
65,91,19,12,0.631578947368421,3.6634031311960635e-13,F
65,100,14,8,0.5714285714285714,1.5728442311589708e-13,F
65,104,24,11,0.4583333333333333,9.88059121825001e-14,F
65,109,10,7,0.7,1.9175997527614945e-14,F
65,115,17,9,0.5294117647058824,2.1919850645962108e-13,F
65,123,15,8,0.5333333333333333,8.762083533774348e-14,F
65,128,18,9,0.5,1.4124962863844986e-13,F
65,134,16,8,0.5,7.195216915768105e-14,F
65,144,20,10,0.5,7.076186425009068e-14,F
65,146,30,16,0.5333333333333333,0.03888017311692238,F
65,150,22,9,0.4090909090909091,1.2109059685950357e-13,F
65,163,17,10,0.5882352941176471,1.1087604358944736e-13,F
65,166,18,9,0.5,3.405396692174496e-14,F
65,183,115,91,0.7913043478260869,0.30168572068214417,F
65,190,19,10,0.5263157894736842,9.431900247804104e-14,F
65,192,18,9,0.5,1.5170201520756793e-13,F
66,74,18,9,0.5,1.6460983509429539e-13,F
66,85,17,9,0.5294117647058824,8.761695931497684e-14,F
66,98,18,9,0.5,2.8441886432833963e-13,F
66,105,19,10,0.5263157894736842,0.0,F
66,114,22,11,0.5,6.911447325910758e-14,F
66,117,8,7,0.875,1.3431240508351462e-14,F
66,127,11,7,0.6363636363636364,7.520852294889621e-14,F
66,131,26,9,0.34615384615384615,8.612239339646915e-14,F
66,152,20,9,0.45,5.382268930672826e-14,F
66,153,17,9,0.5294117647058824,1.0975339967368367e-13,F
66,156,15,9,0.6,1.467936015797644e-13,F
66,172,17,9,0.5294117647058824,8.082749557549243e-14,F
66,173,18,9,0.5,6.008512237016747e-14,F
66,191,22,9,0.4090909090909091,1.6640680532750002e-13,F
66,194,25,9,0.36,4.3955023133626994e-14,F
66,196,15,8,0.5333333333333333,1.6995291892557551e-13,F
67,70,14,8,0.5714285714285714,1.4284343293705787e-13,F
67,79,13,7,0.5384615384615384,0.0,F
67,90,20,9,0.45,1.583031530296916e-13,F
67,123,16,8,0.5,3.521678730426282e-14,F
67,150,10,7,0.7,2.7831698466598657e-14,F
67,165,15,8,0.5333333333333333,1.6579443438795305e-13,F
67,166,762,710,0.931758530183727,0.256902813911438,F
67,190,14,8,0.5714285714285714,1.2855924549741438e-13,F
67,198,18,9,0.5,1.3281341087675869e-13,F
68,71,18,10,0.5555555555555556,8.071347816452842e-14,F
68,78,12,7,0.5833333333333334,0.0,F
68,83,21,9,0.42857142857142855,1.017319163480225e-13,F
68,86,19,9,0.47368421052631576,1.4421685959158104e-13,F
68,93,19,9,0.47368421052631576,6.522234331394691e-14,F
68,96,5,0,0.0,inf,none
68,124,15,9,0.6,1.1847941789981664e-13,F
68,130,19,10,0.5263157894736842,8.355737434427579e-14,F
68,132,15,9,0.6,9.925312524985963e-14,F
68,137,25,10,0.4,8.632038904195574e-14,F
68,142,27,15,0.5555555555555556,1.4194594393120152e-13,F
68,145,14,8,0.5714285714285714,8.883880095325938e-14,F
68,149,19,9,0.47368421052631576,9.03738008365372e-14,F
68,168,1238,1173,0.9474959612277868,0.1564241647720337,F
68,169,16,11,0.6875,4.704120461760698e-14,F
68,174,14,8,0.5714285714285714,2.265041995110073e-13,F
68,175,11,7,0.6363636363636364,0.0,F
68,177,15,9,0.6,9.158965903408034e-14,F
68,181,11,7,0.6363636363636364,2.7991433633857768e-14,F
68,186,33,20,0.6060606060606061,0.1358179897069931,F
69,74,16,8,0.5,2.3150497361137945e-13,F
69,85,17,12,0.7058823529411765,8.934809814752087e-14,F
69,92,22,9,0.4090909090909091,1.404086943284158e-13,F
69,98,11,7,0.6363636363636364,4.457585423825114e-14,F
69,101,26,9,0.34615384615384615,1.0384102838668571e-13,F
69,102,16,10,0.625,7.617541783445057e-15,F
69,119,34,12,0.35294117647058826,1.460048444992812e-13,F
69,127,17,8,0.47058823529411764,1.038610522455588e-13,F
69,131,15,8,0.5333333333333333,3.7250337905393727e-13,F
69,139,15,8,0.5333333333333333,1.5667966869661182e-13,F
69,147,65,41,0.6307692307692307,0.31872907280921936,F
69,152,11,7,0.6363636363636364,5.685691040159188e-14,F
69,153,14,8,0.5714285714285714,2.1624016596430429e-13,F
69,156,19,9,0.47368421052631576,1.4118960449567564e-13,F
69,157,19,11,0.5789473684210527,3.531085200712131e-14,F
69,172,21,11,0.5238095238095238,7.320847487252147e-14,F
69,184,12,7,0.5833333333333334,2.9090933221370685e-14,F
69,187,14,8,0.5714285714285714,4.3782777967363296e-13,F
69,194,24,10,0.4166666666666667,1.7295263528629978e-13,F
69,196,14,8,0.5714285714285714,3.093174249179341e-14,F
70,73,31,10,0.3225806451612903,1.9010915888392765e-13,F
70,75,27,9,0.3333333333333333,1.0569318451046986e-13,F
70,79,23,9,0.391304347826087,3.5508674857886655e-14,F
70,91,30,10,0.3333333333333333,1.2729211131337625e-13,F
70,104,12,7,0.5833333333333334,3.7816792205309577e-14,F
70,109,19,9,0.47368421052631576,1.3467025617493883e-13,F
70,115,17,9,0.5294117647058824,9.344244535037724e-14,F
70,123,29,10,0.3448275862068966,8.638178876623631e-14,F
70,128,33,11,0.3333333333333333,1.2877878288481553e-13,F
70,134,25,9,0.36,4.3008694208031967e-14,F
70,144,12,7,0.5833333333333334,2.005469934270119e-14,F
70,146,13,7,0.5384615384615384,5.082869888872743e-14,F
70,150,25,10,0.4,4.775072345994044e-14,F
70,165,15,8,0.5333333333333333,9.993255409377483e-14,F
70,166,24,10,0.4166666666666667,2.4234263142249024e-13,F
70,190,1069,1008,0.9429373246024322,0.1149379163980484,F
70,198,31,12,0.3870967741935484,1.4316664715720295e-13,F
71,78,19,11,0.5789473684210527,5.283273818434964e-13,F
71,83,15,8,0.5333333333333333,2.4454028212106405e-13,F
71,86,16,10,0.625,5.344625770057308e-14,F
71,93,18,10,0.5555555555555556,4.8601917033031655e-14,F
71,96,24,9,0.375,8.75224490727881e-15,F
71,124,46,24,0.5217391304347826,0.08859678357839584,F
71,130,19,10,0.5263157894736842,3.505922765642544e-13,F
71,132,18,10,0.5555555555555556,1.2325047666489342e-13,F
71,137,20,10,0.5,2.9956960035434216e-14,F
71,142,17,9,0.5294117647058824,5.43767030643412e-14,F
71,149,17,8,0.47058823529411764,6.6687418933363e-14,F
71,168,19,9,0.47368421052631576,3.0186270150167616e-13,F
71,169,18,9,0.5,1.5851304101775765e-13,F
71,170,15,9,0.6,5.5862859639748547e-14,F
71,175,18,9,0.5,3.76017644213196e-14,F
71,181,18,10,0.5555555555555556,4.354727841347772e-13,F
71,186,20,10,0.5,1.0028252100252599e-13,F
72,77,56,26,0.4642857142857143,0.2674553394317627,F
72,95,16,10,0.625,1.1308190711947774e-13,F
72,98,32,12,0.375,1.274802203903025e-13,F
72,139,25,10,0.4,6.17087828861003e-14,F
72,152,36,10,0.2777777777777778,1.1208396678234062e-13,F
72,196,27,11,0.4074074074074074,1.0948077703741219e-13,F
73,75,14,8,0.5714285714285714,5.385481557235172e-14,F
73,79,20,9,0.45,4.5394318458260446e-14,F
73,87,8,7,0.875,2.204939247678339e-14,F
73,89,13,7,0.5384615384615384,5.223040289116174e-14,F
73,91,14,9,0.6428571428571429,3.6989420586826943e-14,F
73,100,20,9,0.45,1.5684902107595405e-13,F
73,104,17,8,0.47058823529411764,1.3669921856800105e-13,F
73,109,20,9,0.45,6.244240150984903e-14,F
73,115,11,7,0.6363636363636364,3.0114616583840764e-14,F
73,123,11,7,0.6363636363636364,4.7505903833129637e-14,F
73,128,14,8,0.5714285714285714,2.1966998532685356e-13,F
73,134,499,425,0.8517034068136272,0.2282983511686325,F
73,146,24,11,0.4583333333333333,7.269035498308138e-14,F
73,150,14,8,0.5714285714285714,1.2172228015024794e-13,F
73,163,14,8,0.5714285714285714,1.098511201707425e-13,F
73,166,27,10,0.37037037037037035,7.789247897941123e-14,F
73,183,16,10,0.625,5.621425295198289e-14,F
73,190,16,8,0.5,1.252746685683967e-13,F
73,192,16,9,0.5625,4.324469791592775e-14,F
74,85,9,7,0.7777777777777778,6.241575046519662e-14,F
74,92,13,7,0.5384615384615384,1.1030113183495976e-13,F
74,98,12,7,0.5833333333333334,7.053923688649794e-14,F
74,101,16,9,0.5625,9.679895909353933e-14,F
74,102,17,8,0.47058823529411764,5.83340071125954e-14,F
74,114,16,9,0.5625,1.0592822598893756e-13,F
74,117,17,9,0.5294117647058824,2.3562244820182765e-13,F
74,127,10,7,0.7,0.0,F
74,131,17,8,0.47058823529411764,1.9498176673498485e-13,F
74,147,13,8,0.6153846153846154,4.0979853787714154e-14,F
74,152,13,7,0.5384615384615384,2.7265182502684247e-14,F
74,156,12,8,0.6666666666666666,0.0,F
74,157,8,7,0.875,5.828959548110496e-14,F
74,172,12,7,0.5833333333333334,1.2178538918701607e-14,F
74,187,15,8,0.5333333333333333,1.8647895185484875e-13,F
74,191,17,8,0.47058823529411764,1.1455341341302938e-13,F
74,194,11,7,0.6363636363636364,3.305474587079159e-14,F
74,195,155,131,0.8451612903225807,0.1951470673084259,F
74,196,11,7,0.6363636363636364,1.5055172074827407e-14,F
75,79,22,10,0.45454545454545453,7.181591204965393e-14,F
75,87,49,29,0.5918367346938775,0.29176345467567444,F
75,89,27,11,0.4074074074074074,1.6372512612154722e-13,F
75,91,58,33,0.5689655172413793,0.2590600550174713,F
75,100,27,11,0.4074074074074074,1.7292676351195885e-13,F
75,104,69,32,0.463768115942029,0.1086205244064331,F
75,109,14,8,0.5714285714285714,2.6785504695335527e-13,F
75,115,23,11,0.4782608695652174,5.185454930028977e-13,F
75,123,27,10,0.37037037037037035,1.9912413731781875e-13,F
75,128,398,343,0.8618090452261307,0.2836049199104309,F
75,134,17,8,0.47058823529411764,8.557732430677922e-14,F
75,144,17,9,0.5294117647058824,1.5690430183422366e-13,F
75,146,34,13,0.38235294117647056,1.1069618122529559e-13,F
75,150,21,9,0.42857142857142855,2.599158139150043e-13,F
75,165,13,7,0.5384615384615384,3.8879025731275094e-14,F
75,166,17,9,0.5294117647058824,1.0486625673725158e-13,F
75,183,18,9,0.5,1.2672381319214082e-13,F
75,190,14,8,0.5714285714285714,5.2101884276140736e-14,F
75,192,17,9,0.5294117647058824,2.729380035784018e-14,F
76,81,136,111,0.8161764705882353,0.1142282485961914,F
76,94,22,9,0.4090909090909091,7.975973261844724e-14,F
76,125,21,10,0.47619047619047616,5.44619078025714e-14,F
76,141,169,145,0.8579881656804734,0.2708587944507599,F
76,143,217,195,0.8986175115207373,0.11134393513202667,F
76,176,17,8,0.47058823529411764,4.1862838201381716e-14,F
76,179,28,10,0.35714285714285715,2.633830653575586e-13,F
76,199,173,137,0.791907514450867,0.10874907672405243,F
78,83,17,9,0.5294117647058824,1.2413007633490375e-13,F
78,86,20,9,0.45,1.8915283835768681e-13,F
78,93,17,9,0.5294117647058824,1.5759378665328866e-13,F
78,124,12,8,0.6666666666666666,9.074959208578426e-14,F
78,130,13,7,0.5384615384615384,4.1111093072561736e-14,F
78,132,11,8,0.7272727272727273,2.693485489984812e-14,F
78,137,15,9,0.6,9.920416674550833e-14,F
78,142,12,7,0.5833333333333334,4.257138464989173e-14,F
78,145,16,8,0.5,6.165298713179876e-14,F
78,149,10,7,0.7,1.435002731063357e-14,F
78,168,9,7,0.7777777777777778,8.43885779398118e-14,F
78,169,12,7,0.5833333333333334,3.493951276304502e-14,F
78,170,19,10,0.5263157894736842,1.5737574004387467e-13,F
78,175,23,11,0.4782608695652174,1.181141095303248e-13,F
78,177,15,9,0.6,1.7940830028193022e-13,F
78,181,14,8,0.5714285714285714,1.471982529355903e-13,F
78,186,14,8,0.5714285714285714,4.036559904689249e-14,F
79,87,15,8,0.5333333333333333,7.908058160133874e-14,F
79,89,17,9,0.5294117647058824,1.4123324363311818e-13,F
79,90,21,10,0.47619047619047616,1.3635209768995266e-13,F
79,91,22,10,0.45454545454545453,9.179560323674396e-14,F
79,100,25,10,0.4,1.0793818096266339e-13,F
79,104,15,8,0.5333333333333333,1.6307449639783866e-13,F
79,123,18,10,0.5555555555555556,1.0408851786134626e-13,F
79,128,13,7,0.5384615384615384,5.4178687090063876e-14,F
79,134,17,9,0.5294117647058824,1.4665279082261284e-13,F
79,138,25,10,0.4,3.194045776564597e-13,F
79,146,10,7,0.7,3.112916554300765e-14,F
79,150,13,7,0.5384615384615384,3.457926626244598e-14,F
79,165,15,9,0.6,5.778678994735123e-14,F
79,166,20,10,0.5,9.408972082361466e-14,F
79,183,18,9,0.5,7.344537982347313e-14,F
79,190,12,7,0.5833333333333334,2.45845044896751e-14,F
79,198,22,10,0.45454545454545453,1.0923973856567792e-13,F
80,82,20,10,0.5,1.1296923140870219e-13,F
80,88,13,7,0.5384615384615384,0.0,F
80,97,21,9,0.42857142857142855,1.800333157293138e-13,F
80,103,15,8,0.5333333333333333,1.1392311248005493e-13,F
80,107,32,16,0.5,0.08539749681949615,F
80,120,16,8,0.5,1.144791184591598e-13,F
80,121,25,10,0.4,1.4683871794266695e-13,F
80,126,23,10,0.43478260869565216,1.1359268153919924e-13,F
80,129,16,8,0.5,1.613673387620973e-13,F
80,133,21,10,0.47619047619047616,2.0160181033249125e-13,F
80,135,24,9,0.375,9.582337364994614e-14,F
80,140,16,8,0.5,1.0120596987414979e-13,F
80,151,19,9,0.47368421052631576,3.1207954514882175e-13,F
80,154,21,9,0.42857142857142855,6.975944480272847e-14,F
80,158,15,8,0.5333333333333333,1.0113153261874508e-13,F
80,159,17,8,0.47058823529411764,1.4874891954026054e-13,F
80,164,18,9,0.5,2.681300277293519e-13,F
80,171,18,8,0.4444444444444444,5.26844870897894e-14,F
80,178,14,8,0.5714285714285714,3.350722070681947e-14,F
80,180,13,8,0.6153846153846154,0.0,F
80,188,21,9,0.42857142857142855,1.340993966260709e-13,F
81,94,27,9,0.3333333333333333,8.719925009923607e-14,F
81,108,24,9,0.375,8.254804988432757e-14,F
81,116,23,9,0.391304347826087,1.61113228877921e-13,F
81,125,21,9,0.42857142857142855,1.68828858770724e-13,F
81,141,263,215,0.8174904942965779,0.24600361287593842,F
81,143,2464,2352,0.9545454545454546,0.1498616486787796,F
81,176,27,9,0.3333333333333333,2.309476394846133e-13,F
81,179,24,9,0.375,1.3481921200091118e-13,F
81,199,421,364,0.8646080760095012,0.1819867044687271,F
82,84,19,9,0.47368421052631576,9.470484970243789e-14,F
82,88,21,9,0.42857142857142855,8.27723780900784e-14,F
82,97,19,9,0.47368421052631576,1.3159231462746973e-13,F
82,103,22,11,0.5,4.791762283186743e-14,F
82,107,26,10,0.38461538461538464,8.169392896537064e-14,F
82,118,34,10,0.29411764705882354,6.715355810489598e-14,F
82,121,21,11,0.5238095238095238,2.6746351444381644e-13,F
82,126,24,9,0.375,1.606628648479977e-13,F
82,129,27,10,0.37037037037037035,1.1266532276349092e-13,F
82,133,24,9,0.375,1.3372683765455057e-13,F
82,135,31,9,0.2903225806451613,4.5249984044048314e-14,F
82,136,29,9,0.3103448275862069,1.632555717131709e-13,F
82,140,21,9,0.42857142857142855,6.587023542716994e-14,F
82,155,36,10,0.2777777777777778,1.3133560265807948e-13,F
82,161,33,10,0.30303030303030304,1.2912666270438466e-13,F
82,180,21,9,0.42857142857142855,1.2056745575875216e-13,F
82,188,33,12,0.36363636363636365,8.17089654942503e-14,F
83,86,17,9,0.5294117647058824,9.296845926562089e-14,F
83,93,30,12,0.4,1.3987322042795236e-13,F
83,96,11,7,0.6363636363636364,0.0,F
83,124,10,7,0.7,4.2608352555841694e-14,F
83,130,14,8,0.5714285714285714,2.015847070432203e-13,F
83,132,13,7,0.5384615384615384,5.1850359536519466e-14,F
83,137,19,9,0.47368421052631576,1.2209997552956042e-13,F
83,142,12,7,0.5833333333333334,1.7339660591153723e-14,F
83,145,23,9,0.391304347826087,4.7688381835022525e-14,F
83,149,14,8,0.5714285714285714,2.420693447123881e-14,F
83,168,26,12,0.46153846153846156,2.4243646912051886e-13,F
83,169,20,9,0.45,1.0174479802508435e-13,F
83,170,15,10,0.6666666666666666,2.1626401841209897e-13,F
83,174,44,20,0.45454545454545453,0.08919520676136017,F
83,175,23,9,0.391304347826087,9.712482960900701e-14,F
83,177,14,8,0.5714285714285714,1.3832336866897738e-14,F
83,181,19,10,0.5263157894736842,1.4794685387811007e-13,F
83,186,13,7,0.5384615384615384,2.731364633979435e-14,F
84,88,29,11,0.3793103448275862,8.282748266549497e-14,F
84,97,23,9,0.391304347826087,1.20432323510479e-13,F
84,103,23,9,0.391304347826087,1.247262248994449e-13,F
84,107,19,9,0.47368421052631576,1.18107265504111e-13,F
84,113,13,8,0.6153846153846154,1.799577061803101e-14,F
84,116,26,14,0.5384615384615384,1.6404110329219096e-13,F
84,118,30,21,0.7,0.07504011690616608,F
84,121,18,8,0.4444444444444444,1.1766964084971437e-13,F
84,126,22,10,0.45454545454545453,1.145007753975552e-13,F
84,133,14,8,0.5714285714285714,8.004396299422789e-14,F
84,135,17,9,0.5294117647058824,7.473848064954228e-14,F
84,136,20,9,0.45,4.659105065185458e-14,F
84,140,24,9,0.375,1.6890169005166072e-13,F
84,158,17,9,0.5294117647058824,9.39952800381276e-14,F
84,159,17,9,0.5294117647058824,4.239131222156904e-14,F
84,164,23,10,0.43478260869565216,1.233222372961848e-13,F
84,180,25,9,0.36,2.917629245841047e-13,F
84,188,18,9,0.5,8.267798473843638e-14,F
85,92,32,10,0.3125,2.756742859162664e-13,F
85,98,15,8,0.5333333333333333,2.051837839174217e-13,F
85,101,16,9,0.5625,1.2434820425948068e-13,F
85,102,18,10,0.5555555555555556,1.0431300192115939e-13,F
85,114,18,9,0.5,5.887803943395789e-14,F
85,117,26,10,0.38461538461538464,1.2570475801769454e-13,F
85,119,27,12,0.4444444444444444,4.1560569411956336e-14,F
85,127,14,8,0.5714285714285714,1.2965095576994434e-13,F
85,131,15,8,0.5333333333333333,2.382992349454771e-13,F
85,147,28,14,0.5,0.1131332740187645,F
85,152,16,8,0.5,1.555710719752454e-13,F
85,153,25,10,0.4,2.033593833692532e-13,F
85,156,10,7,0.7,3.1081131998634756e-14,F
85,157,20,10,0.5,5.256785404108427e-14,F
85,172,34,15,0.4411764705882353,0.001373755163513124,F
85,187,18,9,0.5,1.0173785913118044e-13,F
85,191,17,8,0.47058823529411764,1.0395081063291345e-13,F
85,194,19,10,0.5263157894736842,3.9734396870862165e-14,F
85,195,24,11,0.4583333333333333,3.9081406296923027e-13,F
85,196,20,9,0.45,2.806838420542357e-13,F
86,93,14,8,0.5714285714285714,4.383901553405012e-13,F
86,96,15,9,0.6,1.9602211292959332e-13,F
86,124,15,8,0.5333333333333333,5.722520032705805e-14,F
86,130,21,9,0.42857142857142855,2.5310159309653753e-14,F
86,132,24,10,0.4166666666666667,1.808240785838161e-13,F
86,137,16,8,0.5,1.9577617521929214e-13,F
86,142,16,9,0.5625,3.6638366087771504e-14,F
86,145,20,9,0.45,1.653272381193019e-13,F
86,149,16,9,0.5625,1.0431442493651077e-13,F
86,168,15,8,0.5333333333333333,1.2705702917732709e-13,F
86,169,19,9,0.47368421052631576,1.9961368170375027e-13,F
86,170,28,10,0.35714285714285715,3.711684822341188e-13,F
86,175,14,8,0.5714285714285714,1.2919321916524812e-13,F
86,177,22,10,0.45454545454545453,1.802997313081478e-13,F
86,181,25,10,0.4,1.7876160079109693e-13,F
86,186,14,8,0.5714285714285714,2.094671651571827e-14,F
87,89,24,10,0.4166666666666667,2.6170290435591215e-13,F
87,91,32,15,0.46875,0.10302259027957916,F
87,100,21,9,0.42857142857142855,6.7350679612381e-14,F
87,104,125,79,0.632,0.31573858857154846,F
87,109,24,11,0.4583333333333333,9.484170312165988e-14,F
87,115,12,7,0.5833333333333334,4.927103918004466e-14,F
87,123,17,8,0.47058823529411764,3.619748543872564e-14,F
87,128,37,18,0.4864864864864865,0.110982745885849,F
87,134,17,10,0.5882352941176471,5.067321413279764e-14,F
87,144,24,11,0.4583333333333333,1.1695572082418698e-13,F
87,146,128,93,0.7265625,0.30390024185180664,F
87,150,14,8,0.5714285714285714,1.5467050315759283e-14,F
87,163,6,0,0.0,inf,none
87,166,20,9,0.45,1.3827482182263845e-13,F
87,183,32,13,0.40625,9.026298859824561e-14,F
87,192,18,9,0.5,1.3435366914057306e-13,F
88,97,25,9,0.36,1.054900592334547e-13,F
88,103,31,9,0.2903225806451613,7.682134821936776e-14,F
88,107,21,9,0.42857142857142855,3.773766577550887e-14,F
88,113,21,10,0.47619047619047616,1.0496439058638868e-13,F
88,118,20,9,0.45,1.1882685048598962e-13,F
88,120,23,9,0.391304347826087,4.99341677219229e-14,F
88,121,23,10,0.43478260869565216,6.290744970294596e-14,F
88,126,29,9,0.3103448275862069,1.5359267406100247e-13,F
88,133,28,11,0.39285714285714285,1.448677603658327e-13,F
88,135,30,10,0.3333333333333333,2.2195472456493226e-13,F
88,136,21,9,0.42857142857142855,3.15167745959348e-14,F
88,140,26,10,0.38461538461538464,2.067345589423092e-13,F
88,158,17,9,0.5294117647058824,2.707550438192652e-13,F
88,159,28,9,0.32142857142857145,3.9365490305410394e-14,F
88,161,179,124,0.6927374301675978,0.20798897743225098,F
88,164,22,9,0.4090909090909091,1.2099900888098286e-13,F
88,178,32,10,0.3125,3.513497002019528e-13,F
88,180,30,10,0.3333333333333333,2.193398186602774e-13,F
88,188,29,10,0.3448275862068966,8.867875916007337e-14,F
89,91,21,9,0.42857142857142855,1.4783682091012995e-13,F
89,100,22,10,0.45454545454545453,8.156253721459256e-14,F
89,109,15,9,0.6,8.120437780317555e-14,F
89,115,15,9,0.6,1.0189020986520539e-13,F
89,123,37,12,0.32432432432432434,1.599930582983633e-13,F
89,128,19,10,0.5263157894736842,4.2228753046463785e-14,F
89,134,20,9,0.45,1.9609573025710508e-13,F
89,144,19,9,0.47368421052631576,3.871508419839992e-14,F
89,146,28,13,0.4642857142857143,6.174054323349054e-14,F
89,150,14,8,0.5714285714285714,3.590146436431921e-14,F
89,163,17,8,0.47058823529411764,3.5237264495169285e-13,F
89,166,25,13,0.52,1.0890865032725516e-13,F
89,183,199,169,0.8492462311557789,0.22137534618377686,F
89,190,18,9,0.5,3.953737294157267e-13,F
89,192,19,9,0.47368421052631576,2.9704713623741885e-14,F
90,165,19,9,0.47368421052631576,8.294097152789989e-14,F
90,189,19,9,0.47368421052631576,1.5993754714713204e-13,F
90,198,32,11,0.34375,3.358501356794802e-13,F
91,100,37,15,0.40540540540540543,0.0725296288728714,F
91,104,45,13,0.28888888888888886,1.421467788311273e-13,F
91,109,23,11,0.4782608695652174,1.2403466654372503e-13,F
91,115,21,9,0.42857142857142855,7.977228225859376e-14,F
91,123,17,9,0.5294117647058824,5.19095501988736e-14,F
91,128,84,47,0.5595238095238095,0.28571271896362305,F
91,134,17,9,0.5294117647058824,8.420001485322584e-14,F
91,146,22,9,0.4090909090909091,9.527027468791624e-14,F
91,150,24,10,0.4166666666666667,7.482739200394967e-14,F
91,163,20,9,0.45,1.2350087315662894e-13,F
91,166,14,8,0.5714285714285714,2.169614856696589e-13,F
91,183,18,11,0.6111111111111112,1.3711408852930262e-13,F
91,190,17,9,0.5294117647058824,9.207345714849768e-14,F
91,192,22,10,0.45454545454545453,6.232976645665494e-14,F
91,198,16,8,0.5,1.2726993937894893e-13,F
92,101,54,37,0.6851851851851852,0.5389653444290161,F
92,114,14,8,0.5714285714285714,1.2683085105161945e-13,F
92,119,20,9,0.45,1.0178626875818192e-13,F
92,147,26,10,0.38461538461538464,6.970080301772416e-14,F
92,156,10,4,0.4,0.0,H
92,157,10,8,0.8,6.223956761216773e-14,F
92,172,13,7,0.5384615384615384,0.0,F
92,187,7,0,0.0,inf,none
92,191,13,7,0.5384615384615384,0.0,F
92,194,29,16,0.5517241379310345,0.04599259793758392,F
92,195,14,8,0.5714285714285714,3.289059562899821e-13,F
93,96,13,7,0.5384615384615384,6.96213852085896e-14,F
93,124,14,8,0.5714285714285714,6.188100162493604e-14,F
93,130,14,8,0.5714285714285714,2.227137338483079e-13,F
93,132,15,8,0.5333333333333333,6.494140620226518e-14,F
93,137,23,10,0.43478260869565216,6.469742683213806e-14,F
93,142,17,9,0.5294117647058824,1.5330392391741526e-13,F
93,149,16,9,0.5625,2.618269099793902e-13,F
93,168,19,10,0.5263157894736842,1.3048844773808077e-13,F
93,169,15,9,0.6,8.993930681591364e-14,F
93,170,23,10,0.43478260869565216,1.1695647976570772e-13,F
93,175,18,9,0.5,1.4574197968256208e-13,F
93,181,9,7,0.7777777777777778,0.0,F
93,186,12,7,0.5833333333333334,3.777410513289975e-14,F
94,108,2094,2075,0.9909264565425024,0.1392398178577423,F
94,110,768,649,0.8450520833333334,0.3160090148448944,F
94,125,1665,1620,0.972972972972973,0.14527764916419983,F
94,141,28,9,0.32142857142857145,9.029484381332595e-14,F
94,143,28,9,0.32142857142857145,1.6702329623530243e-13,F
94,160,103,67,0.6504854368932039,0.2321312427520752,F
94,176,214,163,0.7616822429906542,0.25041934847831726,F
94,179,601,554,0.9217970049916805,0.16765096783638,F
94,182,631,541,0.8573692551505546,0.31019726395606995,F
94,185,209,171,0.8181818181818182,0.18767955899238586,F
94,197,144,101,0.7013888888888888,0.21133342385292053,F
94,199,29,11,0.3793103448275862,5.410292981851417e-13,F
95,145,18,9,0.5,1.5721122591672715e-13,F
95,174,22,10,0.45454545454545453,7.336362420340414e-14,F
95,177,23,10,0.43478260869565216,1.0485096948661954e-13,F
95,184,21,9,0.42857142857142855,4.250707790853618e-15,F
96,124,25,10,0.4,3.5697454107280757e-13,F
96,142,20,9,0.45,1.6199877810735286e-13,F
96,145,36,10,0.2777777777777778,3.664550826958275e-14,F
96,149,20,9,0.45,2.6495258352750295e-13,F
96,168,25,10,0.4,2.0673908548637931e-13,F
96,169,28,10,0.35714285714285715,4.192967926531545e-14,F
96,170,50,11,0.22,1.0208758887070637e-13,F
96,175,38,12,0.3157894736842105,1.1129356984607153e-13,F
96,177,36,11,0.3055555555555556,1.603116104491667e-13,F
97,103,27,9,0.3333333333333333,9.903185991524607e-14,F
97,107,25,11,0.44,1.1947233024937887e-13,F
97,113,29,10,0.3448275862068966,7.877091313208615e-14,F
97,116,29,11,0.3793103448275862,6.310720040069925e-14,F
97,118,35,11,0.3142857142857143,2.4714120181769383e-13,F
97,120,34,10,0.29411764705882354,1.2543534733035905e-13,F
97,121,23,9,0.391304347826087,7.346936779653937e-14,F
97,126,23,9,0.391304347826087,1.634967524864403e-13,F
97,133,33,9,0.2727272727272727,1.8370694505540075e-13,F
97,135,42,12,0.2857142857142857,5.746095331320145e-14,F
97,136,36,10,0.2777777777777778,9.009397503208227e-14,F
97,140,29,9,0.3103448275862069,2.1989917211358984e-14,F
97,158,14,8,0.5714285714285714,2.5615889075701614e-13,F
97,159,35,10,0.2857142857142857,1.1336016083078257e-13,F
97,164,38,12,0.3157894736842105,1.229534052696324e-13,F
97,180,22,9,0.4090909090909091,9.10981766367655e-14,F
97,188,22,9,0.4090909090909091,2.4318364704768725e-13,F
98,101,25,9,0.36,1.1121529722548165e-13,F
98,102,33,10,0.30303030303030304,2.126122086547333e-13,F
98,117,29,10,0.3448275862068966,1.2945922816826744e-13,F
98,127,15,9,0.6,1.0388012742753097e-13,F
98,131,28,10,0.35714285714285715,8.254376050948267e-14,F
98,139,24,9,0.375,1.6959318064474482e-13,F
98,147,21,9,0.42857142857142855,6.546873503390782e-14,F
98,152,1546,1489,0.963130659767141,0.2715204954147339,F
98,153,23,10,0.43478260869565216,4.414816019812813e-14,F
98,156,25,9,0.36,1.8910133875449375e-13,F
98,172,36,12,0.3333333333333333,1.4359239979781085e-13,F
98,191,31,12,0.3870967741935484,2.902794649616014e-13,F
98,194,25,10,0.4,1.9566100584351986e-13,F
98,195,33,10,0.30303030303030304,8.15542566205002e-14,F
98,196,27,10,0.37037037037037035,1.6795305380831738e-13,F
99,106,701,664,0.9472182596291013,0.2031588852405548,F
99,111,41,12,0.2926829268292683,5.97712092494096e-13,F
99,112,2172,2131,0.9811233885819521,0.14737474918365479,F
99,122,21,9,0.42857142857142855,9.63000092537615e-14,F
99,162,28,10,0.35714285714285715,3.6441623373420495e-13,F
99,167,542,504,0.9298892988929889,0.18460537493228912,F
99,193,40,17,0.425,0.04441516101360321,F
100,104,22,9,0.4090909090909091,8.539740095625525e-14,F
100,109,24,10,0.4166666666666667,1.344699633760993e-13,F
100,128,33,11,0.3333333333333333,1.4610045757836726e-13,F
100,134,16,9,0.5625,9.858907852426657e-14,F
100,146,18,9,0.5,7.594250071461459e-14,F
100,163,16,8,0.5,1.4823359824767818e-13,F
100,166,19,9,0.47368421052631576,9.431720676819286e-14,F
100,183,17,9,0.5294117647058824,1.4825572952452404e-13,F
100,190,9,7,0.7777777777777778,3.435900381484197e-14,F
100,192,16,8,0.5,6.677010290154217e-14,F
100,198,18,9,0.5,1.0923195263882676e-13,F
101,102,27,10,0.37037037037037035,1.3296853310258705e-13,F
101,114,25,9,0.36,1.4715107658856003e-13,F
101,119,19,9,0.47368421052631576,9.533668884724456e-14,F
101,127,15,9,0.6,2.1908354037175615e-13,F
101,131,13,7,0.5384615384615384,8.246462052715481e-15,F
101,139,17,8,0.47058823529411764,1.1371440356185147e-13,F
101,147,23,10,0.43478260869565216,5.791742953287216e-14,F
101,156,24,10,0.4166666666666667,2.50282542087199e-13,F
101,157,33,12,0.36363636363636365,4.568623040643316e-13,F
101,172,27,11,0.4074074074074074,1.5466672539064807e-13,F
101,184,18,9,0.5,1.8154378553843914e-13,F
101,187,21,9,0.42857142857142855,1.7697652967673533e-13,F
101,191,16,9,0.5625,2.999693592478647e-13,F
101,194,401,341,0.8503740648379052,0.3103843331336975,F
101,195,12,7,0.5833333333333334,2.943032577080833e-14,F
101,196,21,9,0.42857142857142855,2.9902453126465223e-13,F
102,114,40,10,0.25,1.4883968081462473e-13,F
102,117,47,13,0.2765957446808511,1.3265807181049583e-13,F
102,127,45,10,0.2222222222222222,6.439874946240903e-14,F
102,131,99,49,0.494949494949495,0.17858800292015076,F
102,139,39,11,0.28205128205128205,1.891623115741689e-13,F
102,147,46,13,0.2826086956521739,4.697585636453949e-13,F
102,152,48,10,0.20833333333333334,5.4018113360186984e-14,F
102,153,49,10,0.20408163265306123,4.2512061850397825e-14,F
102,156,27,10,0.37037037037037035,2.961207667961929e-13,F
102,157,55,13,0.23636363636363636,6.996752894943004e-13,F
102,172,50,11,0.22,6.560052658423701e-14,F
102,184,43,11,0.2558139534883721,7.400104021313553e-14,F
102,187,37,10,0.2702702702702703,4.181013716665627e-13,F
102,191,40,10,0.25,1.968081595046453e-13,F
102,194,56,12,0.21428571428571427,1.082990847608295e-13,F
102,195,44,11,0.25,1.2381201207507797e-13,F
102,196,79,26,0.3291139240506329,0.14842776954174042,F
103,107,20,9,0.45,6.34035264069667e-14,F
103,113,14,8,0.5714285714285714,9.545555128666686e-14,F
103,116,19,9,0.47368421052631576,1.295738418904263e-13,F
103,118,15,8,0.5333333333333333,1.9471976928000373e-13,F
103,120,25,9,0.36,3.178092825798645e-13,F
103,121,27,9,0.3333333333333333,8.940438179280003e-14,F
103,126,28,11,0.39285714285714285,1.2295860944006032e-13,F
103,135,21,9,0.42857142857142855,6.126546108810044e-15,F
103,136,28,12,0.42857142857142855,1.7053903862002118e-13,F
103,140,23,9,0.391304347826087,3.5987849527664706e-13,F
103,158,18,8,0.4444444444444444,3.1665322490839753e-13,F
103,159,22,9,0.4090909090909091,9.355283068406342e-14,F
103,164,20,9,0.45,1.6900882277882945e-13,F
103,180,22,9,0.4090909090909091,2.2990423041886754e-13,F
103,188,54,30,0.5555555555555556,0.08979004621505737,F
104,109,22,9,0.4090909090909091,7.550095260360629e-14,F
104,128,78,48,0.6153846153846154,0.2557227611541748,F
104,134,19,9,0.47368421052631576,4.0091760071308755e-14,F
104,146,37,15,0.40540540540540543,7.710275966949995e-14,F
104,150,17,9,0.5294117647058824,7.243135263660175e-14,F
104,163,17,9,0.5294117647058824,9.38584171321366e-13,F
104,183,27,12,0.4444444444444444,1.8909060515298615e-13,F
104,192,22,10,0.45454545454545453,6.296819212965946e-14,F
105,153,10,7,0.7,2.1001417903451954e-14,F
105,173,22,10,0.45454545454545453,8.860006641114165e-14,F
106,111,82,14,0.17073170731707318,1.4943577516905726e-13,F
106,112,1266,1132,0.8941548183254344,0.2793448865413666,F
106,122,49,13,0.2653061224489796,4.107567693097114e-14,F
106,148,143,100,0.6993006993006993,0.27898073196411133,F
106,162,47,11,0.23404255319148937,1.403333287249009e-13,F
106,167,3975,3939,0.9909433962264151,0.15352709591388702,F
106,193,37,10,0.2702702702702703,1.2282118681469778e-13,F
107,113,16,9,0.5625,1.3695128202057677e-13,F
107,116,20,9,0.45,1.8843563862058765e-13,F
107,118,16,8,0.5,7.776376385274647e-14,F
107,120,21,10,0.47619047619047616,8.751918460780939e-14,F
107,121,107,71,0.6635514018691588,0.18302711844444275,F
107,126,172,142,0.8255813953488372,0.24082517623901367,F
107,135,18,8,0.4444444444444444,3.076747569826649e-13,F
107,136,28,9,0.32142857142857145,1.013288709666646e-13,F
107,140,20,9,0.45,9.338796419120984e-14,F
107,158,18,9,0.5,9.116643393978704e-14,F
107,159,22,10,0.45454545454545453,4.5015990175929776e-13,F
107,164,16,8,0.5,4.230839311704371e-13,F
107,180,20,10,0.5,4.2924306009562915e-14,F
107,188,27,9,0.3333333333333333,2.194321520277917e-13,F
108,110,588,499,0.8486394557823129,0.3394773602485657,F
108,125,3243,3211,0.9901325932778292,0.21065647900104523,F
108,143,27,9,0.3333333333333333,7.167871981725304e-14,F
108,160,102,60,0.5882352941176471,0.12564460933208466,F
108,176,303,236,0.7788778877887789,0.31506258249282837,F
108,179,997,927,0.9297893681043129,0.39132052659988403,F
108,182,445,381,0.8561797752808988,0.2342412769794464,F
108,185,331,252,0.7613293051359517,0.30370306968688965,F
108,197,219,159,0.726027397260274,0.3280493915081024,F
109,115,16,8,0.5,1.7963663325945567e-13,F
109,123,22,9,0.4090909090909091,8.137225295705777e-14,F
109,128,19,9,0.47368421052631576,6.985644023958446e-14,F
109,134,13,7,0.5384615384615384,1.227893434580787e-14,F
109,144,24,11,0.4583333333333333,7.333178254085096e-14,F
109,146,23,10,0.43478260869565216,1.2129877722914795e-13,F
109,150,20,9,0.45,6.073434940731537e-14,F
109,163,18,9,0.5,1.181391003904006e-13,F
109,165,16,9,0.5625,1.3227464371219633e-13,F
109,166,13,7,0.5384615384615384,3.960541069365428e-14,F
109,183,14,8,0.5714285714285714,7.37559495357816e-14,F
109,192,21,10,0.47619047619047616,8.453258031710861e-14,F
110,125,601,508,0.8452579034941764,0.32750552892684937,F
110,160,180,120,0.6666666666666666,0.3023352324962616,F
110,176,267,216,0.8089887640449438,0.2584867477416992,F
110,179,401,354,0.8827930174563591,0.26682084798812866,F
110,182,2736,2617,0.9565058479532164,0.25872349739074707,F
110,185,300,254,0.8466666666666667,0.21652314066886902,F
110,197,276,221,0.8007246376811594,0.2660808861255646,F
111,112,36,10,0.2777777777777778,1.548541297361622e-13,F
111,122,30,10,0.3333333333333333,1.7340486956497064e-13,F
111,148,71,37,0.5211267605633803,0.10161510109901428,F
111,162,105,62,0.5904761904761905,0.2245083749294281,F
111,167,64,33,0.515625,0.17911319434642792,F
111,193,26,9,0.34615384615384615,1.4447515720664855e-13,F
112,122,35,9,0.2571428571428571,1.2447769865645691e-13,F
112,148,60,31,0.5166666666666667,0.14109304547309875,F
112,162,34,10,0.29411764705882354,1.2691871208517225e-13,F
112,167,1192,1129,0.9471476510067114,0.20596224069595337,F
112,193,33,12,0.36363636363636365,1.4331602311151714e-13,F
113,116,15,8,0.5333333333333333,1.45123347475469e-13,F
113,118,16,9,0.5625,2.0934464014729648e-13,F
113,120,24,9,0.375,1.3643171878699456e-13,F
113,121,31,12,0.3870967741935484,1.7232553274973417e-13,F
113,126,22,9,0.4090909090909091,1.729628403392483e-13,F
113,135,26,11,0.4230769230769231,8.704694002279259e-14,F
113,136,551,479,0.8693284936479129,0.12322331964969635,F
113,140,26,10,0.38461538461538464,1.2556425896866757e-13,F
113,159,37,23,0.6216216216216216,0.17618344724178314,F
113,180,10,7,0.7,0.0,F
113,188,18,9,0.5,3.9433834344605734e-13,F
114,117,25,12,0.48,8.188324421721377e-14,F
114,119,10,7,0.7,1.214328930378844e-13,F
114,131,12,7,0.5833333333333334,6.453583327459267e-14,F
114,147,7,0,0.0,inf,none
114,153,18,9,0.5,1.6204023528792327e-13,F
114,156,10,7,0.7,5.33587625852535e-14,F
114,157,13,8,0.6153846153846154,0.0,F
114,172,13,7,0.5384615384615384,0.0,F
114,187,15,9,0.6,1.8217941261458592e-13,F
114,191,23,15,0.6521739130434783,0.1732736974954605,F
114,194,11,7,0.6363636363636364,4.7793424084877426e-14,F
114,195,22,10,0.45454545454545453,1.4847320692779747e-13,F
115,123,33,15,0.45454545454545453,0.059519119560718536,F
115,128,22,10,0.45454545454545453,1.2991588057079118e-13,F
115,134,29,9,0.3103448275862069,1.2747750988487128e-13,F
115,144,48,23,0.4791666666666667,0.23003393411636353,F
115,146,26,9,0.34615384615384615,1.3841591718286028e-13,F
115,150,26,10,0.38461538461538464,1.1693163798343065e-13,F
115,165,38,20,0.5263157894736842,0.08971390128135681,F
115,166,28,10,0.35714285714285715,2.301607797579319e-13,F
115,183,18,8,0.4444444444444444,6.404579422141995e-14,F
115,190,23,9,0.391304347826087,1.9256611008457852e-13,F
115,192,24,10,0.4166666666666667,1.4124670129258415e-13,F
116,118,102,75,0.7352941176470589,0.1905122697353363,F
116,120,9,7,0.7777777777777778,7.912786636858626e-14,F
116,136,16,9,0.5625,1.6869603045206738e-13,F
116,140,12,7,0.5833333333333334,3.861558493215185e-14,F
116,143,12,7,0.5833333333333334,1.856038584001178e-14,F
116,159,16,9,0.5625,2.3514190269392776e-13,F
116,199,8,7,0.875,4.7670590754998396e-14,F
117,119,19,9,0.47368421052631576,1.140607112882705e-13,F
117,131,19,8,0.42105263157894735,9.793347502309174e-14,F
117,147,18,9,0.5,5.0309264404153203e-14,F
117,152,25,10,0.4,1.7150109186524903e-13,F
117,153,29,10,0.3448275862068966,2.6284025953990375e-13,F
117,156,11,7,0.6363636363636364,4.882954358507909e-15,F
117,157,22,10,0.45454545454545453,2.3833756149227447e-13,F
117,172,18,10,0.5555555555555556,7.572189945383168e-14,F
117,173,16,12,0.75,7.057576094718354e-14,F
117,187,18,9,0.5,1.3170894767617486e-13,F
117,191,19,10,0.5263157894736842,5.89446094473485e-14,F
117,194,17,9,0.5294117647058824,9.41464720310807e-14,F
117,195,27,10,0.37037037037037035,1.192842347249798e-13,F
117,196,13,7,0.5384615384615384,1.399269799150487e-14,F
118,121,20,9,0.45,6.626583369485559e-14,F
118,126,18,9,0.5,4.5262150147676317e-13,F
118,133,19,9,0.47368421052631576,1.0805326902327272e-13,F
118,135,27,10,0.37037037037037035,1.3257377509158508e-13,F
118,136,21,9,0.42857142857142855,4.464512255979852e-13,F
118,140,14,8,0.5714285714285714,2.5858906216400662e-14,F
118,158,28,11,0.39285714285714285,6.365361119057764e-14,F
118,159,23,10,0.43478260869565216,1.1020204930892175e-13,F
118,164,22,10,0.45454545454545453,1.9088462093527075e-13,F
118,178,19,9,0.47368421052631576,1.1805277892393273e-12,F
118,180,22,9,0.4090909090909091,8.361147603268282e-14,F
118,188,17,9,0.5294117647058824,1.0866047644997323e-13,F
119,139,17,8,0.47058823529411764,1.7975824008562707e-13,F
119,147,10,7,0.7,1.9082198793101898e-14,F
119,153,16,8,0.5,2.0736597118251043e-13,F
119,156,19,9,0.47368421052631576,1.0162996746249098e-13,F
119,157,19,9,0.47368421052631576,1.7230493290845694e-13,F
119,172,12,7,0.5833333333333334,3.004950346711943e-14,F
119,187,163,142,0.8711656441717791,0.17978373169898987,F
119,191,21,10,0.47619047619047616,1.0480043211285456e-13,F
119,194,19,9,0.47368421052631576,4.4718938431833125e-14,F
120,121,38,9,0.23684210526315788,2.446538251935776e-13,F
120,126,24,9,0.375,1.6445427918759803e-13,F
120,133,18,9,0.5,1.8777117176665276e-13,F
120,135,32,10,0.3125,1.1215318631479024e-13,F
120,136,23,9,0.391304347826087,1.2238806159931698e-13,F
120,140,25,9,0.36,9.524792657063588e-14,F
120,158,26,9,0.34615384615384615,6.334022932888428e-14,F
120,159,25,9,0.36,7.915559483914758e-14,F
120,180,18,9,0.5,4.67521908773666e-13,F
120,188,28,10,0.35714285714285715,1.450017135442433e-13,F
121,126,489,456,0.9325153374233128,0.20004500448703766,F
121,133,17,8,0.47058823529411764,4.2893413023910656e-14,F
121,135,22,9,0.4090909090909091,1.5409390072534251e-13,F
121,136,32,10,0.3125,9.387553668444015e-14,F
121,140,31,10,0.3225806451612903,7.637439942628776e-14,F
121,158,20,10,0.5,4.3886460221118084e-13,F
121,159,22,9,0.4090909090909091,7.422179055171715e-14,F
121,161,28,9,0.32142857142857145,1.1534696808812583e-13,F
121,164,32,9,0.28125,4.533735041035991e-14,F
121,180,46,17,0.3695652173913043,0.01954326219856739,F
121,188,31,12,0.3870967741935484,8.296207958894547e-14,F
122,148,21,10,0.47619047619047616,1.9521504638492226e-13,F
122,162,9,7,0.7777777777777778,4.980622170117424e-14,F
122,167,25,12,0.48,9.186020813369694e-14,F
122,193,13,7,0.5384615384615384,7.241454750292822e-14,F
123,128,25,10,0.4,2.7862548422977196e-13,F
123,134,34,9,0.2647058823529412,1.585148435038694e-13,F
123,144,35,14,0.4,0.041482165455818176,F
123,146,31,10,0.3225806451612903,2.4794183091196575e-13,F
123,150,35,10,0.2857142857142857,4.06457704407899e-14,F
123,165,38,18,0.47368421052631576,0.09391175955533981,F
123,166,26,10,0.38461538461538464,1.9267774225076306e-13,F
123,183,31,10,0.3225806451612903,5.5321924070841216e-14,F
123,190,23,9,0.391304347826087,2.676511898398737e-13,F
124,130,26,10,0.38461538461538464,1.5734158767544137e-13,F
124,132,9,7,0.7777777777777778,1.2646847002799333e-13,F
124,137,19,10,0.5263157894736842,9.018891048481054e-14,F
124,142,21,10,0.47619047619047616,8.035479698081591e-14,F
124,149,16,8,0.5,1.254629402756488e-13,F
124,168,11,7,0.6363636363636364,3.3661577214863514e-14,F
124,169,19,9,0.47368421052631576,1.6498477931059519e-13,F
124,170,8,7,0.875,7.316837972093024e-14,F
124,175,10,7,0.7,2.3161174042031496e-14,F
124,181,11,7,0.6363636363636364,9.640731138751968e-14,F
124,186,13,7,0.5384615384615384,1.81976829438657e-14,F
125,141,37,11,0.2972972972972973,1.613775844726273e-13,F
125,143,40,10,0.25,2.1167164971757496e-13,F
125,160,107,63,0.5887850467289719,0.17725366353988647,F
125,176,369,276,0.7479674796747967,0.375080943107605,F
125,179,1202,1115,0.9276206322795341,0.19234925508499146,F
125,182,499,408,0.8176352705410822,0.3117794096469879,F
125,185,395,298,0.7544303797468355,0.2831805646419525,F
125,197,260,179,0.6884615384615385,0.3436751663684845,F
125,199,45,11,0.24444444444444444,2.298583957720257e-13,F
126,133,26,10,0.38461538461538464,8.242643628189258e-14,F
126,135,21,9,0.42857142857142855,1.5748729089489627e-13,F
126,136,27,9,0.3333333333333333,6.230358297418942e-14,F
126,140,53,12,0.22641509433962265,3.398468030428592e-13,F
126,158,19,9,0.47368421052631576,4.674202106098868e-13,F
126,159,27,9,0.3333333333333333,7.873121100378244e-14,F
126,161,22,9,0.4090909090909091,2.8985483718074745e-13,F
126,164,27,9,0.3333333333333333,9.205419223114533e-14,F
126,180,50,15,0.3,0.05426758900284767,F
126,188,34,11,0.3235294117647059,7.557442085331934e-14,F
127,131,24,10,0.4166666666666667,1.7320438703075092e-13,F
127,139,41,12,0.2926829268292683,1.214494271210148e-13,F
127,152,14,8,0.5714285714285714,1.054875587921944e-13,F
127,153,18,10,0.5555555555555556,1.3666856275157402e-13,F
127,156,13,7,0.5384615384615384,2.3404780717661833e-14,F
127,157,22,10,0.45454545454545453,2.0704087316109065e-13,F
127,172,16,8,0.5,8.605172374361383e-14,F
127,187,30,10,0.3333333333333333,1.0298961797316e-13,F
127,191,14,8,0.5714285714285714,9.039433291517865e-14,F
127,194,12,7,0.5833333333333334,3.958814816218924e-14,F
127,195,18,9,0.5,8.379223963989046e-14,F
127,196,31,10,0.3225806451612903,1.6544986138501e-13,F
128,134,18,9,0.5,2.9887049324099635e-14,F
128,144,33,15,0.45454545454545453,0.0018450197530910373,F
128,146,24,11,0.4583333333333333,6.272873252733888e-14,F
128,150,21,9,0.42857142857142855,7.318639780578423e-14,F
128,163,18,9,0.5,9.485396815873612e-14,F
128,166,11,7,0.6363636363636364,3.506972883209232e-14,F
128,183,27,11,0.4074074074074074,2.858268363745836e-13,F
128,192,20,11,0.55,9.831693022644555e-14,F
129,133,26,10,0.38461538461538464,1.2161528294835078e-13,F
129,151,20,9,0.45,2.7357413209805337e-13,F
129,154,21,9,0.42857142857142855,1.4112466078554375e-13,F
129,158,17,8,0.47058823529411764,6.678622363259432e-14,F
129,164,16,8,0.5,9.837573464177574e-14,F
129,171,14,8,0.5714285714285714,5.339230847809656e-14,F
129,178,28,10,0.35714285714285715,8.85215091874815e-14,F
129,180,14,8,0.5714285714285714,1.026959956960602e-13,F
129,188,19,8,0.42105263157894735,7.410231147230925e-14,F
130,132,7,0,0.0,inf,none
130,137,13,7,0.5384615384615384,1.3803680895259178e-14,F
130,142,19,10,0.5263157894736842,1.1109021417609471e-13,F
130,145,12,7,0.5833333333333334,6.732960543265332e-14,F
130,149,12,7,0.5833333333333334,0.0,F
130,168,13,7,0.5384615384615384,4.048651130604715e-14,F
130,169,17,9,0.5294117647058824,1.2147193786862104e-13,F
130,174,8,7,0.875,0.0,F
130,175,5,0,0.0,inf,none
130,177,13,8,0.6153846153846154,2.07439961204519e-14,F
130,181,15,8,0.5333333333333333,2.2094301486020457e-13,F
130,186,24,12,0.5,5.986055699519141e-14,F
131,139,35,10,0.2857142857142857,5.444522464164228e-14,F
131,147,36,12,0.3333333333333333,3.9650073046897105e-13,F
131,152,41,11,0.2682926829268293,1.1784986235583578e-13,F
131,153,42,10,0.23809523809523808,4.128358963820418e-14,F
131,156,32,10,0.3125,4.833411774117502e-13,F
131,157,38,9,0.23684210526315788,7.434269942274002e-14,F
131,172,51,13,0.2549019607843137,3.128572772484635e-14,F
131,187,30,10,0.3333333333333333,1.9914541478545378e-13,F
131,194,40,11,0.275,1.5088321217437972e-13,F
131,195,46,14,0.30434782608695654,4.769431377615874e-13,F
131,196,1248,1118,0.8958333333333334,0.278817743062973,F
132,137,15,8,0.5333333333333333,9.411034099368262e-14,F
132,142,18,9,0.5,5.823593018407236e-13,F
132,145,8,7,0.875,3.101359297955249e-14,F
132,149,15,8,0.5333333333333333,4.079713997184875e-13,F
132,168,13,7,0.5384615384615384,4.8847136459393564e-14,F
132,169,5,0,0.0,inf,none
132,170,17,9,0.5294117647058824,6.904968133727984e-13,F
132,174,16,9,0.5625,2.6818792412536263e-13,F
132,175,13,7,0.5384615384615384,9.948681147561172e-14,F
132,177,9,7,0.7777777777777778,6.400342732746419e-15,F
132,181,10,7,0.7,0.0,F
132,186,12,8,0.6666666666666666,5.4671368886032023e-14,F
133,135,19,8,0.42105263157894735,7.618917703764577e-14,F
133,151,12,7,0.5833333333333334,9.949365550182554e-14,F
133,154,15,9,0.6,2.9536355999892905e-13,F
133,158,220,201,0.9136363636363637,0.22308464348316193,F
133,164,13,7,0.5384615384615384,3.698581561460343e-14,F
133,171,21,9,0.42857142857142855,1.807124057600501e-13,F
133,178,23,10,0.43478260869565216,2.6391080076501594e-13,F
133,180,19,10,0.5263157894736842,6.456612588329191e-13,F
133,188,24,9,0.375,5.040472705018784e-13,F
134,146,11,7,0.6363636363636364,2.4562913619849587e-14,F
134,150,15,8,0.5333333333333333,9.967566594153154e-14,F
134,163,8,7,0.875,3.465151817284677e-14,F
134,166,27,14,0.5185185185185185,0.0430128276348114,F
134,183,15,8,0.5333333333333333,1.0241299182398717e-13,F
134,190,13,7,0.5384615384615384,6.591874246296035e-15,F
134,192,15,8,0.5333333333333333,7.738383230645324e-14,F
135,136,39,11,0.28205128205128205,9.859798931087169e-14,F
135,140,31,10,0.3225806451612903,1.0760507339769437e-13,F
135,158,17,8,0.47058823529411764,9.735920362551227e-15,F
135,159,42,10,0.23809523809523808,7.686893791847629e-14,F
135,164,22,10,0.45454545454545453,2.270246978689633e-13,F
135,180,31,11,0.3548387096774194,1.1404536982752983e-13,F
135,188,25,11,0.44,1.9843996508939893e-13,F
136,140,19,9,0.47368421052631576,9.238287489599789e-14,F
136,158,23,10,0.43478260869565216,1.4496326502470153e-13,F
136,159,40,15,0.375,0.13942524790763855,F
136,180,30,9,0.3,1.630733444330304e-13,F
136,188,10,8,0.8,4.096360430765403e-14,F
137,142,16,11,0.6875,1.1648681693711416e-13,F
137,145,16,9,0.5625,1.3269334903868307e-13,F
137,149,14,9,0.6428571428571429,7.597472184792814e-14,F
137,168,19,9,0.47368421052631576,1.5834381061115982e-13,F
137,169,19,9,0.47368421052631576,1.329840371936536e-13,F
137,174,13,7,0.5384615384615384,4.9614981990474954e-14,F
137,175,19,9,0.47368421052631576,1.1194581909677523e-13,F
137,177,18,10,0.5555555555555556,6.693105271404765e-14,F
137,181,8,7,0.875,3.833134778010762e-14,F
137,186,15,8,0.5333333333333333,1.0487876571981664e-13,F
139,147,20,9,0.45,2.0584743761972724e-13,F
139,152,12,7,0.5833333333333334,4.2773893286921286e-14,F
139,153,18,10,0.5555555555555556,4.567019370104938e-14,F
139,157,22,9,0.4090909090909091,2.9334366424653424e-13,F
139,184,16,8,0.5,8.598350709817376e-14,F
139,196,23,9,0.391304347826087,8.38037660642367e-14,F
140,159,28,11,0.39285714285714285,5.600374832393125e-14,F
140,161,32,11,0.34375,2.0278439029960266e-13,F
140,180,34,11,0.3235294117647059,2.2083626160379621e-13,F
140,188,36,12,0.3333333333333333,2.5836681765930604e-14,F
141,143,337,295,0.8753709198813057,0.16098414361476898,F
141,163,34,10,0.29411764705882354,1.4329321420831348e-13,F
141,176,48,11,0.22916666666666666,9.046292225511551e-14,F
141,179,31,11,0.3548387096774194,9.787629691102029e-14,F
141,199,3657,3549,0.970467596390484,0.2334512323141098,F
142,149,9,7,0.7777777777777778,5.1650717258983417e-14,F
142,168,30,15,0.5,1.0363010363029224e-13,F
142,169,29,16,0.5517241379310345,0.16812960803508759,F
142,170,8,7,0.875,4.345053708650591e-14,F
142,175,13,7,0.5384615384615384,3.1094748900294816e-14,F
142,181,13,7,0.5384615384615384,0.0,F
142,186,27,14,0.5185185185185185,0.031358398497104645,F
143,176,25,9,0.36,1.0895863882367032e-13,F
143,179,33,10,0.30303030303030304,7.656957614612589e-14,F
143,199,444,370,0.8333333333333334,0.2560596466064453,F
144,146,25,10,0.4,1.5953594510991626e-13,F
144,150,21,10,0.47619047619047616,7.728649128015477e-14,F
144,165,34,15,0.4411764705882353,1.1518829510018258e-13,F
144,166,12,7,0.5833333333333334,3.974117991070378e-14,F
144,183,13,7,0.5384615384615384,4.2341066227137916e-14,F
144,190,11,8,0.7272727272727273,0.0,F
144,192,19,10,0.5263157894736842,8.323819877722322e-14,F
145,149,9,7,0.7777777777777778,4.33087878168488e-14,F
145,168,14,8,0.5714285714285714,6.055045516633467e-14,F
145,174,14,8,0.5714285714285714,4.002561696252356e-14,F
145,175,14,8,0.5714285714285714,6.153650993715593e-14,F
145,177,53,31,0.5849056603773585,0.21567876636981964,F
145,181,15,8,0.5333333333333333,1.0298060554260122e-13,F
145,186,14,8,0.5714285714285714,3.005903428184194e-14,F
146,150,18,10,0.5555555555555556,4.097849853499855e-14,F
146,163,22,9,0.4090909090909091,1.0070911728794936e-14,F
146,166,16,8,0.5,4.537594123143682e-14,F
146,183,47,19,0.40425531914893614,0.19385796785354614,F
146,190,18,9,0.5,3.259626455472814e-13,F
146,192,20,9,0.45,7.902608011338061e-14,F
147,156,19,12,0.631578947368421,3.847651906287164e-13,F
147,157,35,17,0.4857142857142857,0.012055328115820885,F
147,172,26,12,0.46153846153846156,9.069937997267102e-14,F
147,184,8,7,0.875,6.475506742419871e-15,F
147,187,16,9,0.5625,1.1406994055926378e-13,F
147,191,21,10,0.47619047619047616,1.1602112499897732e-13,F
147,194,19,9,0.47368421052631576,1.7401785036823963e-13,F
147,195,31,14,0.45161290322580644,0.004008603747934103,F
147,196,18,9,0.5,2.437719351464779e-13,F
148,167,204,187,0.9166666666666666,0.13088035583496094,F
149,168,17,8,0.47058823529411764,1.4998417818042759e-13,F
149,169,11,7,0.6363636363636364,4.1853951131699124e-14,F
149,175,20,10,0.5,2.745193124469719e-13,F
149,177,9,7,0.7777777777777778,2.91832293194353e-14,F
149,181,25,11,0.44,2.2132737808287783e-13,F
149,186,15,10,0.6666666666666666,5.668032774901188e-14,F
150,165,19,9,0.47368421052631576,1.5503429703217497e-13,F
150,166,15,8,0.5333333333333333,2.8077711054612375e-13,F
150,183,16,9,0.5625,1.1075567004324716e-13,F
150,190,13,7,0.5384615384615384,0.0,F
150,198,67,33,0.4925373134328358,0.11488162726163864,F
151,154,94,54,0.574468085106383,0.24086301028728485,F
151,158,16,9,0.5625,1.796556610075828e-13,F
151,164,22,9,0.4090909090909091,3.265241267473573e-13,F
151,171,52,33,0.6346153846153846,0.26466232538223267,F
151,178,25,10,0.4,5.384885923666663e-14,F
152,153,21,10,0.47619047619047616,1.2981960341787446e-13,F
152,156,24,9,0.375,5.380277386807242e-14,F
152,172,25,9,0.36,8.727811225475723e-14,F
152,195,15,8,0.5333333333333333,9.505928216888698e-14,F
152,196,27,11,0.4074074074074074,2.495743141230772e-13,F
153,156,20,9,0.45,3.2050544943734716e-13,F
153,157,33,9,0.2727272727272727,1.5124735502653613e-13,F
153,172,30,10,0.3333333333333333,8.131506806872274e-14,F
153,173,23,10,0.43478260869565216,6.948719486095378e-14,F
153,187,15,9,0.6,3.5127493090963274e-14,F
153,194,25,9,0.36,1.1298548088876231e-13,F
153,196,25,10,0.4,1.1243099279269891e-13,F
154,158,14,8,0.5714285714285714,9.586876106339182e-14,F
154,164,19,9,0.47368421052631576,2.2819368465133716e-13,F
154,171,919,804,0.8748639825897715,0.22149591147899628,F
154,178,27,11,0.4074074074074074,7.222618092798602e-14,F
155,161,75,15,0.2,1.2342896344753884e-13,F
155,189,100,39,0.39,0.22145313024520874,F
156,157,25,9,0.36,6.837330587773291e-14,F
156,172,19,9,0.47368421052631576,8.216076609205217e-14,F
156,187,11,7,0.6363636363636364,1.57122053676172e-14,F
156,191,34,17,0.5,0.20983067154884338,F
156,194,27,10,0.37037037037037035,1.787552582083879e-13,F
156,195,21,9,0.42857142857142855,2.1582001051741184e-13,F
156,196,15,8,0.5333333333333333,1.5662570253347635e-13,F
157,172,31,11,0.3548387096774194,7.723006533334048e-14,F
157,184,25,9,0.36,7.725828169487942e-14,F
157,187,58,32,0.5517241379310345,0.16174152493476868,F
157,191,27,10,0.37037037037037035,1.5995256334722097e-13,F
157,194,27,9,0.3333333333333333,9.558106124065921e-14,F
157,195,28,9,0.32142857142857145,2.666999108537349e-13,F
157,196,29,9,0.3103448275862069,7.232714047903516e-14,F
158,159,20,9,0.45,1.4143504076247204e-13,F
158,164,18,9,0.5,1.5459374503191264e-13,F
158,171,13,7,0.5384615384615384,0.0,F
158,178,23,10,0.43478260869565216,4.6219159142296684e-14,F
158,180,16,9,0.5625,4.17465710709098e-14,F
158,188,10,7,0.7,6.649643672067967e-14,F
159,164,20,9,0.45,3.092775601593045e-13,F
159,180,24,10,0.4166666666666667,1.2844120298588502e-13,F
159,188,15,9,0.6,5.467262927105754e-14,F
160,162,19,9,0.47368421052631576,8.968159873577741e-14,F
160,167,13,8,0.6153846153846154,1.0918250454943195e-14,F
160,176,184,146,0.7934782608695652,0.20028504729270935,F
160,179,118,85,0.7203389830508474,0.2037261426448822,F
160,182,243,203,0.8353909465020576,0.2246190458536148,F
160,185,161,101,0.6273291925465838,0.3496198058128357,F
160,197,218,160,0.7339449541284404,0.24844250082969666,F
161,188,28,10,0.35714285714285715,9.19155973121838e-14,F
162,167,24,9,0.375,2.488539701996778e-13,F
162,193,27,10,0.37037037037037035,1.5210340040434922e-13,F
163,183,29,11,0.3793103448275862,1.6534335207409045e-13,F
163,192,37,9,0.24324324324324326,7.008649438805872e-14,F
164,171,21,9,0.42857142857142855,1.2964107597764757e-13,F
164,178,14,8,0.5714285714285714,9.524672717198257e-14,F
164,180,24,9,0.375,1.0385925653571063e-13,F
164,188,21,10,0.47619047619047616,2.280939109464142e-13,F
165,166,15,8,0.5333333333333333,1.411573494810442e-13,F
165,190,20,9,0.45,1.255444180689111e-13,F
165,198,19,9,0.47368421052631576,1.0299823738043126e-13,F
166,183,17,9,0.5294117647058824,1.0601681885895678e-13,F
166,190,21,9,0.42857142857142855,1.961801625012874e-13,F
166,198,23,9,0.391304347826087,6.903367851321396e-13,F
167,193,34,11,0.3235294117647059,1.222579031285101e-13,F
168,169,24,12,0.5,1.7469936630133687e-13,F
168,174,11,7,0.6363636363636364,4.055882759095193e-14,F
168,175,14,8,0.5714285714285714,1.2910649654397643e-13,F
168,177,12,7,0.5833333333333334,4.4707425560014044e-14,F
168,181,12,7,0.5833333333333334,0.0,F
168,186,37,20,0.5405405405405406,0.12856276333332062,F
169,170,16,8,0.5,1.5673977415454898e-13,F
169,175,15,9,0.6,3.193423173467047e-13,F
169,181,14,8,0.5714285714285714,7.27050323699914e-14,F
169,186,21,10,0.47619047619047616,6.646107817732949e-14,F
170,175,28,10,0.35714285714285715,1.6050320252557204e-13,F
170,181,52,11,0.21153846153846154,2.4526669757662933e-13,F
170,184,35,12,0.34285714285714286,7.320499864930594e-14,F
171,178,32,13,0.40625,1.2256992296122426e-13,F
172,187,12,7,0.5833333333333334,1.510588732551131e-14,F
172,191,21,9,0.42857142857142855,1.3427530842855667e-13,F
172,194,37,10,0.2702702702702703,6.077836801551828e-14,F
172,195,30,11,0.36666666666666664,1.50796747051124e-13,F
172,196,33,10,0.30303030303030304,1.3862427373535768e-13,F
174,175,17,9,0.5294117647058824,6.447436578767632e-14,F
174,177,43,22,0.5116279069767442,0.06288214027881622,F
174,181,27,10,0.37037037037037035,2.199496823823005e-13,F
174,186,17,9,0.5294117647058824,3.551267962966127e-14,F
175,177,9,7,0.7777777777777778,2.523099391633747e-14,F
175,181,17,8,0.47058823529411764,4.865066716727793e-15,F
175,186,11,7,0.6363636363636364,1.8441650455531568e-14,F
176,179,635,527,0.8299212598425196,0.14618445932865143,F
176,182,393,315,0.8015267175572519,0.22110985219478607,F
176,185,975,878,0.9005128205128206,0.22503748536109924,F
176,197,929,874,0.9407965554359526,0.1384453922510147,F
176,199,46,10,0.21739130434782608,1.8824084814777348e-13,F
177,181,14,8,0.5714285714285714,2.915619135013259e-13,F
177,186,20,9,0.45,2.1166900697477953e-13,F
179,182,428,373,0.8714953271028038,0.18059924244880676,F
179,185,735,625,0.8503401360544217,0.27215611934661865,F
179,197,400,338,0.845,0.2142452895641327,F
179,199,44,10,0.22727272727272727,1.4322465197343093e-13,F
180,188,12,7,0.5833333333333334,2.838806697580496e-14,F
181,186,26,10,0.38461538461538464,1.7102603513084735e-13,F
182,185,456,367,0.8048245614035088,0.2778353691101074,F
182,197,384,340,0.8854166666666666,0.2032320499420166,F
183,192,15,9,0.6,5.918504483162432e-14,F
184,196,29,10,0.3448275862068966,2.0199814043664333e-13,F
185,197,689,632,0.9172714078374455,0.1688472032546997,F
187,191,16,9,0.5625,7.478863177628331e-14,F
187,194,20,9,0.45,1.8124497941970213e-13,F
187,195,10,7,0.7,5.155876336222949e-14,F
190,198,49,22,0.4489795918367347,0.13186591863632202,F
191,194,6,0,0.0,inf,none
191,195,14,8,0.5714285714285714,8.265676825717355e-14,F
194,195,21,10,0.47619047619047616,1.420171218038252e-13,F
194,196,36,10,0.2777777777777778,4.202222066412159e-13,F
