nohup: ignoring input
Runner: docker
Clusters: 18
[diffusion] preloading model once for all clusters...
Loading pipeline components...:   0%|          | 0/5 [00:00<?, ?it/s]Loading pipeline components...:  20%|██        | 1/5 [01:12<04:47, 71.98s/it]Loading pipeline components...:  40%|████      | 2/5 [01:21<01:45, 35.07s/it]`torch_dtype` is deprecated! Use `dtype` instead!
Loading pipeline components...:  60%|██████    | 3/5 [01:35<00:51, 25.75s/it]Loading pipeline components...:  80%|████████  | 4/5 [01:37<00:16, 16.10s/it]Loading pipeline components...: 100%|██████████| 5/5 [01:38<00:00, 10.64s/it]Loading pipeline components...: 100%|██████████| 5/5 [01:38<00:00, 19.63s/it]
You have disabled the safety checker for <class 'diffusers.pipelines.stable_diffusion.pipeline_stable_diffusion.StableDiffusionPipeline'> by passing `safety_checker=None`. Ensure that you abide to the conditions of the Stable Diffusion license and do not expose unfiltered results in services or applications open to the public. Both the diffusers team and Hugging Face strongly recommend to keep the safety filter enabled in all public facing circumstances, disabling it only for use-cases that involve analyzing network behavior or auditing its results. For more information, please have a look at https://github.com/huggingface/diffusers/pull/254 .
[cluster] 1/18: ETs/cluster_0001
+ docker run --rm -v /home/shamika/documents/prog_workspace/ml_imc25/ImageMatchingChallenge2025:/workspace -w /workspace colmap/colmap:latest sh -lc rm -rf outputs/ETs_cluster_0001

==========
== CUDA ==
==========

CUDA Version 12.9.1

Container image Copyright (c) 2016-2023, NVIDIA CORPORATION & AFFILIATES. All rights reserved.

This container image and its contents are governed by the NVIDIA Deep Learning Container License.
By pulling and using the container, you accept the terms and conditions of this license:
https://developer.nvidia.com/ngc/nvidia-deep-learning-container-license

A copy of this license is made available in this container at /NGC-DL-CONTAINER-LICENSE for your convenience.

WARNING: The NVIDIA Driver was not detected.  GPU functionality will not be available.
   Use the NVIDIA Container Toolkit to start this container with GPU support; see
   https://docs.nvidia.com/datacenter/cloud-native/ .

[run] ETs/cluster_0001: images=7 matcher=diffusion
[diffusion] using preloaded model on device=cuda
[diffusion] image 1/7: another_et_another_et001.png
[diffusion] cache hit: another_et_another_et001.png
[diffusion] image 2/7: another_et_another_et002.png
[diffusion] cache hit: another_et_another_et002.png
[diffusion] image 3/7: another_et_another_et003.png
[diffusion] cache hit: another_et_another_et003.png
[diffusion] image 4/7: another_et_another_et004.png
[diffusion] cache hit: another_et_another_et004.png
[diffusion] image 5/7: another_et_another_et005.png
[diffusion] cache hit: another_et_another_et005.png
[diffusion] image 6/7: another_et_another_et006.png
[diffusion] cache hit: another_et_another_et006.png
[diffusion] image 7/7: another_et_another_et007.png
[diffusion] cache hit: another_et_another_et007.png
[diffusion] matching pairs=21 (RANSAC)...
[ok] wrote outputs/ETs_cluster_0001/colmap_diffusion.db (images=7 pairs=21 good_pairs=7, min_inliers=8)
+ docker run --rm --gpus all -v /home/shamika/documents/prog_workspace/ml_imc25/ImageMatchingChallenge2025:/workspace -w /workspace colmap/colmap:latest colmap mapper --database_path outputs/ETs_cluster_0001/colmap_diffusion.db --image_path outputs/ETs_cluster_0001/images --output_path outputs/ETs_cluster_0001/sparse --Mapper.ba_refine_principal_point 0 --Mapper.min_model_size 2 --Mapper.init_min_num_inliers 8 --Mapper.init_min_tri_angle 0.5 --Mapper.tri_min_angle 0.05 --Mapper.filter_min_tri_angle 0.05 --Mapper.tri_ignore_two_view_tracks 0

==========
== CUDA ==
==========

CUDA Version 12.9.1

Container image Copyright (c) 2016-2023, NVIDIA CORPORATION & AFFILIATES. All rights reserved.

This container image and its contents are governed by the NVIDIA Deep Learning Container License.
By pulling and using the container, you accept the terms and conditions of this license:
https://developer.nvidia.com/ngc/nvidia-deep-learning-container-license

A copy of this license is made available in this container at /NGC-DL-CONTAINER-LICENSE for your convenience.

I20251226 01:30:18.602784     1 incremental_pipeline.cc:264] Loading database
I20251226 01:30:18.666723     1 database_cache.cc:67] Loading rigs...
I20251226 01:30:18.668166     1 database_cache.cc:77]  0 in 0.001s
I20251226 01:30:18.668207     1 database_cache.cc:85] Loading cameras...
I20251226 01:30:18.668259     1 database_cache.cc:103]  1 in 0.000s
I20251226 01:30:18.668292     1 database_cache.cc:111] Loading frames...
I20251226 01:30:18.668320     1 database_cache.cc:126]  0 in 0.000s
I20251226 01:30:18.668337     1 database_cache.cc:134] Loading matches...
I20251226 01:30:18.668362     1 database_cache.cc:139]  7 in 0.000s
I20251226 01:30:18.668367     1 database_cache.cc:155] Loading images...
I20251226 01:30:18.669139     1 database_cache.cc:239]  7 in 0.001s (connected 3)
I20251226 01:30:18.669176     1 database_cache.cc:250] Building correspondence graph...
I20251226 01:30:18.669239     1 database_cache.cc:277]  in 0.000s (ignored 5)
I20251226 01:30:18.669504     1 timer.cc:90] Elapsed time: 0.001 [minutes]
I20251226 01:30:18.670189     1 incremental_pipeline.cc:311] Finding good initial image pair
I20251226 01:30:18.716672     1 incremental_pipeline.cc:335] Registering initial image pair #1 and #2
I20251226 01:30:18.717310     1 incremental_pipeline.cc:349] Global bundle adjustment
I20251226 01:30:18.895880     1 incremental_pipeline.cc:597] Keeping successful reconstruction
I20251226 01:30:18.911127     1 incremental_pipeline.cc:245] => Relaxing the initialization constraints.
I20251226 01:30:18.911203     1 incremental_pipeline.cc:311] Finding good initial image pair
I20251226 01:30:18.913085     1 incremental_pipeline.cc:315] => No good initial image pair found.
I20251226 01:30:18.913136     1 incremental_pipeline.cc:559] Discarding reconstruction due to no initial pair
I20251226 01:30:18.913159     1 incremental_pipeline.cc:254] => Relaxing the initialization constraints.
I20251226 01:30:18.913193     1 incremental_pipeline.cc:311] Finding good initial image pair
I20251226 01:30:18.915000     1 incremental_pipeline.cc:315] => No good initial image pair found.
I20251226 01:30:18.915031     1 incremental_pipeline.cc:559] Discarding reconstruction due to no initial pair
I20251226 01:30:18.915045     1 incremental_pipeline.cc:245] => Relaxing the initialization constraints.
I20251226 01:30:18.915064     1 incremental_pipeline.cc:311] Finding good initial image pair
I20251226 01:30:18.917369     1 incremental_pipeline.cc:315] => No good initial image pair found.
I20251226 01:30:18.917397     1 incremental_pipeline.cc:559] Discarding reconstruction due to no initial pair
I20251226 01:30:18.917410     1 incremental_pipeline.cc:254] => Relaxing the initialization constraints.
I20251226 01:30:18.917428     1 incremental_pipeline.cc:311] Finding good initial image pair
I20251226 01:30:18.918923     1 incremental_pipeline.cc:315] => No good initial image pair found.
I20251226 01:30:18.918951     1 incremental_pipeline.cc:559] Discarding reconstruction due to no initial pair
I20251226 01:30:18.918962     1 timer.cc:90] Elapsed time: 0.005 [minutes]
+ docker run --rm --gpus all -v /home/shamika/documents/prog_workspace/ml_imc25/ImageMatchingChallenge2025:/workspace -w /workspace colmap/colmap:latest colmap image_undistorter --image_path outputs/ETs_cluster_0001/images --input_path outputs/ETs_cluster_0001/sparse/0 --output_path outputs/ETs_cluster_0001/dense --output_type COLMAP

==========
== CUDA ==
==========

CUDA Version 12.9.1

Container image Copyright (c) 2016-2023, NVIDIA CORPORATION & AFFILIATES. All rights reserved.

This container image and its contents are governed by the NVIDIA Deep Learning Container License.
By pulling and using the container, you accept the terms and conditions of this license:
https://developer.nvidia.com/ngc/nvidia-deep-learning-container-license

A copy of this license is made available in this container at /NGC-DL-CONTAINER-LICENSE for your convenience.

I20251226 01:30:22.306156     1 misc.cc:44] 
==============================================================================
Reading reconstruction
==============================================================================
I20251226 01:30:22.306660     1 image.cc:374] => Reconstruction with 2 images and 33 points
I20251226 01:30:22.307586     1 misc.cc:44] 
==============================================================================
Image undistortion
==============================================================================
I20251226 01:30:22.364636     1 undistortion.cc:197] Undistorting image [1/2]
I20251226 01:30:22.473142     1 undistortion.cc:197] Undistorting image [2/2]
I20251226 01:30:22.473217     1 undistortion.cc:207] Writing reconstruction...
I20251226 01:30:22.474464     1 undistortion.cc:212] Writing configuration...
I20251226 01:30:22.474570     1 undistortion.cc:216] Writing scripts...
I20251226 01:30:22.474640     1 timer.cc:90] Elapsed time: 0.003 [minutes]
+ docker run --rm --gpus all -v /home/shamika/documents/prog_workspace/ml_imc25/ImageMatchingChallenge2025:/workspace -w /workspace colmap/colmap:latest colmap patch_match_stereo --workspace_path outputs/ETs_cluster_0001/dense --workspace_format COLMAP --PatchMatchStereo.geom_consistency true --PatchMatchStereo.gpu_index 0

==========
== CUDA ==
==========

CUDA Version 12.9.1

Container image Copyright (c) 2016-2023, NVIDIA CORPORATION & AFFILIATES. All rights reserved.

This container image and its contents are governed by the NVIDIA Deep Learning Container License.
By pulling and using the container, you accept the terms and conditions of this license:
https://developer.nvidia.com/ngc/nvidia-deep-learning-container-license

A copy of this license is made available in this container at /NGC-DL-CONTAINER-LICENSE for your convenience.

I20251226 01:30:26.285140     1 patch_match.cc:205] Reading workspace...
I20251226 01:30:26.285548     1 patch_match.cc:235] Reading configuration...
I20251226 01:30:26.285637     1 patch_match.cc:366] Configuration has 2 problems...
I20251226 01:30:26.285920    25 misc.cc:44] 
==============================================================================
Processing view 1 / 2 for another_et_another_et001.png
==============================================================================
I20251226 01:30:26.285962    25 patch_match.cc:461] Reading inputs...
I20251226 01:30:26.299221    25 misc.cc:51] 
PatchMatch::Problem
-------------------
I20251226 01:30:26.299274    25 patch_match.cc:54] ref_image_idx: 0
I20251226 01:30:26.299283    25 patch_match.cc:55] src_image_idxs: 
I20251226 01:30:26.299285    25 patch_match.cc:60] 1
I20251226 01:30:26.299289    25 misc.cc:51] 
PatchMatchOptions
-----------------
I20251226 01:30:26.299292    25 patch_match_options.cc:47] max_image_size: -1
I20251226 01:30:26.299305    25 patch_match_options.cc:48] gpu_index: 0
I20251226 01:30:26.299309    25 patch_match_options.cc:49] depth_min: 76.7895
I20251226 01:30:26.299340    25 patch_match_options.cc:50] depth_max: 747.253
I20251226 01:30:26.299342    25 patch_match_options.cc:51] window_radius: 5
I20251226 01:30:26.299346    25 patch_match_options.cc:52] window_step: 1
I20251226 01:30:26.299350    25 patch_match_options.cc:53] sigma_spatial: 5
I20251226 01:30:26.299355    25 patch_match_options.cc:54] sigma_color: 0.2
I20251226 01:30:26.299360    25 patch_match_options.cc:55] num_samples: 15
I20251226 01:30:26.299365    25 patch_match_options.cc:56] ncc_sigma: 0.6
I20251226 01:30:26.299369    25 patch_match_options.cc:57] min_triangulation_angle: 1
I20251226 01:30:26.299377    25 patch_match_options.cc:58] incident_angle_sigma: 0.9
I20251226 01:30:26.299382    25 patch_match_options.cc:59] num_iterations: 5
I20251226 01:30:26.299403    25 patch_match_options.cc:60] geom_consistency: 0
I20251226 01:30:26.299412    25 patch_match_options.cc:61] geom_consistency_regularizer: 0.3
I20251226 01:30:26.299432    25 patch_match_options.cc:62] geom_consistency_max_cost: 3
I20251226 01:30:26.299439    25 patch_match_options.cc:63] filter: 0
I20251226 01:30:26.299458    25 patch_match_options.cc:64] filter_min_ncc: 0.1
I20251226 01:30:26.299466    25 patch_match_options.cc:65] filter_min_triangulation_angle: 3
I20251226 01:30:26.299472    25 patch_match_options.cc:66] filter_min_num_consistent: 1
I20251226 01:30:26.299476    25 patch_match_options.cc:67] filter_geom_consistency_max_cost: 1
I20251226 01:30:26.299494    25 patch_match_options.cc:68] write_consistency_graph: 0
I20251226 01:30:26.299502    25 patch_match_options.cc:69] allow_missing_files: 0
I20251226 01:30:26.299522    25 misc.cc:51] 
PatchMatch::Run
---------------
I20251226 01:31:10.531942    25 cudacc.cc:51] Initialization: 0.0369s
I20251226 01:31:10.964980    25 cudacc.cc:51]  Sweep 1: 0.4313s
I20251226 01:31:11.059443    25 cudacc.cc:51]  Sweep 2: 0.0942s
I20251226 01:31:11.262329    25 cudacc.cc:51]  Sweep 3: 0.2024s
I20251226 01:31:11.363304    25 cudacc.cc:51]  Sweep 4: 0.1007s
I20251226 01:31:11.363402    25 cudacc.cc:51] Iteration 1: 0.8289s
I20251226 01:31:11.567334    25 cudacc.cc:51]  Sweep 1: 0.2034s
I20251226 01:31:11.668733    25 cudacc.cc:51]  Sweep 2: 0.1010s
I20251226 01:31:11.874752    25 cudacc.cc:51]  Sweep 3: 0.2054s
I20251226 01:31:11.974208    25 cudacc.cc:51]  Sweep 4: 0.0992s
I20251226 01:31:11.974287    25 cudacc.cc:51] Iteration 2: 0.6096s
I20251226 01:31:12.174818    25 cudacc.cc:51]  Sweep 1: 0.2001s
I20251226 01:31:12.274901    25 cudacc.cc:51]  Sweep 2: 0.0998s
I20251226 01:31:12.474611    25 cudacc.cc:51]  Sweep 3: 0.1992s
I20251226 01:31:12.574411    25 cudacc.cc:51]  Sweep 4: 0.0995s
I20251226 01:31:12.574501    25 cudacc.cc:51] Iteration 3: 0.5989s
I20251226 01:31:12.770706    25 cudacc.cc:51]  Sweep 1: 0.1958s
I20251226 01:31:12.869035    25 cudacc.cc:51]  Sweep 2: 0.0980s
I20251226 01:31:13.062541    25 cudacc.cc:51]  Sweep 3: 0.1930s
I20251226 01:31:13.159698    25 cudacc.cc:51]  Sweep 4: 0.0969s
I20251226 01:31:13.159786    25 cudacc.cc:51] Iteration 4: 0.5840s
I20251226 01:31:13.347910    25 cudacc.cc:51]  Sweep 1: 0.1877s
I20251226 01:31:13.445739    25 cudacc.cc:51]  Sweep 2: 0.0975s
I20251226 01:31:13.631104    25 cudacc.cc:51]  Sweep 3: 0.1849s
I20251226 01:31:13.727960    25 cudacc.cc:51]  Sweep 4: 0.0965s
I20251226 01:31:13.728046    25 cudacc.cc:51] Iteration 5: 0.5670s
I20251226 01:31:13.728075    25 cudacc.cc:51] Total: 3.2265s
I20251226 01:31:13.728081    25 patch_match.cc:504] 
Writing photometric output for another_et_another_et001.png
I20251226 01:31:13.880128    25 misc.cc:44] 
==============================================================================
Processing view 2 / 2 for another_et_another_et002.png
==============================================================================
I20251226 01:31:13.880225    25 patch_match.cc:461] Reading inputs...
I20251226 01:31:13.880434    25 misc.cc:51] 
PatchMatch::Problem
-------------------
I20251226 01:31:13.880467    25 patch_match.cc:54] ref_image_idx: 1
I20251226 01:31:13.880473    25 patch_match.cc:55] src_image_idxs: 
I20251226 01:31:13.880476    25 patch_match.cc:60] 0
I20251226 01:31:13.880481    25 misc.cc:51] 
PatchMatchOptions
-----------------
I20251226 01:31:13.880483    25 patch_match_options.cc:47] max_image_size: -1
I20251226 01:31:13.880486    25 patch_match_options.cc:48] gpu_index: 0
I20251226 01:31:13.880489    25 patch_match_options.cc:49] depth_min: 71.5564
I20251226 01:31:13.880499    25 patch_match_options.cc:50] depth_max: 742.119
I20251226 01:31:13.880502    25 patch_match_options.cc:51] window_radius: 5
I20251226 01:31:13.880506    25 patch_match_options.cc:52] window_step: 1
I20251226 01:31:13.880508    25 patch_match_options.cc:53] sigma_spatial: 5
I20251226 01:31:13.880511    25 patch_match_options.cc:54] sigma_color: 0.2
I20251226 01:31:13.880515    25 patch_match_options.cc:55] num_samples: 15
I20251226 01:31:13.880518    25 patch_match_options.cc:56] ncc_sigma: 0.6
I20251226 01:31:13.880522    25 patch_match_options.cc:57] min_triangulation_angle: 1
I20251226 01:31:13.880527    25 patch_match_options.cc:58] incident_angle_sigma: 0.9
I20251226 01:31:13.880530    25 patch_match_options.cc:59] num_iterations: 5
I20251226 01:31:13.880534    25 patch_match_options.cc:60] geom_consistency: 0
I20251226 01:31:13.880537    25 patch_match_options.cc:61] geom_consistency_regularizer: 0.3
I20251226 01:31:13.880540    25 patch_match_options.cc:62] geom_consistency_max_cost: 3
I20251226 01:31:13.880566    25 patch_match_options.cc:63] filter: 0
I20251226 01:31:13.880573    25 patch_match_options.cc:64] filter_min_ncc: 0.1
I20251226 01:31:13.880613    25 patch_match_options.cc:65] filter_min_triangulation_angle: 3
I20251226 01:31:13.880620    25 patch_match_options.cc:66] filter_min_num_consistent: 1
I20251226 01:31:13.880623    25 patch_match_options.cc:67] filter_geom_consistency_max_cost: 1
I20251226 01:31:13.880626    25 patch_match_options.cc:68] write_consistency_graph: 0
I20251226 01:31:13.880630    25 patch_match_options.cc:69] allow_missing_files: 0
I20251226 01:31:13.880635    25 misc.cc:51] 
PatchMatch::Run
---------------
I20251226 01:31:13.890869    25 cudacc.cc:51] Initialization: 0.0040s
I20251226 01:31:14.070887    25 cudacc.cc:51]  Sweep 1: 0.1795s
I20251226 01:31:14.161947    25 cudacc.cc:51]  Sweep 2: 0.0908s
I20251226 01:31:14.347746    25 cudacc.cc:51]  Sweep 3: 0.1853s
I20251226 01:31:14.440177    25 cudacc.cc:51]  Sweep 4: 0.0921s
I20251226 01:31:14.440263    25 cudacc.cc:51] Iteration 1: 0.5481s
I20251226 01:31:14.628629    25 cudacc.cc:51]  Sweep 1: 0.1879s
I20251226 01:31:14.719488    25 cudacc.cc:51]  Sweep 2: 0.0905s
I20251226 01:31:14.905117    25 cudacc.cc:51]  Sweep 3: 0.1851s
I20251226 01:31:14.995954    25 cudacc.cc:51]  Sweep 4: 0.0905s
I20251226 01:31:14.996040    25 cudacc.cc:51] Iteration 2: 0.5545s
I20251226 01:31:15.181512    25 cudacc.cc:51]  Sweep 1: 0.1850s
I20251226 01:31:15.271776    25 cudacc.cc:51]  Sweep 2: 0.0900s
I20251226 01:31:15.453383    25 cudacc.cc:51]  Sweep 3: 0.1811s
I20251226 01:31:15.542888    25 cudacc.cc:51]  Sweep 4: 0.0892s
I20251226 01:31:15.542974    25 cudacc.cc:51] Iteration 3: 0.5457s
I20251226 01:31:15.726660    25 cudacc.cc:51]  Sweep 1: 0.1832s
I20251226 01:31:15.817278    25 cudacc.cc:51]  Sweep 2: 0.0903s
I20251226 01:31:15.995882    25 cudacc.cc:51]  Sweep 3: 0.1781s
I20251226 01:31:16.085698    25 cudacc.cc:51]  Sweep 4: 0.0895s
I20251226 01:31:16.085784    25 cudacc.cc:51] Iteration 4: 0.5416s
I20251226 01:31:16.266330    25 cudacc.cc:51]  Sweep 1: 0.1801s
I20251226 01:31:16.355614    25 cudacc.cc:51]  Sweep 2: 0.0890s
I20251226 01:31:16.531934    25 cudacc.cc:51]  Sweep 3: 0.1758s
I20251226 01:31:16.620723    25 cudacc.cc:51]  Sweep 4: 0.0885s
I20251226 01:31:16.620816    25 cudacc.cc:51] Iteration 5: 0.5338s
I20251226 01:31:16.620844    25 cudacc.cc:51] Total: 2.7281s
I20251226 01:31:16.620850    25 patch_match.cc:504] 
Writing photometric output for another_et_another_et002.png
I20251226 01:31:16.644029    25 misc.cc:44] 
==============================================================================
Processing view 1 / 2 for another_et_another_et001.png
==============================================================================
I20251226 01:31:16.644079    25 patch_match.cc:461] Reading inputs...
I20251226 01:31:16.673334    25 misc.cc:51] 
PatchMatch::Problem
-------------------
I20251226 01:31:16.673394    25 patch_match.cc:54] ref_image_idx: 0
I20251226 01:31:16.673401    25 patch_match.cc:55] src_image_idxs: 
I20251226 01:31:16.673403    25 patch_match.cc:60] 1
I20251226 01:31:16.673408    25 misc.cc:51] 
PatchMatchOptions
-----------------
I20251226 01:31:16.673411    25 patch_match_options.cc:47] max_image_size: -1
I20251226 01:31:16.673414    25 patch_match_options.cc:48] gpu_index: 0
I20251226 01:31:16.673417    25 patch_match_options.cc:49] depth_min: 76.7895
I20251226 01:31:16.673427    25 patch_match_options.cc:50] depth_max: 747.253
I20251226 01:31:16.673430    25 patch_match_options.cc:51] window_radius: 5
I20251226 01:31:16.673434    25 patch_match_options.cc:52] window_step: 1
I20251226 01:31:16.673436    25 patch_match_options.cc:53] sigma_spatial: 5
I20251226 01:31:16.673439    25 patch_match_options.cc:54] sigma_color: 0.2
I20251226 01:31:16.673442    25 patch_match_options.cc:55] num_samples: 15
I20251226 01:31:16.673444    25 patch_match_options.cc:56] ncc_sigma: 0.6
I20251226 01:31:16.673447    25 patch_match_options.cc:57] min_triangulation_angle: 1
I20251226 01:31:16.673450    25 patch_match_options.cc:58] incident_angle_sigma: 0.9
I20251226 01:31:16.673453    25 patch_match_options.cc:59] num_iterations: 5
I20251226 01:31:16.673456    25 patch_match_options.cc:60] geom_consistency: 1
I20251226 01:31:16.673460    25 patch_match_options.cc:61] geom_consistency_regularizer: 0.3
I20251226 01:31:16.673462    25 patch_match_options.cc:62] geom_consistency_max_cost: 3
I20251226 01:31:16.673465    25 patch_match_options.cc:63] filter: 1
I20251226 01:31:16.673468    25 patch_match_options.cc:64] filter_min_ncc: 0.1
I20251226 01:31:16.673471    25 patch_match_options.cc:65] filter_min_triangulation_angle: 3
I20251226 01:31:16.673475    25 patch_match_options.cc:66] filter_min_num_consistent: 1
I20251226 01:31:16.673476    25 patch_match_options.cc:67] filter_geom_consistency_max_cost: 1
I20251226 01:31:16.673480    25 patch_match_options.cc:68] write_consistency_graph: 0
I20251226 01:31:16.673482    25 patch_match_options.cc:69] allow_missing_files: 0
I20251226 01:31:16.673485    25 misc.cc:51] 
PatchMatch::Run
---------------
I20251226 01:31:16.683751    25 cudacc.cc:51] Initialization: 0.0041s
I20251226 01:31:16.984057    25 cudacc.cc:51]  Sweep 1: 0.2996s
I20251226 01:31:17.131145    25 cudacc.cc:51]  Sweep 2: 0.1467s
I20251226 01:31:17.430787    25 cudacc.cc:51]  Sweep 3: 0.2989s
I20251226 01:31:17.578359    25 cudacc.cc:51]  Sweep 4: 0.1472s
I20251226 01:31:17.578444    25 cudacc.cc:51] Iteration 1: 0.8927s
I20251226 01:31:17.868947    25 cudacc.cc:51]  Sweep 1: 0.2898s
I20251226 01:31:18.010740    25 cudacc.cc:51]  Sweep 2: 0.1414s
I20251226 01:31:18.302552    25 cudacc.cc:51]  Sweep 3: 0.2911s
I20251226 01:31:18.444231    25 cudacc.cc:51]  Sweep 4: 0.1413s
I20251226 01:31:18.444314    25 cudacc.cc:51] Iteration 2: 0.8639s
I20251226 01:31:18.727357    25 cudacc.cc:51]  Sweep 1: 0.2824s
I20251226 01:31:18.865270    25 cudacc.cc:51]  Sweep 2: 0.1375s
I20251226 01:31:19.144024    25 cudacc.cc:51]  Sweep 3: 0.2780s
I20251226 01:31:19.255764    25 cudacc.cc:51]  Sweep 4: 0.1361s
I20251226 01:31:19.255854    25 cudacc.cc:51] Iteration 3: 0.8344s
I20251226 01:31:19.525038    25 cudacc.cc:51]  Sweep 1: 0.2685s
I20251226 01:31:19.660163    25 cudacc.cc:51]  Sweep 2: 0.1347s
I20251226 01:31:19.926043    25 cudacc.cc:51]  Sweep 3: 0.2651s
I20251226 01:31:20.057327    25 cudacc.cc:51]  Sweep 4: 0.1311s
I20251226 01:31:20.057411    25 cudacc.cc:51] Iteration 4: 0.7999s
I20251226 01:31:20.310187    25 cudacc.cc:51]  Sweep 1: 0.2534s
I20251226 01:31:20.440762    25 cudacc.cc:51]  Sweep 2: 0.1308s
I20251226 01:31:20.690369    25 cudacc.cc:51]  Sweep 3: 0.2502s
I20251226 01:31:20.821110    25 cudacc.cc:51]  Sweep 4: 0.1310s
I20251226 01:31:20.821192    25 cudacc.cc:51] Iteration 5: 0.7659s
I20251226 01:31:20.821220    25 cudacc.cc:51] Total: 4.1612s
I20251226 01:31:20.821226    25 patch_match.cc:504] 
Writing geometric output for another_et_another_et001.png
I20251226 01:31:20.844985    25 misc.cc:44] 
==============================================================================
Processing view 2 / 2 for another_et_another_et002.png
==============================================================================
I20251226 01:31:20.845031    25 patch_match.cc:461] Reading inputs...
I20251226 01:31:20.846078    25 misc.cc:51] 
PatchMatch::Problem
-------------------
I20251226 01:31:20.846122    25 patch_match.cc:54] ref_image_idx: 1
I20251226 01:31:20.846129    25 patch_match.cc:55] src_image_idxs: 
I20251226 01:31:20.846131    25 patch_match.cc:60] 0
I20251226 01:31:20.846135    25 misc.cc:51] 
PatchMatchOptions
-----------------
I20251226 01:31:20.846138    25 patch_match_options.cc:47] max_image_size: -1
I20251226 01:31:20.846141    25 patch_match_options.cc:48] gpu_index: 0
I20251226 01:31:20.846145    25 patch_match_options.cc:49] depth_min: 71.5564
I20251226 01:31:20.846154    25 patch_match_options.cc:50] depth_max: 742.119
I20251226 01:31:20.846158    25 patch_match_options.cc:51] window_radius: 5
I20251226 01:31:20.846159    25 patch_match_options.cc:52] window_step: 1
I20251226 01:31:20.846163    25 patch_match_options.cc:53] sigma_spatial: 5
I20251226 01:31:20.846166    25 patch_match_options.cc:54] sigma_color: 0.2
I20251226 01:31:20.846169    25 patch_match_options.cc:55] num_samples: 15
I20251226 01:31:20.846172    25 patch_match_options.cc:56] ncc_sigma: 0.6
I20251226 01:31:20.846175    25 patch_match_options.cc:57] min_triangulation_angle: 1
I20251226 01:31:20.846179    25 patch_match_options.cc:58] incident_angle_sigma: 0.9
I20251226 01:31:20.846181    25 patch_match_options.cc:59] num_iterations: 5
I20251226 01:31:20.846184    25 patch_match_options.cc:60] geom_consistency: 1
I20251226 01:31:20.846186    25 patch_match_options.cc:61] geom_consistency_regularizer: 0.3
I20251226 01:31:20.846190    25 patch_match_options.cc:62] geom_consistency_max_cost: 3
I20251226 01:31:20.846194    25 patch_match_options.cc:63] filter: 1
I20251226 01:31:20.846199    25 patch_match_options.cc:64] filter_min_ncc: 0.1
I20251226 01:31:20.846200    25 patch_match_options.cc:65] filter_min_triangulation_angle: 3
I20251226 01:31:20.846205    25 patch_match_options.cc:66] filter_min_num_consistent: 1
I20251226 01:31:20.846208    25 patch_match_options.cc:67] filter_geom_consistency_max_cost: 1
I20251226 01:31:20.846211    25 patch_match_options.cc:68] write_consistency_graph: 0
I20251226 01:31:20.846227    25 patch_match_options.cc:69] allow_missing_files: 0
I20251226 01:31:20.846235    25 misc.cc:51] 
PatchMatch::Run
---------------
I20251226 01:31:20.856738    25 cudacc.cc:51] Initialization: 0.0043s
I20251226 01:31:21.139583    25 cudacc.cc:51]  Sweep 1: 0.2834s
I20251226 01:31:21.275871    25 cudacc.cc:51]  Sweep 2: 0.1365s
I20251226 01:31:21.544646    25 cudacc.cc:51]  Sweep 3: 0.2692s
I20251226 01:31:21.671111    25 cudacc.cc:51]  Sweep 4: 0.1266s
I20251226 01:31:21.671197    25 cudacc.cc:51] Iteration 1: 0.8162s
I20251226 01:31:21.931638    25 cudacc.cc:51]  Sweep 1: 0.2609s
I20251226 01:31:22.053073    25 cudacc.cc:51]  Sweep 2: 0.1216s
I20251226 01:31:22.300621    25 cudacc.cc:51]  Sweep 3: 0.2478s
I20251226 01:31:22.418802    25 cudacc.cc:51]  Sweep 4: 0.1183s
I20251226 01:31:22.418889    25 cudacc.cc:51] Iteration 2: 0.7490s
I20251226 01:31:22.668790    25 cudacc.cc:51]  Sweep 1: 0.2503s
I20251226 01:31:22.783056    25 cudacc.cc:51]  Sweep 2: 0.1143s
I20251226 01:31:23.017441    25 cudacc.cc:51]  Sweep 3: 0.2346s
I20251226 01:31:23.132884    25 cudacc.cc:51]  Sweep 4: 0.1155s
I20251226 01:31:23.132970    25 cudacc.cc:51] Iteration 3: 0.7151s
I20251226 01:31:23.375500    25 cudacc.cc:51]  Sweep 1: 0.2427s
I20251226 01:31:23.490799    25 cudacc.cc:51]  Sweep 2: 0.1153s
I20251226 01:31:23.719609    25 cudacc.cc:51]  Sweep 3: 0.2290s
I20251226 01:31:23.834661    25 cudacc.cc:51]  Sweep 4: 0.1151s
I20251226 01:31:23.834750    25 cudacc.cc:51] Iteration 4: 0.7025s
I20251226 01:31:24.072189    25 cudacc.cc:51]  Sweep 1: 0.2376s
I20251226 01:31:24.189388    25 cudacc.cc:51]  Sweep 2: 0.1171s
I20251226 01:31:24.415370    25 cudacc.cc:51]  Sweep 3: 0.2260s
I20251226 01:31:24.533561    25 cudacc.cc:51]  Sweep 4: 0.1182s
I20251226 01:31:24.533651    25 cudacc.cc:51] Iteration 5: 0.6994s
I20251226 01:31:24.533679    25 cudacc.cc:51] Total: 3.6868s
I20251226 01:31:24.533685    25 patch_match.cc:504] 
Writing geometric output for another_et_another_et002.png
I20251226 01:31:24.556993     1 timer.cc:90] Elapsed time: 0.971 [minutes]
+ docker run --rm --gpus all -v /home/shamika/documents/prog_workspace/ml_imc25/ImageMatchingChallenge2025:/workspace -w /workspace colmap/colmap:latest colmap stereo_fusion --workspace_path outputs/ETs_cluster_0001/dense --workspace_format COLMAP --input_type geometric --output_path outputs/ETs_cluster_0001/dense_points.ply

==========
== CUDA ==
==========

CUDA Version 12.9.1

Container image Copyright (c) 2016-2023, NVIDIA CORPORATION & AFFILIATES. All rights reserved.

This container image and its contents are governed by the NVIDIA Deep Learning Container License.
By pulling and using the container, you accept the terms and conditions of this license:
https://developer.nvidia.com/ngc/nvidia-deep-learning-container-license

A copy of this license is made available in this container at /NGC-DL-CONTAINER-LICENSE for your convenience.

I20251226 01:31:28.974570     1 misc.cc:51] 
StereoFusion::Options
---------------------
I20251226 01:31:28.974642     1 fusion.cc:77] mask_path: 
I20251226 01:31:28.974648     1 fusion.cc:78] max_image_size: -1
I20251226 01:31:28.974670     1 fusion.cc:79] min_num_pixels: 5
I20251226 01:31:28.974673     1 fusion.cc:80] max_num_pixels: 10000
I20251226 01:31:28.974676     1 fusion.cc:81] max_traversal_depth: 100
I20251226 01:31:28.974679     1 fusion.cc:82] max_reproj_error: 2
I20251226 01:31:28.974689     1 fusion.cc:83] max_depth_error: 0.01
I20251226 01:31:28.974694     1 fusion.cc:84] max_normal_error: 10
I20251226 01:31:28.974696     1 fusion.cc:85] check_num_images: 50
I20251226 01:31:28.974699     1 fusion.cc:86] use_cache: 0
I20251226 01:31:28.974702     1 fusion.cc:87] cache_size: 32
I20251226 01:31:28.974705     1 fusion.cc:90] bbox_min: -3.40282e+38 -3.40282e+38 -3.40282e+38
I20251226 01:31:28.974712     1 fusion.cc:91] bbox_max: 3.40282e+38 3.40282e+38 3.40282e+38
I20251226 01:31:28.974716     1 fusion.cc:141] Reading workspace...
I20251226 01:31:29.336897     1 workspace.cc:98] Loading workspace data with 16 threads...
I20251226 01:31:29.467473     1 timer.cc:90] Elapsed time: 0.002 [minutes]
I20251226 01:31:29.468286     1 fusion.cc:176] Reading configuration...
I20251226 01:31:29.468611     1 fusion.cc:244] Starting fusion with 16 threads
I20251226 01:31:29.470191     1 fusion.cc:280] Fusing image [1/2] with index 0
I20251226 01:31:29.534420     1 fusion.cc:307]  in 0.064s (7 points)
I20251226 01:31:29.535099     1 fusion.cc:280] Fusing image [2/2] with index 1
I20251226 01:31:29.600085     1 fusion.cc:307]  in 0.065s (7 points)
I20251226 01:31:29.600792     1 fusion.cc:334] Number of fused points: 7
I20251226 01:31:29.600806     1 timer.cc:90] Elapsed time: 0.010 [minutes]
I20251226 01:31:29.602568     1 mvs.cc:211] Writing output: outputs/ETs_cluster_0001/dense_points.ply
[ok] ETs/cluster_0001: wrote outputs/ETs_cluster_0001/dense_points.ply
[cluster] 2/18: ETs/cluster_0002
+ docker run --rm -v /home/shamika/documents/prog_workspace/ml_imc25/ImageMatchingChallenge2025:/workspace -w /workspace colmap/colmap:latest sh -lc rm -rf outputs/ETs_cluster_0002

==========
== CUDA ==
==========

CUDA Version 12.9.1

Container image Copyright (c) 2016-2023, NVIDIA CORPORATION & AFFILIATES. All rights reserved.

This container image and its contents are governed by the NVIDIA Deep Learning Container License.
By pulling and using the container, you accept the terms and conditions of this license:
https://developer.nvidia.com/ngc/nvidia-deep-learning-container-license

A copy of this license is made available in this container at /NGC-DL-CONTAINER-LICENSE for your convenience.

WARNING: The NVIDIA Driver was not detected.  GPU functionality will not be available.
   Use the NVIDIA Container Toolkit to start this container with GPU support; see
   https://docs.nvidia.com/datacenter/cloud-native/ .

[run] ETs/cluster_0002: images=5 matcher=diffusion
[diffusion] using preloaded model on device=cuda
[diffusion] image 1/5: et_et000.png
[diffusion] cache hit: et_et000.png
[diffusion] image 2/5: et_et001.png
[diffusion] cache hit: et_et001.png
[diffusion] image 3/5: et_et002.png
[diffusion] cache hit: et_et002.png
[diffusion] image 4/5: et_et003.png
[diffusion] cache hit: et_et003.png
[diffusion] image 5/5: et_et004.png
[diffusion] cache hit: et_et004.png
[diffusion] matching pairs=10 (RANSAC)...
[diffusion] pair 1/10: et_et000.png ↔ et_et001.png (inliers=12)
[diffusion] pair 2/10: et_et000.png ↔ et_et002.png (no F)
[diffusion] pair 3/10: et_et000.png ↔ et_et003.png (inliers=35)
[diffusion] pair 4/10: et_et000.png ↔ et_et004.png (no F)
[diffusion] pair 5/10: et_et001.png ↔ et_et002.png (inliers=13)
[diffusion] pair 6/10: et_et001.png ↔ et_et003.png (inliers=7 < min_inliers=8)
[diffusion] pair 7/10: et_et001.png ↔ et_et004.png (no F)
[diffusion] pair 8/10: et_et002.png ↔ et_et003.png (no F)
[diffusion] pair 9/10: et_et002.png ↔ et_et004.png (inliers=11)
[diffusion] pair 10/10: et_et003.png ↔ et_et004.png (no F)
[ok] wrote outputs/ETs_cluster_0002/colmap_diffusion.db (images=5 pairs=10 good_pairs=4, min_inliers=8)
+ docker run --rm --gpus all -v /home/shamika/documents/prog_workspace/ml_imc25/ImageMatchingChallenge2025:/workspace -w /workspace colmap/colmap:latest colmap mapper --database_path outputs/ETs_cluster_0002/colmap_diffusion.db --image_path outputs/ETs_cluster_0002/images --output_path outputs/ETs_cluster_0002/sparse --Mapper.ba_refine_principal_point 0 --Mapper.min_model_size 2 --Mapper.init_min_num_inliers 8 --Mapper.init_min_tri_angle 0.5 --Mapper.tri_min_angle 0.05 --Mapper.filter_min_tri_angle 0.05 --Mapper.tri_ignore_two_view_tracks 0

==========
== CUDA ==
==========

CUDA Version 12.9.1

Container image Copyright (c) 2016-2023, NVIDIA CORPORATION & AFFILIATES. All rights reserved.

This container image and its contents are governed by the NVIDIA Deep Learning Container License.
By pulling and using the container, you accept the terms and conditions of this license:
https://developer.nvidia.com/ngc/nvidia-deep-learning-container-license

A copy of this license is made available in this container at /NGC-DL-CONTAINER-LICENSE for your convenience.

I20251226 01:31:40.125567     1 incremental_pipeline.cc:264] Loading database
I20251226 01:31:40.344861     1 database_cache.cc:67] Loading rigs...
I20251226 01:31:40.344918     1 database_cache.cc:77]  0 in 0.000s
I20251226 01:31:40.344928     1 database_cache.cc:85] Loading cameras...
I20251226 01:31:40.344955     1 database_cache.cc:103]  1 in 0.000s
I20251226 01:31:40.344959     1 database_cache.cc:111] Loading frames...
I20251226 01:31:40.344965     1 database_cache.cc:126]  0 in 0.000s
I20251226 01:31:40.344969     1 database_cache.cc:134] Loading matches...
I20251226 01:31:40.344981     1 database_cache.cc:139]  4 in 0.000s
I20251226 01:31:40.344985     1 database_cache.cc:155] Loading images...
I20251226 01:31:40.345073     1 database_cache.cc:239]  5 in 0.000s (connected 2)
I20251226 01:31:40.345078     1 database_cache.cc:250] Building correspondence graph...
I20251226 01:31:40.345134     1 database_cache.cc:277]  in 0.000s (ignored 3)
I20251226 01:31:40.345377     1 timer.cc:90] Elapsed time: 0.004 [minutes]
I20251226 01:31:40.345444     1 incremental_pipeline.cc:311] Finding good initial image pair
I20251226 01:31:40.349237     1 incremental_pipeline.cc:335] Registering initial image pair #1 and #4
I20251226 01:31:40.349414     1 incremental_pipeline.cc:349] Global bundle adjustment
I20251226 01:31:41.078002     1 incremental_pipeline.cc:597] Keeping successful reconstruction
I20251226 01:31:41.078877     1 timer.cc:90] Elapsed time: 0.016 [minutes]
+ docker run --rm --gpus all -v /home/shamika/documents/prog_workspace/ml_imc25/ImageMatchingChallenge2025:/workspace -w /workspace colmap/colmap:latest colmap image_undistorter --image_path outputs/ETs_cluster_0002/images --input_path outputs/ETs_cluster_0002/sparse/0 --output_path outputs/ETs_cluster_0002/dense --output_type COLMAP

==========
== CUDA ==
==========

CUDA Version 12.9.1

Container image Copyright (c) 2016-2023, NVIDIA CORPORATION & AFFILIATES. All rights reserved.

This container image and its contents are governed by the NVIDIA Deep Learning Container License.
By pulling and using the container, you accept the terms and conditions of this license:
https://developer.nvidia.com/ngc/nvidia-deep-learning-container-license

A copy of this license is made available in this container at /NGC-DL-CONTAINER-LICENSE for your convenience.

I20251226 01:31:44.739934     1 misc.cc:44] 
==============================================================================
Reading reconstruction
==============================================================================
I20251226 01:31:44.740252     1 image.cc:374] => Reconstruction with 2 images and 34 points
I20251226 01:31:44.789682     1 misc.cc:44] 
==============================================================================
Image undistortion
==============================================================================
I20251226 01:31:44.792986     1 undistortion.cc:197] Undistorting image [1/2]
I20251226 01:31:44.985661     1 undistortion.cc:197] Undistorting image [2/2]
I20251226 01:31:44.986126     1 undistortion.cc:207] Writing reconstruction...
I20251226 01:31:44.988323     1 undistortion.cc:212] Writing configuration...
I20251226 01:31:44.988413     1 undistortion.cc:216] Writing scripts...
I20251226 01:31:44.988463     1 timer.cc:90] Elapsed time: 0.003 [minutes]
+ docker run --rm --gpus all -v /home/shamika/documents/prog_workspace/ml_imc25/ImageMatchingChallenge2025:/workspace -w /workspace colmap/colmap:latest colmap patch_match_stereo --workspace_path outputs/ETs_cluster_0002/dense --workspace_format COLMAP --PatchMatchStereo.geom_consistency true --PatchMatchStereo.gpu_index 0

==========
== CUDA ==
==========

CUDA Version 12.9.1

Container image Copyright (c) 2016-2023, NVIDIA CORPORATION & AFFILIATES. All rights reserved.

This container image and its contents are governed by the NVIDIA Deep Learning Container License.
By pulling and using the container, you accept the terms and conditions of this license:
https://developer.nvidia.com/ngc/nvidia-deep-learning-container-license

A copy of this license is made available in this container at /NGC-DL-CONTAINER-LICENSE for your convenience.

I20251226 01:31:48.518949     1 patch_match.cc:205] Reading workspace...
I20251226 01:31:48.519639     1 patch_match.cc:235] Reading configuration...
I20251226 01:31:48.519730     1 patch_match.cc:366] Configuration has 2 problems...
I20251226 01:31:48.520031    25 misc.cc:44] 
==============================================================================
Processing view 1 / 2 for et_et000.png
==============================================================================
I20251226 01:31:48.520097    25 patch_match.cc:461] Reading inputs...
I20251226 01:31:48.541579    25 misc.cc:51] 
PatchMatch::Problem
-------------------
I20251226 01:31:48.541642    25 patch_match.cc:54] ref_image_idx: 0
I20251226 01:31:48.541651    25 patch_match.cc:55] src_image_idxs: 
I20251226 01:31:48.541654    25 patch_match.cc:60] 1
I20251226 01:31:48.541658    25 misc.cc:51] 
PatchMatchOptions
-----------------
I20251226 01:31:48.541662    25 patch_match_options.cc:47] max_image_size: -1
I20251226 01:31:48.541672    25 patch_match_options.cc:48] gpu_index: 0
I20251226 01:31:48.541675    25 patch_match_options.cc:49] depth_min: 63.5567
I20251226 01:31:48.541702    25 patch_match_options.cc:50] depth_max: 345.32
I20251226 01:31:48.541705    25 patch_match_options.cc:51] window_radius: 5
I20251226 01:31:48.541707    25 patch_match_options.cc:52] window_step: 1
I20251226 01:31:48.541710    25 patch_match_options.cc:53] sigma_spatial: 5
I20251226 01:31:48.541714    25 patch_match_options.cc:54] sigma_color: 0.2
I20251226 01:31:48.541718    25 patch_match_options.cc:55] num_samples: 15
I20251226 01:31:48.541720    25 patch_match_options.cc:56] ncc_sigma: 0.6
I20251226 01:31:48.541723    25 patch_match_options.cc:57] min_triangulation_angle: 1
I20251226 01:31:48.541726    25 patch_match_options.cc:58] incident_angle_sigma: 0.9
I20251226 01:31:48.541729    25 patch_match_options.cc:59] num_iterations: 5
I20251226 01:31:48.541769    25 patch_match_options.cc:60] geom_consistency: 0
I20251226 01:31:48.541774    25 patch_match_options.cc:61] geom_consistency_regularizer: 0.3
I20251226 01:31:48.541778    25 patch_match_options.cc:62] geom_consistency_max_cost: 3
I20251226 01:31:48.541782    25 patch_match_options.cc:63] filter: 0
I20251226 01:31:48.541785    25 patch_match_options.cc:64] filter_min_ncc: 0.1
I20251226 01:31:48.541801    25 patch_match_options.cc:65] filter_min_triangulation_angle: 3
I20251226 01:31:48.541810    25 patch_match_options.cc:66] filter_min_num_consistent: 1
I20251226 01:31:48.541815    25 patch_match_options.cc:67] filter_geom_consistency_max_cost: 1
I20251226 01:31:48.541818    25 patch_match_options.cc:68] write_consistency_graph: 0
I20251226 01:31:48.541834    25 patch_match_options.cc:69] allow_missing_files: 0
I20251226 01:31:48.541841    25 misc.cc:51] 
PatchMatch::Run
---------------
I20251226 01:32:33.569859    25 cudacc.cc:51] Initialization: 0.0345s
I20251226 01:32:33.920627    25 cudacc.cc:51]  Sweep 1: 0.3500s
I20251226 01:32:34.038913    25 cudacc.cc:51]  Sweep 2: 0.1180s
I20251226 01:32:34.206916    25 cudacc.cc:51]  Sweep 3: 0.1676s
I20251226 01:32:34.328899    25 cudacc.cc:51]  Sweep 4: 0.1216s
I20251226 01:32:34.328989    25 cudacc.cc:51] Iteration 1: 0.7577s
I20251226 01:32:34.497129    25 cudacc.cc:51]  Sweep 1: 0.1678s
I20251226 01:32:34.616853    25 cudacc.cc:51]  Sweep 2: 0.1194s
I20251226 01:32:34.785687    25 cudacc.cc:51]  Sweep 3: 0.1684s
I20251226 01:32:34.908525    25 cudacc.cc:51]  Sweep 4: 0.1225s
I20251226 01:32:34.908674    25 cudacc.cc:51] Iteration 2: 0.5786s
I20251226 01:32:35.076968    25 cudacc.cc:51]  Sweep 1: 0.1679s
I20251226 01:32:35.198197    25 cudacc.cc:51]  Sweep 2: 0.1209s
I20251226 01:32:35.364928    25 cudacc.cc:51]  Sweep 3: 0.1663s
I20251226 01:32:35.485220    25 cudacc.cc:51]  Sweep 4: 0.1200s
I20251226 01:32:35.485307    25 cudacc.cc:51] Iteration 3: 0.5756s
I20251226 01:32:35.651568    25 cudacc.cc:51]  Sweep 1: 0.1659s
I20251226 01:32:35.769443    25 cudacc.cc:51]  Sweep 2: 0.1176s
I20251226 01:32:35.933915    25 cudacc.cc:51]  Sweep 3: 0.1641s
I20251226 01:32:36.053278    25 cudacc.cc:51]  Sweep 4: 0.1190s
I20251226 01:32:36.053375    25 cudacc.cc:51] Iteration 4: 0.5670s
I20251226 01:32:36.216809    25 cudacc.cc:51]  Sweep 1: 0.1631s
I20251226 01:32:36.334952    25 cudacc.cc:51]  Sweep 2: 0.1178s
I20251226 01:32:36.497370    25 cudacc.cc:51]  Sweep 3: 0.1620s
I20251226 01:32:36.615039    25 cudacc.cc:51]  Sweep 4: 0.1173s
I20251226 01:32:36.615125    25 cudacc.cc:51] Iteration 5: 0.5607s
I20251226 01:32:36.615154    25 cudacc.cc:51] Total: 3.0745s
I20251226 01:32:36.615159    25 patch_match.cc:504] 
Writing photometric output for et_et000.png
I20251226 01:32:36.730185    25 misc.cc:44] 
==============================================================================
Processing view 2 / 2 for et_et003.png
==============================================================================
I20251226 01:32:36.730233    25 patch_match.cc:461] Reading inputs...
I20251226 01:32:36.730346    25 misc.cc:51] 
PatchMatch::Problem
-------------------
I20251226 01:32:36.730373    25 patch_match.cc:54] ref_image_idx: 1
I20251226 01:32:36.730381    25 patch_match.cc:55] src_image_idxs: 
I20251226 01:32:36.730384    25 patch_match.cc:60] 0
I20251226 01:32:36.730388    25 misc.cc:51] 
PatchMatchOptions
-----------------
I20251226 01:32:36.730391    25 patch_match_options.cc:47] max_image_size: -1
I20251226 01:32:36.730396    25 patch_match_options.cc:48] gpu_index: 0
I20251226 01:32:36.730398    25 patch_match_options.cc:49] depth_min: 64.4912
I20251226 01:32:36.730419    25 patch_match_options.cc:50] depth_max: 331.217
I20251226 01:32:36.730427    25 patch_match_options.cc:51] window_radius: 5
I20251226 01:32:36.730430    25 patch_match_options.cc:52] window_step: 1
I20251226 01:32:36.730435    25 patch_match_options.cc:53] sigma_spatial: 5
I20251226 01:32:36.730438    25 patch_match_options.cc:54] sigma_color: 0.2
I20251226 01:32:36.730454    25 patch_match_options.cc:55] num_samples: 15
I20251226 01:32:36.730460    25 patch_match_options.cc:56] ncc_sigma: 0.6
I20251226 01:32:36.730464    25 patch_match_options.cc:57] min_triangulation_angle: 1
I20251226 01:32:36.730469    25 patch_match_options.cc:58] incident_angle_sigma: 0.9
I20251226 01:32:36.730472    25 patch_match_options.cc:59] num_iterations: 5
I20251226 01:32:36.730476    25 patch_match_options.cc:60] geom_consistency: 0
I20251226 01:32:36.730480    25 patch_match_options.cc:61] geom_consistency_regularizer: 0.3
I20251226 01:32:36.730484    25 patch_match_options.cc:62] geom_consistency_max_cost: 3
I20251226 01:32:36.730487    25 patch_match_options.cc:63] filter: 0
I20251226 01:32:36.730491    25 patch_match_options.cc:64] filter_min_ncc: 0.1
I20251226 01:32:36.730494    25 patch_match_options.cc:65] filter_min_triangulation_angle: 3
I20251226 01:32:36.730497    25 patch_match_options.cc:66] filter_min_num_consistent: 1
I20251226 01:32:36.730500    25 patch_match_options.cc:67] filter_geom_consistency_max_cost: 1
I20251226 01:32:36.730504    25 patch_match_options.cc:68] write_consistency_graph: 0
I20251226 01:32:36.730507    25 patch_match_options.cc:69] allow_missing_files: 0
I20251226 01:32:36.730511    25 misc.cc:51] 
PatchMatch::Run
---------------
I20251226 01:32:36.740485    25 cudacc.cc:51] Initialization: 0.0037s
I20251226 01:32:36.908452    25 cudacc.cc:51]  Sweep 1: 0.1676s
I20251226 01:32:37.027339    25 cudacc.cc:51]  Sweep 2: 0.1186s
I20251226 01:32:37.198401    25 cudacc.cc:51]  Sweep 3: 0.1706s
I20251226 01:32:37.318361    25 cudacc.cc:51]  Sweep 4: 0.1196s
I20251226 01:32:37.318454    25 cudacc.cc:51] Iteration 1: 0.5768s
I20251226 01:32:37.487954    25 cudacc.cc:51]  Sweep 1: 0.1691s
I20251226 01:32:37.608407    25 cudacc.cc:51]  Sweep 2: 0.1201s
I20251226 01:32:37.776280    25 cudacc.cc:51]  Sweep 3: 0.1675s
I20251226 01:32:37.897749    25 cudacc.cc:51]  Sweep 4: 0.1211s
I20251226 01:32:37.897835    25 cudacc.cc:51] Iteration 2: 0.5782s
I20251226 01:32:38.066728    25 cudacc.cc:51]  Sweep 1: 0.1685s
I20251226 01:32:38.184803    25 cudacc.cc:51]  Sweep 2: 0.1177s
I20251226 01:32:38.350185    25 cudacc.cc:51]  Sweep 3: 0.1649s
I20251226 01:32:38.468091    25 cudacc.cc:51]  Sweep 4: 0.1176s
I20251226 01:32:38.468166    25 cudacc.cc:51] Iteration 3: 0.5692s
I20251226 01:32:38.633265    25 cudacc.cc:51]  Sweep 1: 0.1647s
I20251226 01:32:38.750438    25 cudacc.cc:51]  Sweep 2: 0.1168s
I20251226 01:32:38.915153    25 cudacc.cc:51]  Sweep 3: 0.1643s
I20251226 01:32:39.031543    25 cudacc.cc:51]  Sweep 4: 0.1161s
I20251226 01:32:39.031628    25 cudacc.cc:51] Iteration 4: 0.5623s
I20251226 01:32:39.194926    25 cudacc.cc:51]  Sweep 1: 0.1629s
I20251226 01:32:39.310526    25 cudacc.cc:51]  Sweep 2: 0.1153s
I20251226 01:32:39.473755    25 cudacc.cc:51]  Sweep 3: 0.1628s
I20251226 01:32:39.589478    25 cudacc.cc:51]  Sweep 4: 0.1154s
I20251226 01:32:39.589555    25 cudacc.cc:51] Iteration 5: 0.5567s
I20251226 01:32:39.589581    25 cudacc.cc:51] Total: 2.8472s
I20251226 01:32:39.589588    25 patch_match.cc:504] 
Writing photometric output for et_et003.png
I20251226 01:32:39.619350    25 misc.cc:44] 
==============================================================================
Processing view 1 / 2 for et_et000.png
==============================================================================
I20251226 01:32:39.619396    25 patch_match.cc:461] Reading inputs...
I20251226 01:32:39.659921    25 misc.cc:51] 
PatchMatch::Problem
-------------------
I20251226 01:32:39.659997    25 patch_match.cc:54] ref_image_idx: 0
I20251226 01:32:39.660005    25 patch_match.cc:55] src_image_idxs: 
I20251226 01:32:39.660008    25 patch_match.cc:60] 1
I20251226 01:32:39.660013    25 misc.cc:51] 
PatchMatchOptions
-----------------
I20251226 01:32:39.660018    25 patch_match_options.cc:47] max_image_size: -1
I20251226 01:32:39.660022    25 patch_match_options.cc:48] gpu_index: 0
I20251226 01:32:39.660030    25 patch_match_options.cc:49] depth_min: 63.5567
I20251226 01:32:39.660044    25 patch_match_options.cc:50] depth_max: 345.32
I20251226 01:32:39.660048    25 patch_match_options.cc:51] window_radius: 5
I20251226 01:32:39.660051    25 patch_match_options.cc:52] window_step: 1
I20251226 01:32:39.660055    25 patch_match_options.cc:53] sigma_spatial: 5
I20251226 01:32:39.660059    25 patch_match_options.cc:54] sigma_color: 0.2
I20251226 01:32:39.660063    25 patch_match_options.cc:55] num_samples: 15
I20251226 01:32:39.660068    25 patch_match_options.cc:56] ncc_sigma: 0.6
I20251226 01:32:39.660071    25 patch_match_options.cc:57] min_triangulation_angle: 1
I20251226 01:32:39.660074    25 patch_match_options.cc:58] incident_angle_sigma: 0.9
I20251226 01:32:39.660079    25 patch_match_options.cc:59] num_iterations: 5
I20251226 01:32:39.660081    25 patch_match_options.cc:60] geom_consistency: 1
I20251226 01:32:39.660092    25 patch_match_options.cc:61] geom_consistency_regularizer: 0.3
I20251226 01:32:39.660096    25 patch_match_options.cc:62] geom_consistency_max_cost: 3
I20251226 01:32:39.660100    25 patch_match_options.cc:63] filter: 1
I20251226 01:32:39.660104    25 patch_match_options.cc:64] filter_min_ncc: 0.1
I20251226 01:32:39.660108    25 patch_match_options.cc:65] filter_min_triangulation_angle: 3
I20251226 01:32:39.660112    25 patch_match_options.cc:66] filter_min_num_consistent: 1
I20251226 01:32:39.660115    25 patch_match_options.cc:67] filter_geom_consistency_max_cost: 1
I20251226 01:32:39.660118    25 patch_match_options.cc:68] write_consistency_graph: 0
I20251226 01:32:39.660121    25 patch_match_options.cc:69] allow_missing_files: 0
I20251226 01:32:39.660125    25 misc.cc:51] 
PatchMatch::Run
---------------
I20251226 01:32:39.672698    25 cudacc.cc:51] Initialization: 0.0039s
I20251226 01:32:39.926918    25 cudacc.cc:51]  Sweep 1: 0.2536s
I20251226 01:32:40.104709    25 cudacc.cc:51]  Sweep 2: 0.1773s
I20251226 01:32:40.345140    25 cudacc.cc:51]  Sweep 3: 0.2398s
I20251226 01:32:40.516661    25 cudacc.cc:51]  Sweep 4: 0.1710s
I20251226 01:32:40.516790    25 cudacc.cc:51] Iteration 1: 0.8422s
I20251226 01:32:40.746646    25 cudacc.cc:51]  Sweep 1: 0.2293s
I20251226 01:32:40.913130    25 cudacc.cc:51]  Sweep 2: 0.1660s
I20251226 01:32:41.141877    25 cudacc.cc:51]  Sweep 3: 0.2281s
I20251226 01:32:41.307865    25 cudacc.cc:51]  Sweep 4: 0.1654s
I20251226 01:32:41.307957    25 cudacc.cc:51] Iteration 2: 0.7894s
I20251226 01:32:41.526350    25 cudacc.cc:51]  Sweep 1: 0.2179s
I20251226 01:32:41.688305    25 cudacc.cc:51]  Sweep 2: 0.1615s
I20251226 01:32:41.905751    25 cudacc.cc:51]  Sweep 3: 0.2169s
I20251226 01:32:42.066339    25 cudacc.cc:51]  Sweep 4: 0.1601s
I20251226 01:32:42.066428    25 cudacc.cc:51] Iteration 3: 0.7568s
I20251226 01:32:42.280467    25 cudacc.cc:51]  Sweep 1: 0.2135s
I20251226 01:32:42.439332    25 cudacc.cc:51]  Sweep 2: 0.1584s
I20251226 01:32:42.650030    25 cudacc.cc:51]  Sweep 3: 0.2101s
I20251226 01:32:42.807956    25 cudacc.cc:51]  Sweep 4: 0.1575s
I20251226 01:32:42.808048    25 cudacc.cc:51] Iteration 4: 0.7400s
I20251226 01:32:43.016410    25 cudacc.cc:51]  Sweep 1: 0.2079s
I20251226 01:32:43.171231    25 cudacc.cc:51]  Sweep 2: 0.1544s
I20251226 01:32:43.378929    25 cudacc.cc:51]  Sweep 3: 0.2071s
I20251226 01:32:43.536494    25 cudacc.cc:51]  Sweep 4: 0.1571s
I20251226 01:32:43.536592    25 cudacc.cc:51] Iteration 5: 0.7269s
I20251226 01:32:43.536621    25 cudacc.cc:51] Total: 3.8596s
I20251226 01:32:43.536628    25 patch_match.cc:504] 
Writing geometric output for et_et000.png
I20251226 01:32:43.566171    25 misc.cc:44] 
==============================================================================
Processing view 2 / 2 for et_et003.png
==============================================================================
I20251226 01:32:43.566229    25 patch_match.cc:461] Reading inputs...
I20251226 01:32:43.567615    25 misc.cc:51] 
PatchMatch::Problem
-------------------
I20251226 01:32:43.567667    25 patch_match.cc:54] ref_image_idx: 1
I20251226 01:32:43.567675    25 patch_match.cc:55] src_image_idxs: 
I20251226 01:32:43.567678    25 patch_match.cc:60] 0
I20251226 01:32:43.567683    25 misc.cc:51] 
PatchMatchOptions
-----------------
I20251226 01:32:43.567688    25 patch_match_options.cc:47] max_image_size: -1
I20251226 01:32:43.567692    25 patch_match_options.cc:48] gpu_index: 0
I20251226 01:32:43.567704    25 patch_match_options.cc:49] depth_min: 64.4912
I20251226 01:32:43.567715    25 patch_match_options.cc:50] depth_max: 331.217
I20251226 01:32:43.567719    25 patch_match_options.cc:51] window_radius: 5
I20251226 01:32:43.567723    25 patch_match_options.cc:52] window_step: 1
I20251226 01:32:43.567726    25 patch_match_options.cc:53] sigma_spatial: 5
I20251226 01:32:43.567730    25 patch_match_options.cc:54] sigma_color: 0.2
I20251226 01:32:43.567734    25 patch_match_options.cc:55] num_samples: 15
I20251226 01:32:43.567739    25 patch_match_options.cc:56] ncc_sigma: 0.6
I20251226 01:32:43.567746    25 patch_match_options.cc:57] min_triangulation_angle: 1
I20251226 01:32:43.567750    25 patch_match_options.cc:58] incident_angle_sigma: 0.9
I20251226 01:32:43.567754    25 patch_match_options.cc:59] num_iterations: 5
I20251226 01:32:43.567757    25 patch_match_options.cc:60] geom_consistency: 1
I20251226 01:32:43.567761    25 patch_match_options.cc:61] geom_consistency_regularizer: 0.3
I20251226 01:32:43.567765    25 patch_match_options.cc:62] geom_consistency_max_cost: 3
I20251226 01:32:43.567773    25 patch_match_options.cc:63] filter: 1
I20251226 01:32:43.567777    25 patch_match_options.cc:64] filter_min_ncc: 0.1
I20251226 01:32:43.567783    25 patch_match_options.cc:65] filter_min_triangulation_angle: 3
I20251226 01:32:43.567791    25 patch_match_options.cc:66] filter_min_num_consistent: 1
I20251226 01:32:43.567834    25 patch_match_options.cc:67] filter_geom_consistency_max_cost: 1
I20251226 01:32:43.567842    25 patch_match_options.cc:68] write_consistency_graph: 0
I20251226 01:32:43.567847    25 patch_match_options.cc:69] allow_missing_files: 0
I20251226 01:32:43.567857    25 misc.cc:51] 
PatchMatch::Run
---------------
I20251226 01:32:43.581462    25 cudacc.cc:51] Initialization: 0.0043s
I20251226 01:32:43.818337    25 cudacc.cc:51]  Sweep 1: 0.2361s
I20251226 01:32:43.995612    25 cudacc.cc:51]  Sweep 2: 0.1768s
I20251226 01:32:44.226454    25 cudacc.cc:51]  Sweep 3: 0.2302s
I20251226 01:32:44.395939    25 cudacc.cc:51]  Sweep 4: 0.1690s
I20251226 01:32:44.396023    25 cudacc.cc:51] Iteration 1: 0.8125s
I20251226 01:32:44.622875    25 cudacc.cc:51]  Sweep 1: 0.2263s
I20251226 01:32:44.788658    25 cudacc.cc:51]  Sweep 2: 0.1653s
I20251226 01:32:45.011237    25 cudacc.cc:51]  Sweep 3: 0.2220s
I20251226 01:32:45.174232    25 cudacc.cc:51]  Sweep 4: 0.1625s
I20251226 01:32:45.174319    25 cudacc.cc:51] Iteration 2: 0.7767s
I20251226 01:32:45.395071    25 cudacc.cc:51]  Sweep 1: 0.2202s
I20251226 01:32:45.556325    25 cudacc.cc:51]  Sweep 2: 0.1608s
I20251226 01:32:45.774160    25 cudacc.cc:51]  Sweep 3: 0.2173s
I20251226 01:32:45.932652    25 cudacc.cc:51]  Sweep 4: 0.1581s
I20251226 01:32:45.932744    25 cudacc.cc:51] Iteration 3: 0.7568s
I20251226 01:32:46.148453    25 cudacc.cc:51]  Sweep 1: 0.2152s
I20251226 01:32:46.304054    25 cudacc.cc:51]  Sweep 2: 0.1552s
I20251226 01:32:46.518004    25 cudacc.cc:51]  Sweep 3: 0.2134s
I20251226 01:32:46.672731    25 cudacc.cc:51]  Sweep 4: 0.1543s
I20251226 01:32:46.672821    25 cudacc.cc:51] Iteration 4: 0.7385s
I20251226 01:32:46.884243    25 cudacc.cc:51]  Sweep 1: 0.2109s
I20251226 01:32:47.037470    25 cudacc.cc:51]  Sweep 2: 0.1528s
I20251226 01:32:47.247628    25 cudacc.cc:51]  Sweep 3: 0.2096s
I20251226 01:32:47.402791    25 cudacc.cc:51]  Sweep 4: 0.1547s
I20251226 01:32:47.402876    25 cudacc.cc:51] Iteration 5: 0.7285s
I20251226 01:32:47.402902    25 cudacc.cc:51] Total: 3.8178s
I20251226 01:32:47.402908    25 patch_match.cc:504] 
Writing geometric output for et_et003.png
I20251226 01:32:47.430106     1 timer.cc:90] Elapsed time: 0.982 [minutes]
+ docker run --rm --gpus all -v /home/shamika/documents/prog_workspace/ml_imc25/ImageMatchingChallenge2025:/workspace -w /workspace colmap/colmap:latest colmap stereo_fusion --workspace_path outputs/ETs_cluster_0002/dense --workspace_format COLMAP --input_type geometric --output_path outputs/ETs_cluster_0002/dense_points.ply

==========
== CUDA ==
==========

CUDA Version 12.9.1

Container image Copyright (c) 2016-2023, NVIDIA CORPORATION & AFFILIATES. All rights reserved.

This container image and its contents are governed by the NVIDIA Deep Learning Container License.
By pulling and using the container, you accept the terms and conditions of this license:
https://developer.nvidia.com/ngc/nvidia-deep-learning-container-license

A copy of this license is made available in this container at /NGC-DL-CONTAINER-LICENSE for your convenience.

I20251226 01:32:51.203861     1 misc.cc:51] 
StereoFusion::Options
---------------------
I20251226 01:32:51.203958     1 fusion.cc:77] mask_path: 
I20251226 01:32:51.203966     1 fusion.cc:78] max_image_size: -1
I20251226 01:32:51.203969     1 fusion.cc:79] min_num_pixels: 5
I20251226 01:32:51.203972     1 fusion.cc:80] max_num_pixels: 10000
I20251226 01:32:51.203975     1 fusion.cc:81] max_traversal_depth: 100
I20251226 01:32:51.203977     1 fusion.cc:82] max_reproj_error: 2
I20251226 01:32:51.203989     1 fusion.cc:83] max_depth_error: 0.01
I20251226 01:32:51.203994     1 fusion.cc:84] max_normal_error: 10
I20251226 01:32:51.203996     1 fusion.cc:85] check_num_images: 50
I20251226 01:32:51.204002     1 fusion.cc:86] use_cache: 0
I20251226 01:32:51.204022     1 fusion.cc:87] cache_size: 32
I20251226 01:32:51.204026     1 fusion.cc:90] bbox_min: -3.40282e+38 -3.40282e+38 -3.40282e+38
I20251226 01:32:51.204037     1 fusion.cc:91] bbox_max: 3.40282e+38 3.40282e+38 3.40282e+38
I20251226 01:32:51.204044     1 fusion.cc:141] Reading workspace...
I20251226 01:32:51.251145     1 workspace.cc:98] Loading workspace data with 16 threads...
I20251226 01:32:51.324877     1 timer.cc:90] Elapsed time: 0.001 [minutes]
I20251226 01:32:51.325620     1 fusion.cc:176] Reading configuration...
I20251226 01:32:51.326048     1 fusion.cc:244] Starting fusion with 16 threads
I20251226 01:32:51.327869     1 fusion.cc:280] Fusing image [1/2] with index 0
I20251226 01:32:51.439953     1 fusion.cc:307]  in 0.112s (11 points)
I20251226 01:32:51.443068     1 fusion.cc:280] Fusing image [2/2] with index 1
I20251226 01:32:51.546578     1 fusion.cc:307]  in 0.104s (11 points)
I20251226 01:32:51.548383     1 fusion.cc:334] Number of fused points: 11
I20251226 01:32:51.548395     1 timer.cc:90] Elapsed time: 0.006 [minutes]
I20251226 01:32:51.549412     1 mvs.cc:211] Writing output: outputs/ETs_cluster_0002/dense_points.ply
[ok] ETs/cluster_0002: wrote outputs/ETs_cluster_0002/dense_points.ply
[cluster] 3/18: ETs/cluster_0003
[run] ETs/cluster_0003: images=4 matcher=diffusion
[diffusion] using preloaded model on device=cuda
[diffusion] image 1/4: et_et005.png
[diffusion] cache hit: et_et005.png
[diffusion] image 2/4: et_et006.png
[diffusion] cache hit: et_et006.png
[diffusion] image 3/4: et_et007.png
[diffusion] cache hit: et_et007.png
[diffusion] image 4/4: et_et008.png
[diffusion] cache hit: et_et008.png
[diffusion] matching pairs=6 (RANSAC)...
[diffusion] pair 1/6: et_et005.png ↔ et_et006.png (inliers=26)
[diffusion] pair 2/6: et_et005.png ↔ et_et007.png (inliers=10)
[diffusion] pair 3/6: et_et005.png ↔ et_et008.png (no F)
[diffusion] pair 4/6: et_et006.png ↔ et_et007.png (inliers=20)
[diffusion] pair 5/6: et_et006.png ↔ et_et008.png (no F)
[diffusion] pair 6/6: et_et007.png ↔ et_et008.png (inliers=14)
[ok] wrote outputs/ETs_cluster_0003/colmap_diffusion.db (images=4 pairs=6 good_pairs=4, min_inliers=8)
+ docker run --rm --gpus all -v /home/shamika/documents/prog_workspace/ml_imc25/ImageMatchingChallenge2025:/workspace -w /workspace colmap/colmap:latest colmap mapper --database_path outputs/ETs_cluster_0003/colmap_diffusion.db --image_path outputs/ETs_cluster_0003/images --output_path outputs/ETs_cluster_0003/sparse --Mapper.ba_refine_principal_point 0 --Mapper.min_model_size 2 --Mapper.init_min_num_inliers 8 --Mapper.init_min_tri_angle 0.5 --Mapper.tri_min_angle 0.05 --Mapper.filter_min_tri_angle 0.05 --Mapper.tri_ignore_two_view_tracks 0

==========
== CUDA ==
==========

CUDA Version 12.9.1

Container image Copyright (c) 2016-2023, NVIDIA CORPORATION & AFFILIATES. All rights reserved.

This container image and its contents are governed by the NVIDIA Deep Learning Container License.
By pulling and using the container, you accept the terms and conditions of this license:
https://developer.nvidia.com/ngc/nvidia-deep-learning-container-license

A copy of this license is made available in this container at /NGC-DL-CONTAINER-LICENSE for your convenience.

I20251226 01:32:59.187765     1 incremental_pipeline.cc:264] Loading database
I20251226 01:32:59.232220     1 database_cache.cc:67] Loading rigs...
I20251226 01:32:59.232280     1 database_cache.cc:77]  0 in 0.000s
I20251226 01:32:59.232290     1 database_cache.cc:85] Loading cameras...
I20251226 01:32:59.232302     1 database_cache.cc:103]  1 in 0.000s
I20251226 01:32:59.232306     1 database_cache.cc:111] Loading frames...
I20251226 01:32:59.232312     1 database_cache.cc:126]  0 in 0.000s
I20251226 01:32:59.232316     1 database_cache.cc:134] Loading matches...
I20251226 01:32:59.232327     1 database_cache.cc:139]  4 in 0.000s
I20251226 01:32:59.232332     1 database_cache.cc:155] Loading images...
I20251226 01:32:59.232424     1 database_cache.cc:239]  4 in 0.000s (connected 3)
I20251226 01:32:59.232445     1 database_cache.cc:250] Building correspondence graph...
I20251226 01:32:59.232472     1 database_cache.cc:277]  in 0.000s (ignored 2)
I20251226 01:32:59.232669     1 timer.cc:90] Elapsed time: 0.001 [minutes]
I20251226 01:32:59.232750     1 incremental_pipeline.cc:311] Finding good initial image pair
I20251226 01:32:59.236349     1 incremental_pipeline.cc:335] Registering initial image pair #2 and #1
I20251226 01:32:59.236488     1 incremental_pipeline.cc:349] Global bundle adjustment
I20251226 01:32:59.294674     1 incremental_pipeline.cc:569] Discarding reconstruction due to bad initial pair
I20251226 01:32:59.294780     1 incremental_pipeline.cc:311] Finding good initial image pair
I20251226 01:32:59.296674     1 incremental_pipeline.cc:315] => No good initial image pair found.
I20251226 01:32:59.296720     1 incremental_pipeline.cc:559] Discarding reconstruction due to no initial pair
I20251226 01:32:59.296738     1 incremental_pipeline.cc:245] => Relaxing the initialization constraints.
I20251226 01:32:59.296759     1 incremental_pipeline.cc:311] Finding good initial image pair
I20251226 01:32:59.299818     1 incremental_pipeline.cc:335] Registering initial image pair #2 and #1
I20251226 01:32:59.299942     1 incremental_pipeline.cc:349] Global bundle adjustment
I20251226 01:32:59.303761     1 incremental_pipeline.cc:569] Discarding reconstruction due to bad initial pair
I20251226 01:32:59.303822     1 incremental_pipeline.cc:311] Finding good initial image pair
I20251226 01:32:59.306135     1 incremental_pipeline.cc:315] => No good initial image pair found.
I20251226 01:32:59.306172     1 incremental_pipeline.cc:559] Discarding reconstruction due to no initial pair
I20251226 01:32:59.306188     1 incremental_pipeline.cc:254] => Relaxing the initialization constraints.
I20251226 01:32:59.306210     1 incremental_pipeline.cc:311] Finding good initial image pair
I20251226 01:32:59.309938     1 incremental_pipeline.cc:335] Registering initial image pair #2 and #1
I20251226 01:32:59.310103     1 incremental_pipeline.cc:349] Global bundle adjustment
I20251226 01:32:59.313918     1 incremental_pipeline.cc:569] Discarding reconstruction due to bad initial pair
I20251226 01:32:59.313977     1 incremental_pipeline.cc:311] Finding good initial image pair
I20251226 01:32:59.315824     1 incremental_pipeline.cc:315] => No good initial image pair found.
I20251226 01:32:59.315857     1 incremental_pipeline.cc:559] Discarding reconstruction due to no initial pair
I20251226 01:32:59.315874     1 incremental_pipeline.cc:245] => Relaxing the initialization constraints.
I20251226 01:32:59.315896     1 incremental_pipeline.cc:311] Finding good initial image pair
I20251226 01:32:59.319101     1 incremental_pipeline.cc:335] Registering initial image pair #2 and #1
I20251226 01:32:59.319243     1 incremental_pipeline.cc:349] Global bundle adjustment
I20251226 01:32:59.323119     1 incremental_pipeline.cc:569] Discarding reconstruction due to bad initial pair
I20251226 01:32:59.323202     1 incremental_pipeline.cc:311] Finding good initial image pair
I20251226 01:32:59.325212     1 incremental_pipeline.cc:315] => No good initial image pair found.
I20251226 01:32:59.325251     1 incremental_pipeline.cc:559] Discarding reconstruction due to no initial pair
I20251226 01:32:59.325269     1 incremental_pipeline.cc:254] => Relaxing the initialization constraints.
I20251226 01:32:59.325292     1 incremental_pipeline.cc:311] Finding good initial image pair
I20251226 01:32:59.329144     1 incremental_pipeline.cc:335] Registering initial image pair #2 and #1
I20251226 01:32:59.329372     1 incremental_pipeline.cc:349] Global bundle adjustment
I20251226 01:32:59.333302     1 incremental_pipeline.cc:569] Discarding reconstruction due to bad initial pair
I20251226 01:32:59.333374     1 incremental_pipeline.cc:311] Finding good initial image pair
I20251226 01:32:59.335346     1 incremental_pipeline.cc:315] => No good initial image pair found.
I20251226 01:32:59.335418     1 incremental_pipeline.cc:559] Discarding reconstruction due to no initial pair
I20251226 01:32:59.335449     1 timer.cc:90] Elapsed time: 0.002 [minutes]
E20251226 01:32:59.335470     1 sfm.cc:278] failed to create sparse model
[retry] ETs/cluster_0003: mapper attempt 2 (min_model_size=2, init_min_inliers=15, init_min_tri_angle=1.0, tri_min_angle=0.25, local_ba_min_tri_angle=0.25, tri_ignore_two_view_tracks=0)
+ docker run --rm --gpus all -v /home/shamika/documents/prog_workspace/ml_imc25/ImageMatchingChallenge2025:/workspace -w /workspace colmap/colmap:latest colmap mapper --database_path outputs/ETs_cluster_0003/colmap_diffusion.db --image_path outputs/ETs_cluster_0003/images --output_path outputs/ETs_cluster_0003/sparse --Mapper.ba_refine_principal_point 0 --Mapper.min_model_size 2 --Mapper.init_min_num_inliers 15 --Mapper.init_min_tri_angle 1.0 --Mapper.tri_min_angle 0.25 --Mapper.filter_min_tri_angle 0.25 --Mapper.tri_ignore_two_view_tracks 0

==========
== CUDA ==
==========

CUDA Version 12.9.1

Container image Copyright (c) 2016-2023, NVIDIA CORPORATION & AFFILIATES. All rights reserved.

This container image and its contents are governed by the NVIDIA Deep Learning Container License.
By pulling and using the container, you accept the terms and conditions of this license:
https://developer.nvidia.com/ngc/nvidia-deep-learning-container-license

A copy of this license is made available in this container at /NGC-DL-CONTAINER-LICENSE for your convenience.

I20251226 01:33:03.710671     1 incremental_pipeline.cc:264] Loading database
I20251226 01:33:03.712002     1 database_cache.cc:67] Loading rigs...
I20251226 01:33:03.712041     1 database_cache.cc:77]  0 in 0.000s
I20251226 01:33:03.712049     1 database_cache.cc:85] Loading cameras...
I20251226 01:33:03.712061     1 database_cache.cc:103]  1 in 0.000s
I20251226 01:33:03.712064     1 database_cache.cc:111] Loading frames...
I20251226 01:33:03.712070     1 database_cache.cc:126]  0 in 0.000s
I20251226 01:33:03.712073     1 database_cache.cc:134] Loading matches...
I20251226 01:33:03.712085     1 database_cache.cc:139]  4 in 0.000s
I20251226 01:33:03.712088     1 database_cache.cc:155] Loading images...
I20251226 01:33:03.712178     1 database_cache.cc:239]  4 in 0.000s (connected 3)
I20251226 01:33:03.712198     1 database_cache.cc:250] Building correspondence graph...
I20251226 01:33:03.712218     1 database_cache.cc:277]  in 0.000s (ignored 2)
I20251226 01:33:03.712441     1 timer.cc:90] Elapsed time: 0.000 [minutes]
I20251226 01:33:03.712496     1 incremental_pipeline.cc:311] Finding good initial image pair
I20251226 01:33:03.715561     1 incremental_pipeline.cc:335] Registering initial image pair #2 and #3
I20251226 01:33:03.715699     1 incremental_pipeline.cc:349] Global bundle adjustment
I20251226 01:33:03.718731     1 incremental_pipeline.cc:569] Discarding reconstruction due to bad initial pair
I20251226 01:33:03.718834     1 incremental_pipeline.cc:311] Finding good initial image pair
I20251226 01:33:03.720755     1 incremental_pipeline.cc:315] => No good initial image pair found.
I20251226 01:33:03.720784     1 incremental_pipeline.cc:559] Discarding reconstruction due to no initial pair
I20251226 01:33:03.720798     1 incremental_pipeline.cc:245] => Relaxing the initialization constraints.
I20251226 01:33:03.720816     1 incremental_pipeline.cc:311] Finding good initial image pair
I20251226 01:33:03.724327     1 incremental_pipeline.cc:335] Registering initial image pair #2 and #1
I20251226 01:33:03.724488     1 incremental_pipeline.cc:349] Global bundle adjustment
I20251226 01:33:03.729110     1 incremental_pipeline.cc:569] Discarding reconstruction due to bad initial pair
I20251226 01:33:03.729192     1 incremental_pipeline.cc:311] Finding good initial image pair
I20251226 01:33:03.730991     1 incremental_pipeline.cc:315] => No good initial image pair found.
I20251226 01:33:03.731025     1 incremental_pipeline.cc:559] Discarding reconstruction due to no initial pair
I20251226 01:33:03.731040     1 incremental_pipeline.cc:254] => Relaxing the initialization constraints.
I20251226 01:33:03.731060     1 incremental_pipeline.cc:311] Finding good initial image pair
I20251226 01:33:03.734370     1 incremental_pipeline.cc:335] Registering initial image pair #2 and #1
I20251226 01:33:03.734525     1 incremental_pipeline.cc:349] Global bundle adjustment
I20251226 01:33:03.738425     1 incremental_pipeline.cc:569] Discarding reconstruction due to bad initial pair
I20251226 01:33:03.738509     1 incremental_pipeline.cc:311] Finding good initial image pair
I20251226 01:33:03.740651     1 incremental_pipeline.cc:315] => No good initial image pair found.
I20251226 01:33:03.740686     1 incremental_pipeline.cc:559] Discarding reconstruction due to no initial pair
I20251226 01:33:03.740702     1 incremental_pipeline.cc:245] => Relaxing the initialization constraints.
I20251226 01:33:03.740725     1 incremental_pipeline.cc:311] Finding good initial image pair
I20251226 01:33:03.744223     1 incremental_pipeline.cc:335] Registering initial image pair #2 and #1
I20251226 01:33:03.744378     1 incremental_pipeline.cc:349] Global bundle adjustment
I20251226 01:33:03.748221     1 incremental_pipeline.cc:569] Discarding reconstruction due to bad initial pair
I20251226 01:33:03.748292     1 incremental_pipeline.cc:311] Finding good initial image pair
I20251226 01:33:03.750434     1 incremental_pipeline.cc:315] => No good initial image pair found.
I20251226 01:33:03.750474     1 incremental_pipeline.cc:559] Discarding reconstruction due to no initial pair
I20251226 01:33:03.750490     1 incremental_pipeline.cc:254] => Relaxing the initialization constraints.
I20251226 01:33:03.750514     1 incremental_pipeline.cc:311] Finding good initial image pair
I20251226 01:33:03.753726     1 incremental_pipeline.cc:335] Registering initial image pair #2 and #1
I20251226 01:33:03.753875     1 incremental_pipeline.cc:349] Global bundle adjustment
I20251226 01:33:03.757768     1 incremental_pipeline.cc:569] Discarding reconstruction due to bad initial pair
I20251226 01:33:03.757848     1 incremental_pipeline.cc:311] Finding good initial image pair
I20251226 01:33:03.759757     1 incremental_pipeline.cc:315] => No good initial image pair found.
I20251226 01:33:03.759796     1 incremental_pipeline.cc:559] Discarding reconstruction due to no initial pair
I20251226 01:33:03.759811     1 timer.cc:90] Elapsed time: 0.001 [minutes]
E20251226 01:33:03.759822     1 sfm.cc:278] failed to create sparse model
[retry] ETs/cluster_0003: mapper attempt 3 (min_model_size=2, init_min_inliers=8, init_min_tri_angle=0.5, tri_min_angle=0.05, local_ba_min_tri_angle=0.05, tri_ignore_two_view_tracks=0)
+ docker run --rm --gpus all -v /home/shamika/documents/prog_workspace/ml_imc25/ImageMatchingChallenge2025:/workspace -w /workspace colmap/colmap:latest colmap mapper --database_path outputs/ETs_cluster_0003/colmap_diffusion.db --image_path outputs/ETs_cluster_0003/images --output_path outputs/ETs_cluster_0003/sparse --Mapper.ba_refine_principal_point 0 --Mapper.min_model_size 2 --Mapper.init_min_num_inliers 8 --Mapper.init_min_tri_angle 0.5 --Mapper.tri_min_angle 0.05 --Mapper.filter_min_tri_angle 0.05 --Mapper.tri_ignore_two_view_tracks 0

==========
== CUDA ==
==========

CUDA Version 12.9.1

Container image Copyright (c) 2016-2023, NVIDIA CORPORATION & AFFILIATES. All rights reserved.

This container image and its contents are governed by the NVIDIA Deep Learning Container License.
By pulling and using the container, you accept the terms and conditions of this license:
https://developer.nvidia.com/ngc/nvidia-deep-learning-container-license

A copy of this license is made available in this container at /NGC-DL-CONTAINER-LICENSE for your convenience.

I20251226 01:33:07.390529     1 incremental_pipeline.cc:264] Loading database
I20251226 01:33:07.391760     1 database_cache.cc:67] Loading rigs...
I20251226 01:33:07.391801     1 database_cache.cc:77]  0 in 0.000s
I20251226 01:33:07.391809     1 database_cache.cc:85] Loading cameras...
I20251226 01:33:07.391821     1 database_cache.cc:103]  1 in 0.000s
I20251226 01:33:07.391825     1 database_cache.cc:111] Loading frames...
I20251226 01:33:07.391831     1 database_cache.cc:126]  0 in 0.000s
I20251226 01:33:07.391835     1 database_cache.cc:134] Loading matches...
I20251226 01:33:07.391846     1 database_cache.cc:139]  4 in 0.000s
I20251226 01:33:07.391850     1 database_cache.cc:155] Loading images...
I20251226 01:33:07.391934     1 database_cache.cc:239]  4 in 0.000s (connected 3)
I20251226 01:33:07.391954     1 database_cache.cc:250] Building correspondence graph...
I20251226 01:33:07.391978     1 database_cache.cc:277]  in 0.000s (ignored 2)
I20251226 01:33:07.392174     1 timer.cc:90] Elapsed time: 0.000 [minutes]
I20251226 01:33:07.392226     1 incremental_pipeline.cc:311] Finding good initial image pair
I20251226 01:33:07.395900     1 incremental_pipeline.cc:335] Registering initial image pair #2 and #1
I20251226 01:33:07.396049     1 incremental_pipeline.cc:349] Global bundle adjustment
I20251226 01:33:07.399966     1 incremental_pipeline.cc:569] Discarding reconstruction due to bad initial pair
I20251226 01:33:07.400023     1 incremental_pipeline.cc:311] Finding good initial image pair
I20251226 01:33:07.401925     1 incremental_pipeline.cc:315] => No good initial image pair found.
I20251226 01:33:07.401962     1 incremental_pipeline.cc:559] Discarding reconstruction due to no initial pair
I20251226 01:33:07.401978     1 incremental_pipeline.cc:245] => Relaxing the initialization constraints.
I20251226 01:33:07.402002     1 incremental_pipeline.cc:311] Finding good initial image pair
I20251226 01:33:07.406263     1 incremental_pipeline.cc:335] Registering initial image pair #2 and #1
I20251226 01:33:07.406433     1 incremental_pipeline.cc:349] Global bundle adjustment
I20251226 01:33:07.410667     1 incremental_pipeline.cc:569] Discarding reconstruction due to bad initial pair
I20251226 01:33:07.410748     1 incremental_pipeline.cc:311] Finding good initial image pair
I20251226 01:33:07.412468     1 incremental_pipeline.cc:315] => No good initial image pair found.
I20251226 01:33:07.412501     1 incremental_pipeline.cc:559] Discarding reconstruction due to no initial pair
I20251226 01:33:07.412516     1 incremental_pipeline.cc:254] => Relaxing the initialization constraints.
I20251226 01:33:07.412539     1 incremental_pipeline.cc:311] Finding good initial image pair
I20251226 01:33:07.415781     1 incremental_pipeline.cc:335] Registering initial image pair #2 and #1
I20251226 01:33:07.415927     1 incremental_pipeline.cc:349] Global bundle adjustment
I20251226 01:33:07.419854     1 incremental_pipeline.cc:569] Discarding reconstruction due to bad initial pair
I20251226 01:33:07.419929     1 incremental_pipeline.cc:311] Finding good initial image pair
I20251226 01:33:07.422369     1 incremental_pipeline.cc:315] => No good initial image pair found.
I20251226 01:33:07.422407     1 incremental_pipeline.cc:559] Discarding reconstruction due to no initial pair
I20251226 01:33:07.422425     1 incremental_pipeline.cc:245] => Relaxing the initialization constraints.
I20251226 01:33:07.422448     1 incremental_pipeline.cc:311] Finding good initial image pair
I20251226 01:33:07.425698     1 incremental_pipeline.cc:335] Registering initial image pair #2 and #1
I20251226 01:33:07.425853     1 incremental_pipeline.cc:349] Global bundle adjustment
I20251226 01:33:07.429735     1 incremental_pipeline.cc:569] Discarding reconstruction due to bad initial pair
I20251226 01:33:07.429845     1 incremental_pipeline.cc:311] Finding good initial image pair
I20251226 01:33:07.431694     1 incremental_pipeline.cc:315] => No good initial image pair found.
I20251226 01:33:07.431726     1 incremental_pipeline.cc:559] Discarding reconstruction due to no initial pair
I20251226 01:33:07.431742     1 incremental_pipeline.cc:254] => Relaxing the initialization constraints.
I20251226 01:33:07.431762     1 incremental_pipeline.cc:311] Finding good initial image pair
I20251226 01:33:07.434825     1 incremental_pipeline.cc:335] Registering initial image pair #2 and #1
I20251226 01:33:07.434953     1 incremental_pipeline.cc:349] Global bundle adjustment
I20251226 01:33:07.439039     1 incremental_pipeline.cc:569] Discarding reconstruction due to bad initial pair
I20251226 01:33:07.439147     1 incremental_pipeline.cc:311] Finding good initial image pair
I20251226 01:33:07.441165     1 incremental_pipeline.cc:315] => No good initial image pair found.
I20251226 01:33:07.441200     1 incremental_pipeline.cc:559] Discarding reconstruction due to no initial pair
I20251226 01:33:07.441215     1 timer.cc:90] Elapsed time: 0.001 [minutes]
E20251226 01:33:07.441224     1 sfm.cc:278] failed to create sparse model
[fail] ETs/cluster_0003: COLMAP mapper failed after 3 attempts
[cluster] 4/18: amy_gardens/cluster_0001
[run] amy_gardens/cluster_0001: images=12 matcher=diffusion
[diffusion] using preloaded model on device=cuda
[diffusion] image 1/12: peach_0005.png
[diffusion] cache hit: peach_0005.png
[diffusion] image 2/12: peach_0009.png
[diffusion] cache hit: peach_0009.png
[diffusion] image 3/12: peach_0094.png
[diffusion] cache hit: peach_0094.png
[diffusion] image 4/12: peach_0108.png
[diffusion] cache hit: peach_0108.png
[diffusion] image 5/12: peach_0110.png
[diffusion] cache hit: peach_0110.png
[diffusion] image 6/12: peach_0125.png
[diffusion] cache hit: peach_0125.png
[diffusion] image 7/12: peach_0160.png
[diffusion] cache hit: peach_0160.png
[diffusion] image 8/12: peach_0176.png
[diffusion] cache hit: peach_0176.png
[diffusion] image 9/12: peach_0179.png
[diffusion] cache hit: peach_0179.png
[diffusion] image 10/12: peach_0182.png
[diffusion] cache hit: peach_0182.png
[diffusion] image 11/12: peach_0185.png
[diffusion] cache hit: peach_0185.png
[diffusion] image 12/12: peach_0197.png
[diffusion] cache hit: peach_0197.png
[diffusion] matching pairs=66 (RANSAC)...
[diffusion] pair 25/66: peach_0094.png ↔ peach_0160.png (no F)
[diffusion] pair 50/66: peach_0125.png ↔ peach_0185.png (no F)
[ok] wrote outputs/amy_gardens_cluster_0001/colmap_diffusion.db (images=12 pairs=66 good_pairs=7, min_inliers=8)
+ docker run --rm --gpus all -v /home/shamika/documents/prog_workspace/ml_imc25/ImageMatchingChallenge2025:/workspace -w /workspace colmap/colmap:latest colmap mapper --database_path outputs/amy_gardens_cluster_0001/colmap_diffusion.db --image_path outputs/amy_gardens_cluster_0001/images --output_path outputs/amy_gardens_cluster_0001/sparse --Mapper.ba_refine_principal_point 0 --Mapper.min_model_size 2 --Mapper.init_min_num_inliers 8 --Mapper.init_min_tri_angle 0.5 --Mapper.tri_min_angle 0.05 --Mapper.filter_min_tri_angle 0.05 --Mapper.tri_ignore_two_view_tracks 0

==========
== CUDA ==
==========

CUDA Version 12.9.1

Container image Copyright (c) 2016-2023, NVIDIA CORPORATION & AFFILIATES. All rights reserved.

This container image and its contents are governed by the NVIDIA Deep Learning Container License.
By pulling and using the container, you accept the terms and conditions of this license:
https://developer.nvidia.com/ngc/nvidia-deep-learning-container-license

A copy of this license is made available in this container at /NGC-DL-CONTAINER-LICENSE for your convenience.

I20251226 01:33:15.705929     1 incremental_pipeline.cc:264] Loading database
I20251226 01:33:15.707432     1 database_cache.cc:67] Loading rigs...
I20251226 01:33:15.707474     1 database_cache.cc:77]  0 in 0.000s
I20251226 01:33:15.707490     1 database_cache.cc:85] Loading cameras...
I20251226 01:33:15.707502     1 database_cache.cc:103]  1 in 0.000s
I20251226 01:33:15.707506     1 database_cache.cc:111] Loading frames...
I20251226 01:33:15.707513     1 database_cache.cc:126]  0 in 0.000s
I20251226 01:33:15.707517     1 database_cache.cc:134] Loading matches...
I20251226 01:33:15.707546     1 database_cache.cc:139]  7 in 0.000s
I20251226 01:33:15.707552     1 database_cache.cc:155] Loading images...
I20251226 01:33:15.707751     1 database_cache.cc:239]  12 in 0.000s (connected 4)
I20251226 01:33:15.707778     1 database_cache.cc:250] Building correspondence graph...
I20251226 01:33:15.707823     1 database_cache.cc:277]  in 0.000s (ignored 5)
I20251226 01:33:15.708063     1 timer.cc:90] Elapsed time: 0.000 [minutes]
I20251226 01:33:15.708165     1 incremental_pipeline.cc:311] Finding good initial image pair
I20251226 01:33:15.711477     1 incremental_pipeline.cc:335] Registering initial image pair #2 and #3
I20251226 01:33:15.711658     1 incremental_pipeline.cc:349] Global bundle adjustment
W20251226 01:33:15.711714     1 bundle_adjustment.cc:583] Failed to fix Gauge with two cameras. Falling back to fixing Gauge with three points.
W20251226 01:33:15.711720     1 bundle_adjustment.cc:489] Failed to fix Gauge due to insufficient number of fixed points: 0
I20251226 01:33:15.711738     1 incremental_pipeline.cc:569] Discarding reconstruction due to bad initial pair
I20251226 01:33:15.711779     1 incremental_pipeline.cc:311] Finding good initial image pair
I20251226 01:33:15.713514     1 incremental_pipeline.cc:315] => No good initial image pair found.
I20251226 01:33:15.713538     1 incremental_pipeline.cc:559] Discarding reconstruction due to no initial pair
I20251226 01:33:15.713551     1 incremental_pipeline.cc:245] => Relaxing the initialization constraints.
I20251226 01:33:15.713572     1 incremental_pipeline.cc:311] Finding good initial image pair
I20251226 01:33:15.716797     1 incremental_pipeline.cc:335] Registering initial image pair #2 and #3
I20251226 01:33:15.716944     1 incremental_pipeline.cc:349] Global bundle adjustment
W20251226 01:33:15.716984     1 bundle_adjustment.cc:583] Failed to fix Gauge with two cameras. Falling back to fixing Gauge with three points.
W20251226 01:33:15.717007     1 bundle_adjustment.cc:489] Failed to fix Gauge due to insufficient number of fixed points: 0
I20251226 01:33:15.717026     1 incremental_pipeline.cc:569] Discarding reconstruction due to bad initial pair
I20251226 01:33:15.717097     1 incremental_pipeline.cc:311] Finding good initial image pair
I20251226 01:33:15.719009     1 incremental_pipeline.cc:315] => No good initial image pair found.
I20251226 01:33:15.719048     1 incremental_pipeline.cc:559] Discarding reconstruction due to no initial pair
I20251226 01:33:15.719064     1 incremental_pipeline.cc:254] => Relaxing the initialization constraints.
I20251226 01:33:15.719100     1 incremental_pipeline.cc:311] Finding good initial image pair
I20251226 01:33:15.722179     1 incremental_pipeline.cc:335] Registering initial image pair #2 and #3
I20251226 01:33:15.722384     1 incremental_pipeline.cc:349] Global bundle adjustment
W20251226 01:33:15.722445     1 bundle_adjustment.cc:583] Failed to fix Gauge with two cameras. Falling back to fixing Gauge with three points.
W20251226 01:33:15.722470     1 bundle_adjustment.cc:489] Failed to fix Gauge due to insufficient number of fixed points: 0
I20251226 01:33:15.722506     1 incremental_pipeline.cc:569] Discarding reconstruction due to bad initial pair
I20251226 01:33:15.722574     1 incremental_pipeline.cc:311] Finding good initial image pair
I20251226 01:33:15.725124     1 incremental_pipeline.cc:315] => No good initial image pair found.
I20251226 01:33:15.725207     1 incremental_pipeline.cc:559] Discarding reconstruction due to no initial pair
I20251226 01:33:15.725239     1 incremental_pipeline.cc:245] => Relaxing the initialization constraints.
I20251226 01:33:15.725328     1 incremental_pipeline.cc:311] Finding good initial image pair
I20251226 01:33:15.728575     1 incremental_pipeline.cc:335] Registering initial image pair #2 and #3
I20251226 01:33:15.728780     1 incremental_pipeline.cc:349] Global bundle adjustment
W20251226 01:33:15.728835     1 bundle_adjustment.cc:583] Failed to fix Gauge with two cameras. Falling back to fixing Gauge with three points.
W20251226 01:33:15.728856     1 bundle_adjustment.cc:489] Failed to fix Gauge due to insufficient number of fixed points: 0
I20251226 01:33:15.728880     1 incremental_pipeline.cc:569] Discarding reconstruction due to bad initial pair
I20251226 01:33:15.728946     1 incremental_pipeline.cc:311] Finding good initial image pair
I20251226 01:33:15.730921     1 incremental_pipeline.cc:315] => No good initial image pair found.
I20251226 01:33:15.730962     1 incremental_pipeline.cc:559] Discarding reconstruction due to no initial pair
I20251226 01:33:15.730978     1 incremental_pipeline.cc:254] => Relaxing the initialization constraints.
I20251226 01:33:15.731012     1 incremental_pipeline.cc:311] Finding good initial image pair
I20251226 01:33:15.734222     1 incremental_pipeline.cc:335] Registering initial image pair #2 and #3
I20251226 01:33:15.734376     1 incremental_pipeline.cc:349] Global bundle adjustment
W20251226 01:33:15.734416     1 bundle_adjustment.cc:583] Failed to fix Gauge with two cameras. Falling back to fixing Gauge with three points.
W20251226 01:33:15.734439     1 bundle_adjustment.cc:489] Failed to fix Gauge due to insufficient number of fixed points: 0
I20251226 01:33:15.734459     1 incremental_pipeline.cc:569] Discarding reconstruction due to bad initial pair
I20251226 01:33:15.734513     1 incremental_pipeline.cc:311] Finding good initial image pair
I20251226 01:33:15.736481     1 incremental_pipeline.cc:315] => No good initial image pair found.
I20251226 01:33:15.736523     1 incremental_pipeline.cc:559] Discarding reconstruction due to no initial pair
I20251226 01:33:15.736541     1 timer.cc:90] Elapsed time: 0.001 [minutes]
E20251226 01:33:15.736552     1 sfm.cc:278] failed to create sparse model
[retry] amy_gardens/cluster_0001: mapper attempt 2 (min_model_size=2, init_min_inliers=15, init_min_tri_angle=1.0, tri_min_angle=0.25, local_ba_min_tri_angle=0.25, tri_ignore_two_view_tracks=0)
+ docker run --rm --gpus all -v /home/shamika/documents/prog_workspace/ml_imc25/ImageMatchingChallenge2025:/workspace -w /workspace colmap/colmap:latest colmap mapper --database_path outputs/amy_gardens_cluster_0001/colmap_diffusion.db --image_path outputs/amy_gardens_cluster_0001/images --output_path outputs/amy_gardens_cluster_0001/sparse --Mapper.ba_refine_principal_point 0 --Mapper.min_model_size 2 --Mapper.init_min_num_inliers 15 --Mapper.init_min_tri_angle 1.0 --Mapper.tri_min_angle 0.25 --Mapper.filter_min_tri_angle 0.25 --Mapper.tri_ignore_two_view_tracks 0

==========
== CUDA ==
==========

CUDA Version 12.9.1

Container image Copyright (c) 2016-2023, NVIDIA CORPORATION & AFFILIATES. All rights reserved.

This container image and its contents are governed by the NVIDIA Deep Learning Container License.
By pulling and using the container, you accept the terms and conditions of this license:
https://developer.nvidia.com/ngc/nvidia-deep-learning-container-license

A copy of this license is made available in this container at /NGC-DL-CONTAINER-LICENSE for your convenience.

I20251226 01:33:19.060240     1 incremental_pipeline.cc:264] Loading database
I20251226 01:33:19.061414     1 database_cache.cc:67] Loading rigs...
I20251226 01:33:19.061450     1 database_cache.cc:77]  0 in 0.000s
I20251226 01:33:19.061457     1 database_cache.cc:85] Loading cameras...
I20251226 01:33:19.061470     1 database_cache.cc:103]  1 in 0.000s
I20251226 01:33:19.061472     1 database_cache.cc:111] Loading frames...
I20251226 01:33:19.061478     1 database_cache.cc:126]  0 in 0.000s
I20251226 01:33:19.061482     1 database_cache.cc:134] Loading matches...
I20251226 01:33:19.061496     1 database_cache.cc:139]  7 in 0.000s
I20251226 01:33:19.061498     1 database_cache.cc:155] Loading images...
I20251226 01:33:19.061669     1 database_cache.cc:239]  12 in 0.000s (connected 4)
I20251226 01:33:19.061692     1 database_cache.cc:250] Building correspondence graph...
I20251226 01:33:19.061736     1 database_cache.cc:277]  in 0.000s (ignored 5)
I20251226 01:33:19.061921     1 timer.cc:90] Elapsed time: 0.000 [minutes]
I20251226 01:33:19.061980     1 incremental_pipeline.cc:311] Finding good initial image pair
I20251226 01:33:19.064936     1 incremental_pipeline.cc:335] Registering initial image pair #2 and #3
I20251226 01:33:19.065107     1 incremental_pipeline.cc:349] Global bundle adjustment
W20251226 01:33:19.065164     1 bundle_adjustment.cc:583] Failed to fix Gauge with two cameras. Falling back to fixing Gauge with three points.
W20251226 01:33:19.065173     1 bundle_adjustment.cc:489] Failed to fix Gauge due to insufficient number of fixed points: 0
I20251226 01:33:19.065196     1 incremental_pipeline.cc:569] Discarding reconstruction due to bad initial pair
I20251226 01:33:19.065250     1 incremental_pipeline.cc:311] Finding good initial image pair
I20251226 01:33:19.067099     1 incremental_pipeline.cc:315] => No good initial image pair found.
I20251226 01:33:19.067126     1 incremental_pipeline.cc:559] Discarding reconstruction due to no initial pair
I20251226 01:33:19.067139     1 incremental_pipeline.cc:245] => Relaxing the initialization constraints.
I20251226 01:33:19.067162     1 incremental_pipeline.cc:311] Finding good initial image pair
I20251226 01:33:19.070075     1 incremental_pipeline.cc:335] Registering initial image pair #2 and #3
I20251226 01:33:19.070204     1 incremental_pipeline.cc:349] Global bundle adjustment
W20251226 01:33:19.070235     1 bundle_adjustment.cc:583] Failed to fix Gauge with two cameras. Falling back to fixing Gauge with three points.
W20251226 01:33:19.070241     1 bundle_adjustment.cc:489] Failed to fix Gauge due to insufficient number of fixed points: 0
I20251226 01:33:19.070252     1 incremental_pipeline.cc:569] Discarding reconstruction due to bad initial pair
I20251226 01:33:19.070278     1 incremental_pipeline.cc:311] Finding good initial image pair
I20251226 01:33:19.071914     1 incremental_pipeline.cc:315] => No good initial image pair found.
I20251226 01:33:19.071938     1 incremental_pipeline.cc:559] Discarding reconstruction due to no initial pair
I20251226 01:33:19.071950     1 incremental_pipeline.cc:254] => Relaxing the initialization constraints.
I20251226 01:33:19.071970     1 incremental_pipeline.cc:311] Finding good initial image pair
I20251226 01:33:19.075084     1 incremental_pipeline.cc:335] Registering initial image pair #2 and #3
I20251226 01:33:19.075230     1 incremental_pipeline.cc:349] Global bundle adjustment
W20251226 01:33:19.075290     1 bundle_adjustment.cc:583] Failed to fix Gauge with two cameras. Falling back to fixing Gauge with three points.
W20251226 01:33:19.075315     1 bundle_adjustment.cc:489] Failed to fix Gauge due to insufficient number of fixed points: 0
I20251226 01:33:19.075340     1 incremental_pipeline.cc:569] Discarding reconstruction due to bad initial pair
I20251226 01:33:19.075397     1 incremental_pipeline.cc:311] Finding good initial image pair
I20251226 01:33:19.077829     1 incremental_pipeline.cc:315] => No good initial image pair found.
I20251226 01:33:19.077868     1 incremental_pipeline.cc:559] Discarding reconstruction due to no initial pair
I20251226 01:33:19.077884     1 incremental_pipeline.cc:245] => Relaxing the initialization constraints.
I20251226 01:33:19.077919     1 incremental_pipeline.cc:311] Finding good initial image pair
I20251226 01:33:19.081286     1 incremental_pipeline.cc:335] Registering initial image pair #2 and #3
I20251226 01:33:19.081427     1 incremental_pipeline.cc:349] Global bundle adjustment
W20251226 01:33:19.081465     1 bundle_adjustment.cc:583] Failed to fix Gauge with two cameras. Falling back to fixing Gauge with three points.
W20251226 01:33:19.081482     1 bundle_adjustment.cc:489] Failed to fix Gauge due to insufficient number of fixed points: 0
I20251226 01:33:19.081497     1 incremental_pipeline.cc:569] Discarding reconstruction due to bad initial pair
I20251226 01:33:19.081529     1 incremental_pipeline.cc:311] Finding good initial image pair
I20251226 01:33:19.083694     1 incremental_pipeline.cc:315] => No good initial image pair found.
I20251226 01:33:19.083770     1 incremental_pipeline.cc:559] Discarding reconstruction due to no initial pair
I20251226 01:33:19.083801     1 incremental_pipeline.cc:254] => Relaxing the initialization constraints.
I20251226 01:33:19.083875     1 incremental_pipeline.cc:311] Finding good initial image pair
I20251226 01:33:19.087350     1 incremental_pipeline.cc:335] Registering initial image pair #2 and #3
I20251226 01:33:19.087500     1 incremental_pipeline.cc:349] Global bundle adjustment
W20251226 01:33:19.087538     1 bundle_adjustment.cc:583] Failed to fix Gauge with two cameras. Falling back to fixing Gauge with three points.
W20251226 01:33:19.087556     1 bundle_adjustment.cc:489] Failed to fix Gauge due to insufficient number of fixed points: 0
I20251226 01:33:19.087574     1 incremental_pipeline.cc:569] Discarding reconstruction due to bad initial pair
I20251226 01:33:19.087630     1 incremental_pipeline.cc:311] Finding good initial image pair
I20251226 01:33:19.089636     1 incremental_pipeline.cc:315] => No good initial image pair found.
I20251226 01:33:19.089709     1 incremental_pipeline.cc:559] Discarding reconstruction due to no initial pair
I20251226 01:33:19.089740     1 timer.cc:90] Elapsed time: 0.000 [minutes]
E20251226 01:33:19.089759     1 sfm.cc:278] failed to create sparse model
[retry] amy_gardens/cluster_0001: mapper attempt 3 (min_model_size=2, init_min_inliers=8, init_min_tri_angle=0.5, tri_min_angle=0.05, local_ba_min_tri_angle=0.05, tri_ignore_two_view_tracks=0)
+ docker run --rm --gpus all -v /home/shamika/documents/prog_workspace/ml_imc25/ImageMatchingChallenge2025:/workspace -w /workspace colmap/colmap:latest colmap mapper --database_path outputs/amy_gardens_cluster_0001/colmap_diffusion.db --image_path outputs/amy_gardens_cluster_0001/images --output_path outputs/amy_gardens_cluster_0001/sparse --Mapper.ba_refine_principal_point 0 --Mapper.min_model_size 2 --Mapper.init_min_num_inliers 8 --Mapper.init_min_tri_angle 0.5 --Mapper.tri_min_angle 0.05 --Mapper.filter_min_tri_angle 0.05 --Mapper.tri_ignore_two_view_tracks 0

==========
== CUDA ==
==========

CUDA Version 12.9.1

Container image Copyright (c) 2016-2023, NVIDIA CORPORATION & AFFILIATES. All rights reserved.

This container image and its contents are governed by the NVIDIA Deep Learning Container License.
By pulling and using the container, you accept the terms and conditions of this license:
https://developer.nvidia.com/ngc/nvidia-deep-learning-container-license

A copy of this license is made available in this container at /NGC-DL-CONTAINER-LICENSE for your convenience.

I20251226 01:33:23.810168     1 incremental_pipeline.cc:264] Loading database
I20251226 01:33:23.811374     1 database_cache.cc:67] Loading rigs...
I20251226 01:33:23.811414     1 database_cache.cc:77]  0 in 0.000s
I20251226 01:33:23.811424     1 database_cache.cc:85] Loading cameras...
I20251226 01:33:23.811440     1 database_cache.cc:103]  1 in 0.000s
I20251226 01:33:23.811444     1 database_cache.cc:111] Loading frames...
I20251226 01:33:23.811450     1 database_cache.cc:126]  0 in 0.000s
I20251226 01:33:23.811455     1 database_cache.cc:134] Loading matches...
I20251226 01:33:23.811467     1 database_cache.cc:139]  7 in 0.000s
I20251226 01:33:23.811487     1 database_cache.cc:155] Loading images...
I20251226 01:33:23.811671     1 database_cache.cc:239]  12 in 0.000s (connected 4)
I20251226 01:33:23.811707     1 database_cache.cc:250] Building correspondence graph...
I20251226 01:33:23.811770     1 database_cache.cc:277]  in 0.000s (ignored 5)
I20251226 01:33:23.811995     1 timer.cc:90] Elapsed time: 0.000 [minutes]
I20251226 01:33:23.812060     1 incremental_pipeline.cc:311] Finding good initial image pair
I20251226 01:33:23.815356     1 incremental_pipeline.cc:335] Registering initial image pair #2 and #3
I20251226 01:33:23.815498     1 incremental_pipeline.cc:349] Global bundle adjustment
W20251226 01:33:23.815550     1 bundle_adjustment.cc:583] Failed to fix Gauge with two cameras. Falling back to fixing Gauge with three points.
W20251226 01:33:23.815570     1 bundle_adjustment.cc:489] Failed to fix Gauge due to insufficient number of fixed points: 0
I20251226 01:33:23.815590     1 incremental_pipeline.cc:569] Discarding reconstruction due to bad initial pair
I20251226 01:33:23.815634     1 incremental_pipeline.cc:311] Finding good initial image pair
I20251226 01:33:23.817366     1 incremental_pipeline.cc:315] => No good initial image pair found.
I20251226 01:33:23.817396     1 incremental_pipeline.cc:559] Discarding reconstruction due to no initial pair
I20251226 01:33:23.817410     1 incremental_pipeline.cc:245] => Relaxing the initialization constraints.
I20251226 01:33:23.817436     1 incremental_pipeline.cc:311] Finding good initial image pair
I20251226 01:33:23.820376     1 incremental_pipeline.cc:335] Registering initial image pair #2 and #3
I20251226 01:33:23.820505     1 incremental_pipeline.cc:349] Global bundle adjustment
W20251226 01:33:23.820537     1 bundle_adjustment.cc:583] Failed to fix Gauge with two cameras. Falling back to fixing Gauge with three points.
W20251226 01:33:23.820544     1 bundle_adjustment.cc:489] Failed to fix Gauge due to insufficient number of fixed points: 0
I20251226 01:33:23.820554     1 incremental_pipeline.cc:569] Discarding reconstruction due to bad initial pair
I20251226 01:33:23.820578     1 incremental_pipeline.cc:311] Finding good initial image pair
I20251226 01:33:23.822217     1 incremental_pipeline.cc:315] => No good initial image pair found.
I20251226 01:33:23.822242     1 incremental_pipeline.cc:559] Discarding reconstruction due to no initial pair
I20251226 01:33:23.822253     1 incremental_pipeline.cc:254] => Relaxing the initialization constraints.
I20251226 01:33:23.822273     1 incremental_pipeline.cc:311] Finding good initial image pair
I20251226 01:33:23.825044     1 incremental_pipeline.cc:335] Registering initial image pair #2 and #3
I20251226 01:33:23.825186     1 incremental_pipeline.cc:349] Global bundle adjustment
W20251226 01:33:23.825224     1 bundle_adjustment.cc:583] Failed to fix Gauge with two cameras. Falling back to fixing Gauge with three points.
W20251226 01:33:23.825230     1 bundle_adjustment.cc:489] Failed to fix Gauge due to insufficient number of fixed points: 0
I20251226 01:33:23.825241     1 incremental_pipeline.cc:569] Discarding reconstruction due to bad initial pair
I20251226 01:33:23.825275     1 incremental_pipeline.cc:311] Finding good initial image pair
I20251226 01:33:23.827049     1 incremental_pipeline.cc:315] => No good initial image pair found.
I20251226 01:33:23.827090     1 incremental_pipeline.cc:559] Discarding reconstruction due to no initial pair
I20251226 01:33:23.827109     1 incremental_pipeline.cc:245] => Relaxing the initialization constraints.
I20251226 01:33:23.827150     1 incremental_pipeline.cc:311] Finding good initial image pair
I20251226 01:33:23.830039     1 incremental_pipeline.cc:335] Registering initial image pair #2 and #3
I20251226 01:33:23.830184     1 incremental_pipeline.cc:349] Global bundle adjustment
W20251226 01:33:23.830261     1 bundle_adjustment.cc:583] Failed to fix Gauge with two cameras. Falling back to fixing Gauge with three points.
W20251226 01:33:23.830303     1 bundle_adjustment.cc:489] Failed to fix Gauge due to insufficient number of fixed points: 0
I20251226 01:33:23.830327     1 incremental_pipeline.cc:569] Discarding reconstruction due to bad initial pair
I20251226 01:33:23.830399     1 incremental_pipeline.cc:311] Finding good initial image pair
I20251226 01:33:23.832182     1 incremental_pipeline.cc:315] => No good initial image pair found.
I20251226 01:33:23.832212     1 incremental_pipeline.cc:559] Discarding reconstruction due to no initial pair
I20251226 01:33:23.832227     1 incremental_pipeline.cc:254] => Relaxing the initialization constraints.
I20251226 01:33:23.832254     1 incremental_pipeline.cc:311] Finding good initial image pair
I20251226 01:33:23.835011     1 incremental_pipeline.cc:335] Registering initial image pair #2 and #3
I20251226 01:33:23.835177     1 incremental_pipeline.cc:349] Global bundle adjustment
W20251226 01:33:23.835217     1 bundle_adjustment.cc:583] Failed to fix Gauge with two cameras. Falling back to fixing Gauge with three points.
W20251226 01:33:23.835235     1 bundle_adjustment.cc:489] Failed to fix Gauge due to insufficient number of fixed points: 0
I20251226 01:33:23.835250     1 incremental_pipeline.cc:569] Discarding reconstruction due to bad initial pair
I20251226 01:33:23.835299     1 incremental_pipeline.cc:311] Finding good initial image pair
I20251226 01:33:23.837072     1 incremental_pipeline.cc:315] => No good initial image pair found.
I20251226 01:33:23.837100     1 incremental_pipeline.cc:559] Discarding reconstruction due to no initial pair
I20251226 01:33:23.837114     1 timer.cc:90] Elapsed time: 0.000 [minutes]
E20251226 01:33:23.837126     1 sfm.cc:278] failed to create sparse model
[fail] amy_gardens/cluster_0001: COLMAP mapper failed after 3 attempts
[cluster] 5/18: amy_gardens/cluster_0002
[run] amy_gardens/cluster_0002: images=10 matcher=diffusion
[diffusion] using preloaded model on device=cuda
[diffusion] image 1/10: peach_0033.png
[diffusion] cache hit: peach_0033.png
[diffusion] image 2/10: peach_0065.png
[diffusion] cache hit: peach_0065.png
[diffusion] image 3/10: peach_0075.png
[diffusion] cache hit: peach_0075.png
[diffusion] image 4/10: peach_0087.png
[diffusion] cache hit: peach_0087.png
[diffusion] image 5/10: peach_0089.png
[diffusion] cache hit: peach_0089.png
[diffusion] image 6/10: peach_0091.png
[diffusion] cache hit: peach_0091.png
[diffusion] image 7/10: peach_0104.png
[diffusion] cache hit: peach_0104.png
[diffusion] image 8/10: peach_0128.png
[diffusion] cache hit: peach_0128.png
[diffusion] image 9/10: peach_0146.png
[diffusion] cache hit: peach_0146.png
[diffusion] image 10/10: peach_0183.png
[diffusion] cache hit: peach_0183.png
[diffusion] matching pairs=45 (RANSAC)...
[diffusion] pair 25/45: peach_0087.png ↔ peach_0089.png (no F)
[ok] wrote outputs/amy_gardens_cluster_0002/colmap_diffusion.db (images=10 pairs=45 good_pairs=5, min_inliers=8)
+ docker run --rm --gpus all -v /home/shamika/documents/prog_workspace/ml_imc25/ImageMatchingChallenge2025:/workspace -w /workspace colmap/colmap:latest colmap mapper --database_path outputs/amy_gardens_cluster_0002/colmap_diffusion.db --image_path outputs/amy_gardens_cluster_0002/images --output_path outputs/amy_gardens_cluster_0002/sparse --Mapper.ba_refine_principal_point 0 --Mapper.min_model_size 2 --Mapper.init_min_num_inliers 8 --Mapper.init_min_tri_angle 0.5 --Mapper.tri_min_angle 0.05 --Mapper.filter_min_tri_angle 0.05 --Mapper.tri_ignore_two_view_tracks 0

==========
== CUDA ==
==========

CUDA Version 12.9.1

Container image Copyright (c) 2016-2023, NVIDIA CORPORATION & AFFILIATES. All rights reserved.

This container image and its contents are governed by the NVIDIA Deep Learning Container License.
By pulling and using the container, you accept the terms and conditions of this license:
https://developer.nvidia.com/ngc/nvidia-deep-learning-container-license

A copy of this license is made available in this container at /NGC-DL-CONTAINER-LICENSE for your convenience.

I20251226 01:33:33.494845     1 incremental_pipeline.cc:264] Loading database
I20251226 01:33:33.496219     1 database_cache.cc:67] Loading rigs...
I20251226 01:33:33.496258     1 database_cache.cc:77]  0 in 0.000s
I20251226 01:33:33.496266     1 database_cache.cc:85] Loading cameras...
I20251226 01:33:33.496279     1 database_cache.cc:103]  1 in 0.000s
I20251226 01:33:33.496282     1 database_cache.cc:111] Loading frames...
I20251226 01:33:33.496289     1 database_cache.cc:126]  0 in 0.000s
I20251226 01:33:33.496292     1 database_cache.cc:134] Loading matches...
I20251226 01:33:33.496304     1 database_cache.cc:139]  5 in 0.000s
I20251226 01:33:33.496309     1 database_cache.cc:155] Loading images...
I20251226 01:33:33.496493     1 database_cache.cc:239]  10 in 0.000s (connected 4)
I20251226 01:33:33.496516     1 database_cache.cc:250] Building correspondence graph...
I20251226 01:33:33.496562     1 database_cache.cc:277]  in 0.000s (ignored 2)
I20251226 01:33:33.496759     1 timer.cc:90] Elapsed time: 0.000 [minutes]
I20251226 01:33:33.496831     1 incremental_pipeline.cc:311] Finding good initial image pair
I20251226 01:33:33.500948     1 incremental_pipeline.cc:335] Registering initial image pair #9 and #1
I20251226 01:33:33.501132     1 incremental_pipeline.cc:349] Global bundle adjustment
I20251226 01:33:33.504235     1 incremental_pipeline.cc:569] Discarding reconstruction due to bad initial pair
I20251226 01:33:33.504324     1 incremental_pipeline.cc:311] Finding good initial image pair
I20251226 01:33:33.506529     1 incremental_pipeline.cc:315] => No good initial image pair found.
I20251226 01:33:33.506574     1 incremental_pipeline.cc:559] Discarding reconstruction due to no initial pair
I20251226 01:33:33.506593     1 incremental_pipeline.cc:245] => Relaxing the initialization constraints.
I20251226 01:33:33.506631     1 incremental_pipeline.cc:311] Finding good initial image pair
I20251226 01:33:33.510677     1 incremental_pipeline.cc:335] Registering initial image pair #9 and #1
I20251226 01:33:33.510854     1 incremental_pipeline.cc:349] Global bundle adjustment
I20251226 01:33:33.513751     1 incremental_pipeline.cc:569] Discarding reconstruction due to bad initial pair
I20251226 01:33:33.513904     1 incremental_pipeline.cc:311] Finding good initial image pair
I20251226 01:33:33.516155     1 incremental_pipeline.cc:315] => No good initial image pair found.
I20251226 01:33:33.516206     1 incremental_pipeline.cc:559] Discarding reconstruction due to no initial pair
I20251226 01:33:33.516225     1 incremental_pipeline.cc:254] => Relaxing the initialization constraints.
I20251226 01:33:33.516265     1 incremental_pipeline.cc:311] Finding good initial image pair
I20251226 01:33:33.520104     1 incremental_pipeline.cc:335] Registering initial image pair #9 and #1
I20251226 01:33:33.520282     1 incremental_pipeline.cc:349] Global bundle adjustment
I20251226 01:33:33.523115     1 incremental_pipeline.cc:569] Discarding reconstruction due to bad initial pair
I20251226 01:33:33.523224     1 incremental_pipeline.cc:311] Finding good initial image pair
I20251226 01:33:33.525177     1 incremental_pipeline.cc:315] => No good initial image pair found.
I20251226 01:33:33.525218     1 incremental_pipeline.cc:559] Discarding reconstruction due to no initial pair
I20251226 01:33:33.525236     1 incremental_pipeline.cc:245] => Relaxing the initialization constraints.
I20251226 01:33:33.525282     1 incremental_pipeline.cc:311] Finding good initial image pair
I20251226 01:33:33.529541     1 incremental_pipeline.cc:335] Registering initial image pair #9 and #1
I20251226 01:33:33.529745     1 incremental_pipeline.cc:349] Global bundle adjustment
I20251226 01:33:33.532564     1 incremental_pipeline.cc:569] Discarding reconstruction due to bad initial pair
I20251226 01:33:33.532663     1 incremental_pipeline.cc:311] Finding good initial image pair
I20251226 01:33:33.534646     1 incremental_pipeline.cc:315] => No good initial image pair found.
I20251226 01:33:33.534694     1 incremental_pipeline.cc:559] Discarding reconstruction due to no initial pair
I20251226 01:33:33.534720     1 incremental_pipeline.cc:254] => Relaxing the initialization constraints.
I20251226 01:33:33.534785     1 incremental_pipeline.cc:311] Finding good initial image pair
I20251226 01:33:33.539225     1 incremental_pipeline.cc:335] Registering initial image pair #9 and #1
I20251226 01:33:33.539426     1 incremental_pipeline.cc:349] Global bundle adjustment
I20251226 01:33:33.542296     1 incremental_pipeline.cc:569] Discarding reconstruction due to bad initial pair
I20251226 01:33:33.542415     1 incremental_pipeline.cc:311] Finding good initial image pair
I20251226 01:33:33.544699     1 incremental_pipeline.cc:315] => No good initial image pair found.
I20251226 01:33:33.544735     1 incremental_pipeline.cc:559] Discarding reconstruction due to no initial pair
I20251226 01:33:33.544752     1 timer.cc:90] Elapsed time: 0.001 [minutes]
E20251226 01:33:33.544762     1 sfm.cc:278] failed to create sparse model
[retry] amy_gardens/cluster_0002: mapper attempt 2 (min_model_size=2, init_min_inliers=15, init_min_tri_angle=1.0, tri_min_angle=0.25, local_ba_min_tri_angle=0.25, tri_ignore_two_view_tracks=0)
+ docker run --rm --gpus all -v /home/shamika/documents/prog_workspace/ml_imc25/ImageMatchingChallenge2025:/workspace -w /workspace colmap/colmap:latest colmap mapper --database_path outputs/amy_gardens_cluster_0002/colmap_diffusion.db --image_path outputs/amy_gardens_cluster_0002/images --output_path outputs/amy_gardens_cluster_0002/sparse --Mapper.ba_refine_principal_point 0 --Mapper.min_model_size 2 --Mapper.init_min_num_inliers 15 --Mapper.init_min_tri_angle 1.0 --Mapper.tri_min_angle 0.25 --Mapper.filter_min_tri_angle 0.25 --Mapper.tri_ignore_two_view_tracks 0

==========
== CUDA ==
==========

CUDA Version 12.9.1

Container image Copyright (c) 2016-2023, NVIDIA CORPORATION & AFFILIATES. All rights reserved.

This container image and its contents are governed by the NVIDIA Deep Learning Container License.
By pulling and using the container, you accept the terms and conditions of this license:
https://developer.nvidia.com/ngc/nvidia-deep-learning-container-license

A copy of this license is made available in this container at /NGC-DL-CONTAINER-LICENSE for your convenience.

I20251226 01:33:37.951152     1 incremental_pipeline.cc:264] Loading database
I20251226 01:33:37.952615     1 database_cache.cc:67] Loading rigs...
I20251226 01:33:37.952658     1 database_cache.cc:77]  0 in 0.000s
I20251226 01:33:37.952667     1 database_cache.cc:85] Loading cameras...
I20251226 01:33:37.952678     1 database_cache.cc:103]  1 in 0.000s
I20251226 01:33:37.952682     1 database_cache.cc:111] Loading frames...
I20251226 01:33:37.952688     1 database_cache.cc:126]  0 in 0.000s
I20251226 01:33:37.952692     1 database_cache.cc:134] Loading matches...
I20251226 01:33:37.952705     1 database_cache.cc:139]  5 in 0.000s
I20251226 01:33:37.952709     1 database_cache.cc:155] Loading images...
I20251226 01:33:37.952900     1 database_cache.cc:239]  10 in 0.000s (connected 4)
I20251226 01:33:37.952925     1 database_cache.cc:250] Building correspondence graph...
I20251226 01:33:37.952984     1 database_cache.cc:277]  in 0.000s (ignored 2)
I20251226 01:33:37.953223     1 timer.cc:90] Elapsed time: 0.000 [minutes]
I20251226 01:33:37.953291     1 incremental_pipeline.cc:311] Finding good initial image pair
I20251226 01:33:37.957190     1 incremental_pipeline.cc:335] Registering initial image pair #9 and #1
I20251226 01:33:37.957343     1 incremental_pipeline.cc:349] Global bundle adjustment
I20251226 01:33:37.960000     1 incremental_pipeline.cc:569] Discarding reconstruction due to bad initial pair
I20251226 01:33:37.960063     1 incremental_pipeline.cc:311] Finding good initial image pair
I20251226 01:33:37.961750     1 incremental_pipeline.cc:315] => No good initial image pair found.
I20251226 01:33:37.961779     1 incremental_pipeline.cc:559] Discarding reconstruction due to no initial pair
I20251226 01:33:37.961794     1 incremental_pipeline.cc:245] => Relaxing the initialization constraints.
I20251226 01:33:37.961818     1 incremental_pipeline.cc:311] Finding good initial image pair
I20251226 01:33:37.965565     1 incremental_pipeline.cc:335] Registering initial image pair #9 and #1
I20251226 01:33:37.965745     1 incremental_pipeline.cc:349] Global bundle adjustment
I20251226 01:33:37.968683     1 incremental_pipeline.cc:569] Discarding reconstruction due to bad initial pair
I20251226 01:33:37.968772     1 incremental_pipeline.cc:311] Finding good initial image pair
I20251226 01:33:37.970676     1 incremental_pipeline.cc:315] => No good initial image pair found.
I20251226 01:33:37.970706     1 incremental_pipeline.cc:559] Discarding reconstruction due to no initial pair
I20251226 01:33:37.970722     1 incremental_pipeline.cc:254] => Relaxing the initialization constraints.
I20251226 01:33:37.970752     1 incremental_pipeline.cc:311] Finding good initial image pair
I20251226 01:33:37.975196     1 incremental_pipeline.cc:335] Registering initial image pair #9 and #1
I20251226 01:33:37.975361     1 incremental_pipeline.cc:349] Global bundle adjustment
I20251226 01:33:37.978003     1 incremental_pipeline.cc:569] Discarding reconstruction due to bad initial pair
I20251226 01:33:37.978089     1 incremental_pipeline.cc:311] Finding good initial image pair
I20251226 01:33:37.979945     1 incremental_pipeline.cc:315] => No good initial image pair found.
I20251226 01:33:37.979983     1 incremental_pipeline.cc:559] Discarding reconstruction due to no initial pair
I20251226 01:33:37.980002     1 incremental_pipeline.cc:245] => Relaxing the initialization constraints.
I20251226 01:33:37.980037     1 incremental_pipeline.cc:311] Finding good initial image pair
I20251226 01:33:37.983922     1 incremental_pipeline.cc:335] Registering initial image pair #9 and #1
I20251226 01:33:37.984099     1 incremental_pipeline.cc:349] Global bundle adjustment
I20251226 01:33:37.986778     1 incremental_pipeline.cc:569] Discarding reconstruction due to bad initial pair
I20251226 01:33:37.986862     1 incremental_pipeline.cc:311] Finding good initial image pair
I20251226 01:33:37.988754     1 incremental_pipeline.cc:315] => No good initial image pair found.
I20251226 01:33:37.988791     1 incremental_pipeline.cc:559] Discarding reconstruction due to no initial pair
I20251226 01:33:37.988808     1 incremental_pipeline.cc:254] => Relaxing the initialization constraints.
I20251226 01:33:37.988842     1 incremental_pipeline.cc:311] Finding good initial image pair
I20251226 01:33:37.992748     1 incremental_pipeline.cc:335] Registering initial image pair #9 and #1
I20251226 01:33:37.992918     1 incremental_pipeline.cc:349] Global bundle adjustment
I20251226 01:33:37.995579     1 incremental_pipeline.cc:569] Discarding reconstruction due to bad initial pair
I20251226 01:33:37.995669     1 incremental_pipeline.cc:311] Finding good initial image pair
I20251226 01:33:37.997664     1 incremental_pipeline.cc:315] => No good initial image pair found.
I20251226 01:33:37.997704     1 incremental_pipeline.cc:559] Discarding reconstruction due to no initial pair
I20251226 01:33:37.997723     1 timer.cc:90] Elapsed time: 0.001 [minutes]
E20251226 01:33:37.997735     1 sfm.cc:278] failed to create sparse model
[retry] amy_gardens/cluster_0002: mapper attempt 3 (min_model_size=2, init_min_inliers=8, init_min_tri_angle=0.5, tri_min_angle=0.05, local_ba_min_tri_angle=0.05, tri_ignore_two_view_tracks=0)
+ docker run --rm --gpus all -v /home/shamika/documents/prog_workspace/ml_imc25/ImageMatchingChallenge2025:/workspace -w /workspace colmap/colmap:latest colmap mapper --database_path outputs/amy_gardens_cluster_0002/colmap_diffusion.db --image_path outputs/amy_gardens_cluster_0002/images --output_path outputs/amy_gardens_cluster_0002/sparse --Mapper.ba_refine_principal_point 0 --Mapper.min_model_size 2 --Mapper.init_min_num_inliers 8 --Mapper.init_min_tri_angle 0.5 --Mapper.tri_min_angle 0.05 --Mapper.filter_min_tri_angle 0.05 --Mapper.tri_ignore_two_view_tracks 0

==========
== CUDA ==
==========

CUDA Version 12.9.1

Container image Copyright (c) 2016-2023, NVIDIA CORPORATION & AFFILIATES. All rights reserved.

This container image and its contents are governed by the NVIDIA Deep Learning Container License.
By pulling and using the container, you accept the terms and conditions of this license:
https://developer.nvidia.com/ngc/nvidia-deep-learning-container-license

A copy of this license is made available in this container at /NGC-DL-CONTAINER-LICENSE for your convenience.

I20251226 01:33:41.716627     1 incremental_pipeline.cc:264] Loading database
I20251226 01:33:41.717851     1 database_cache.cc:67] Loading rigs...
I20251226 01:33:41.717891     1 database_cache.cc:77]  0 in 0.000s
I20251226 01:33:41.717900     1 database_cache.cc:85] Loading cameras...
I20251226 01:33:41.717911     1 database_cache.cc:103]  1 in 0.000s
I20251226 01:33:41.717914     1 database_cache.cc:111] Loading frames...
I20251226 01:33:41.717919     1 database_cache.cc:126]  0 in 0.000s
I20251226 01:33:41.717922     1 database_cache.cc:134] Loading matches...
I20251226 01:33:41.717934     1 database_cache.cc:139]  5 in 0.000s
I20251226 01:33:41.717967     1 database_cache.cc:155] Loading images...
I20251226 01:33:41.718149     1 database_cache.cc:239]  10 in 0.000s (connected 4)
I20251226 01:33:41.718173     1 database_cache.cc:250] Building correspondence graph...
I20251226 01:33:41.718230     1 database_cache.cc:277]  in 0.000s (ignored 2)
I20251226 01:33:41.718420     1 timer.cc:90] Elapsed time: 0.000 [minutes]
I20251226 01:33:41.718479     1 incremental_pipeline.cc:311] Finding good initial image pair
I20251226 01:33:41.722633     1 incremental_pipeline.cc:335] Registering initial image pair #9 and #1
I20251226 01:33:41.722810     1 incremental_pipeline.cc:349] Global bundle adjustment
I20251226 01:33:41.725498     1 incremental_pipeline.cc:569] Discarding reconstruction due to bad initial pair
I20251226 01:33:41.725558     1 incremental_pipeline.cc:311] Finding good initial image pair
I20251226 01:33:41.727866     1 incremental_pipeline.cc:315] => No good initial image pair found.
I20251226 01:33:41.727900     1 incremental_pipeline.cc:559] Discarding reconstruction due to no initial pair
I20251226 01:33:41.727916     1 incremental_pipeline.cc:245] => Relaxing the initialization constraints.
I20251226 01:33:41.727944     1 incremental_pipeline.cc:311] Finding good initial image pair
I20251226 01:33:41.731848     1 incremental_pipeline.cc:335] Registering initial image pair #9 and #1
I20251226 01:33:41.732028     1 incremental_pipeline.cc:349] Global bundle adjustment
I20251226 01:33:41.734673     1 incremental_pipeline.cc:569] Discarding reconstruction due to bad initial pair
I20251226 01:33:41.734764     1 incremental_pipeline.cc:311] Finding good initial image pair
I20251226 01:33:41.736799     1 incremental_pipeline.cc:315] => No good initial image pair found.
I20251226 01:33:41.736846     1 incremental_pipeline.cc:559] Discarding reconstruction due to no initial pair
I20251226 01:33:41.736867     1 incremental_pipeline.cc:254] => Relaxing the initialization constraints.
I20251226 01:33:41.736904     1 incremental_pipeline.cc:311] Finding good initial image pair
I20251226 01:33:41.740656     1 incremental_pipeline.cc:335] Registering initial image pair #9 and #1
I20251226 01:33:41.740847     1 incremental_pipeline.cc:349] Global bundle adjustment
I20251226 01:33:41.743539     1 incremental_pipeline.cc:569] Discarding reconstruction due to bad initial pair
I20251226 01:33:41.743674     1 incremental_pipeline.cc:311] Finding good initial image pair
I20251226 01:33:41.745474     1 incremental_pipeline.cc:315] => No good initial image pair found.
I20251226 01:33:41.745508     1 incremental_pipeline.cc:559] Discarding reconstruction due to no initial pair
I20251226 01:33:41.745525     1 incremental_pipeline.cc:245] => Relaxing the initialization constraints.
I20251226 01:33:41.745553     1 incremental_pipeline.cc:311] Finding good initial image pair
I20251226 01:33:41.749269     1 incremental_pipeline.cc:335] Registering initial image pair #9 and #1
I20251226 01:33:41.749451     1 incremental_pipeline.cc:349] Global bundle adjustment
I20251226 01:33:41.752148     1 incremental_pipeline.cc:569] Discarding reconstruction due to bad initial pair
I20251226 01:33:41.752238     1 incremental_pipeline.cc:311] Finding good initial image pair
I20251226 01:33:41.754079     1 incremental_pipeline.cc:315] => No good initial image pair found.
I20251226 01:33:41.754110     1 incremental_pipeline.cc:559] Discarding reconstruction due to no initial pair
I20251226 01:33:41.754127     1 incremental_pipeline.cc:254] => Relaxing the initialization constraints.
I20251226 01:33:41.754166     1 incremental_pipeline.cc:311] Finding good initial image pair
I20251226 01:33:41.758297     1 incremental_pipeline.cc:335] Registering initial image pair #9 and #1
I20251226 01:33:41.758484     1 incremental_pipeline.cc:349] Global bundle adjustment
I20251226 01:33:41.761291     1 incremental_pipeline.cc:569] Discarding reconstruction due to bad initial pair
I20251226 01:33:41.761407     1 incremental_pipeline.cc:311] Finding good initial image pair
I20251226 01:33:41.763475     1 incremental_pipeline.cc:315] => No good initial image pair found.
I20251226 01:33:41.763516     1 incremental_pipeline.cc:559] Discarding reconstruction due to no initial pair
I20251226 01:33:41.763535     1 timer.cc:90] Elapsed time: 0.001 [minutes]
E20251226 01:33:41.763545     1 sfm.cc:278] failed to create sparse model
[fail] amy_gardens/cluster_0002: COLMAP mapper failed after 3 attempts
[cluster] 6/18: amy_gardens/cluster_0003
[run] amy_gardens/cluster_0003: images=8 matcher=diffusion
[diffusion] using preloaded model on device=cuda
[diffusion] image 1/8: peach_0038.png
[diffusion] cache hit: peach_0038.png
[diffusion] image 2/8: peach_0099.png
[diffusion] cache hit: peach_0099.png
[diffusion] image 3/8: peach_0106.png
[diffusion] cache hit: peach_0106.png
[diffusion] image 4/8: peach_0111.png
[diffusion] cache hit: peach_0111.png
[diffusion] image 5/8: peach_0112.png
[diffusion] cache hit: peach_0112.png
[diffusion] image 6/8: peach_0148.png
[diffusion] cache hit: peach_0148.png
[diffusion] image 7/8: peach_0162.png
[diffusion] cache hit: peach_0162.png
[diffusion] image 8/8: peach_0167.png
[diffusion] cache hit: peach_0167.png
[diffusion] matching pairs=28 (RANSAC)...
[diffusion] pair 25/28: peach_0112.png ↔ peach_0167.png (no F)
[ok] wrote outputs/amy_gardens_cluster_0003/colmap_diffusion.db (images=8 pairs=28 good_pairs=1, min_inliers=8)
+ docker run --rm --gpus all -v /home/shamika/documents/prog_workspace/ml_imc25/ImageMatchingChallenge2025:/workspace -w /workspace colmap/colmap:latest colmap mapper --database_path outputs/amy_gardens_cluster_0003/colmap_diffusion.db --image_path outputs/amy_gardens_cluster_0003/images --output_path outputs/amy_gardens_cluster_0003/sparse --Mapper.ba_refine_principal_point 0 --Mapper.min_model_size 2 --Mapper.init_min_num_inliers 8 --Mapper.init_min_tri_angle 0.5 --Mapper.tri_min_angle 0.05 --Mapper.filter_min_tri_angle 0.05 --Mapper.tri_ignore_two_view_tracks 0

==========
== CUDA ==
==========

CUDA Version 12.9.1

Container image Copyright (c) 2016-2023, NVIDIA CORPORATION & AFFILIATES. All rights reserved.

This container image and its contents are governed by the NVIDIA Deep Learning Container License.
By pulling and using the container, you accept the terms and conditions of this license:
https://developer.nvidia.com/ngc/nvidia-deep-learning-container-license

A copy of this license is made available in this container at /NGC-DL-CONTAINER-LICENSE for your convenience.

I20251226 01:33:49.797441     1 incremental_pipeline.cc:264] Loading database
I20251226 01:33:49.798822     1 database_cache.cc:67] Loading rigs...
I20251226 01:33:49.798859     1 database_cache.cc:77]  0 in 0.000s
I20251226 01:33:49.798867     1 database_cache.cc:85] Loading cameras...
I20251226 01:33:49.798878     1 database_cache.cc:103]  1 in 0.000s
I20251226 01:33:49.798882     1 database_cache.cc:111] Loading frames...
I20251226 01:33:49.798887     1 database_cache.cc:126]  0 in 0.000s
I20251226 01:33:49.798892     1 database_cache.cc:134] Loading matches...
I20251226 01:33:49.798900     1 database_cache.cc:139]  1 in 0.000s
I20251226 01:33:49.798905     1 database_cache.cc:155] Loading images...
I20251226 01:33:49.799026     1 database_cache.cc:239]  8 in 0.000s (connected 2)
I20251226 01:33:49.799047     1 database_cache.cc:250] Building correspondence graph...
I20251226 01:33:49.799075     1 database_cache.cc:277]  in 0.000s (ignored 0)
I20251226 01:33:49.799281     1 timer.cc:90] Elapsed time: 0.000 [minutes]
I20251226 01:33:49.799335     1 incremental_pipeline.cc:311] Finding good initial image pair
I20251226 01:33:49.803095     1 incremental_pipeline.cc:315] => No good initial image pair found.
I20251226 01:33:49.803123     1 incremental_pipeline.cc:559] Discarding reconstruction due to no initial pair
I20251226 01:33:49.803136     1 incremental_pipeline.cc:245] => Relaxing the initialization constraints.
I20251226 01:33:49.803153     1 incremental_pipeline.cc:311] Finding good initial image pair
I20251226 01:33:49.806267     1 incremental_pipeline.cc:315] => No good initial image pair found.
I20251226 01:33:49.806301     1 incremental_pipeline.cc:559] Discarding reconstruction due to no initial pair
I20251226 01:33:49.806314     1 incremental_pipeline.cc:254] => Relaxing the initialization constraints.
I20251226 01:33:49.806334     1 incremental_pipeline.cc:311] Finding good initial image pair
I20251226 01:33:49.809443     1 incremental_pipeline.cc:315] => No good initial image pair found.
I20251226 01:33:49.809479     1 incremental_pipeline.cc:559] Discarding reconstruction due to no initial pair
I20251226 01:33:49.809494     1 incremental_pipeline.cc:245] => Relaxing the initialization constraints.
I20251226 01:33:49.809512     1 incremental_pipeline.cc:311] Finding good initial image pair
I20251226 01:33:49.813010     1 incremental_pipeline.cc:315] => No good initial image pair found.
I20251226 01:33:49.813057     1 incremental_pipeline.cc:559] Discarding reconstruction due to no initial pair
I20251226 01:33:49.813073     1 incremental_pipeline.cc:254] => Relaxing the initialization constraints.
I20251226 01:33:49.813098     1 incremental_pipeline.cc:311] Finding good initial image pair
I20251226 01:33:49.816303     1 incremental_pipeline.cc:315] => No good initial image pair found.
I20251226 01:33:49.816335     1 incremental_pipeline.cc:559] Discarding reconstruction due to no initial pair
I20251226 01:33:49.816349     1 timer.cc:90] Elapsed time: 0.000 [minutes]
E20251226 01:33:49.816359     1 sfm.cc:278] failed to create sparse model
[retry] amy_gardens/cluster_0003: mapper attempt 2 (min_model_size=2, init_min_inliers=15, init_min_tri_angle=1.0, tri_min_angle=0.25, local_ba_min_tri_angle=0.25, tri_ignore_two_view_tracks=0)
+ docker run --rm --gpus all -v /home/shamika/documents/prog_workspace/ml_imc25/ImageMatchingChallenge2025:/workspace -w /workspace colmap/colmap:latest colmap mapper --database_path outputs/amy_gardens_cluster_0003/colmap_diffusion.db --image_path outputs/amy_gardens_cluster_0003/images --output_path outputs/amy_gardens_cluster_0003/sparse --Mapper.ba_refine_principal_point 0 --Mapper.min_model_size 2 --Mapper.init_min_num_inliers 15 --Mapper.init_min_tri_angle 1.0 --Mapper.tri_min_angle 0.25 --Mapper.filter_min_tri_angle 0.25 --Mapper.tri_ignore_two_view_tracks 0

==========
== CUDA ==
==========

CUDA Version 12.9.1

Container image Copyright (c) 2016-2023, NVIDIA CORPORATION & AFFILIATES. All rights reserved.

This container image and its contents are governed by the NVIDIA Deep Learning Container License.
By pulling and using the container, you accept the terms and conditions of this license:
https://developer.nvidia.com/ngc/nvidia-deep-learning-container-license

A copy of this license is made available in this container at /NGC-DL-CONTAINER-LICENSE for your convenience.

I20251226 01:33:54.103648     1 incremental_pipeline.cc:264] Loading database
I20251226 01:33:54.105042     1 database_cache.cc:67] Loading rigs...
I20251226 01:33:54.105083     1 database_cache.cc:77]  0 in 0.000s
I20251226 01:33:54.105091     1 database_cache.cc:85] Loading cameras...
I20251226 01:33:54.105103     1 database_cache.cc:103]  1 in 0.000s
I20251226 01:33:54.105106     1 database_cache.cc:111] Loading frames...
I20251226 01:33:54.105111     1 database_cache.cc:126]  0 in 0.000s
I20251226 01:33:54.105115     1 database_cache.cc:134] Loading matches...
I20251226 01:33:54.105124     1 database_cache.cc:139]  1 in 0.000s
I20251226 01:33:54.105129     1 database_cache.cc:155] Loading images...
I20251226 01:33:54.105312     1 database_cache.cc:239]  8 in 0.000s (connected 2)
I20251226 01:33:54.105336     1 database_cache.cc:250] Building correspondence graph...
I20251226 01:33:54.105401     1 database_cache.cc:277]  in 0.000s (ignored 0)
I20251226 01:33:54.105646     1 timer.cc:90] Elapsed time: 0.000 [minutes]
I20251226 01:33:54.105715     1 incremental_pipeline.cc:311] Finding good initial image pair
I20251226 01:33:54.110183     1 incremental_pipeline.cc:315] => No good initial image pair found.
I20251226 01:33:54.110217     1 incremental_pipeline.cc:559] Discarding reconstruction due to no initial pair
I20251226 01:33:54.110234     1 incremental_pipeline.cc:245] => Relaxing the initialization constraints.
I20251226 01:33:54.110255     1 incremental_pipeline.cc:311] Finding good initial image pair
I20251226 01:33:54.113657     1 incremental_pipeline.cc:315] => No good initial image pair found.
I20251226 01:33:54.113698     1 incremental_pipeline.cc:559] Discarding reconstruction due to no initial pair
I20251226 01:33:54.113713     1 incremental_pipeline.cc:254] => Relaxing the initialization constraints.
I20251226 01:33:54.113736     1 incremental_pipeline.cc:311] Finding good initial image pair
I20251226 01:33:54.117100     1 incremental_pipeline.cc:315] => No good initial image pair found.
I20251226 01:33:54.117151     1 incremental_pipeline.cc:559] Discarding reconstruction due to no initial pair
I20251226 01:33:54.117166     1 incremental_pipeline.cc:245] => Relaxing the initialization constraints.
I20251226 01:33:54.117192     1 incremental_pipeline.cc:311] Finding good initial image pair
I20251226 01:33:54.120640     1 incremental_pipeline.cc:315] => No good initial image pair found.
I20251226 01:33:54.120684     1 incremental_pipeline.cc:559] Discarding reconstruction due to no initial pair
I20251226 01:33:54.120699     1 incremental_pipeline.cc:254] => Relaxing the initialization constraints.
I20251226 01:33:54.120723     1 incremental_pipeline.cc:311] Finding good initial image pair
I20251226 01:33:54.124004     1 incremental_pipeline.cc:315] => No good initial image pair found.
I20251226 01:33:54.124054     1 incremental_pipeline.cc:559] Discarding reconstruction due to no initial pair
I20251226 01:33:54.124071     1 timer.cc:90] Elapsed time: 0.000 [minutes]
E20251226 01:33:54.124082     1 sfm.cc:278] failed to create sparse model
[retry] amy_gardens/cluster_0003: mapper attempt 3 (min_model_size=2, init_min_inliers=8, init_min_tri_angle=0.5, tri_min_angle=0.05, local_ba_min_tri_angle=0.05, tri_ignore_two_view_tracks=0)
+ docker run --rm --gpus all -v /home/shamika/documents/prog_workspace/ml_imc25/ImageMatchingChallenge2025:/workspace -w /workspace colmap/colmap:latest colmap mapper --database_path outputs/amy_gardens_cluster_0003/colmap_diffusion.db --image_path outputs/amy_gardens_cluster_0003/images --output_path outputs/amy_gardens_cluster_0003/sparse --Mapper.ba_refine_principal_point 0 --Mapper.min_model_size 2 --Mapper.init_min_num_inliers 8 --Mapper.init_min_tri_angle 0.5 --Mapper.tri_min_angle 0.05 --Mapper.filter_min_tri_angle 0.05 --Mapper.tri_ignore_two_view_tracks 0

==========
== CUDA ==
==========

CUDA Version 12.9.1

Container image Copyright (c) 2016-2023, NVIDIA CORPORATION & AFFILIATES. All rights reserved.

This container image and its contents are governed by the NVIDIA Deep Learning Container License.
By pulling and using the container, you accept the terms and conditions of this license:
https://developer.nvidia.com/ngc/nvidia-deep-learning-container-license

A copy of this license is made available in this container at /NGC-DL-CONTAINER-LICENSE for your convenience.

I20251226 01:33:58.651527     1 incremental_pipeline.cc:264] Loading database
I20251226 01:33:58.652767     1 database_cache.cc:67] Loading rigs...
I20251226 01:33:58.652807     1 database_cache.cc:77]  0 in 0.000s
I20251226 01:33:58.652815     1 database_cache.cc:85] Loading cameras...
I20251226 01:33:58.652825     1 database_cache.cc:103]  1 in 0.000s
I20251226 01:33:58.652829     1 database_cache.cc:111] Loading frames...
I20251226 01:33:58.652834     1 database_cache.cc:126]  0 in 0.000s
I20251226 01:33:58.652839     1 database_cache.cc:134] Loading matches...
I20251226 01:33:58.652848     1 database_cache.cc:139]  1 in 0.000s
I20251226 01:33:58.652851     1 database_cache.cc:155] Loading images...
I20251226 01:33:58.652976     1 database_cache.cc:239]  8 in 0.000s (connected 2)
I20251226 01:33:58.652997     1 database_cache.cc:250] Building correspondence graph...
I20251226 01:33:58.653023     1 database_cache.cc:277]  in 0.000s (ignored 0)
I20251226 01:33:58.653200     1 timer.cc:90] Elapsed time: 0.000 [minutes]
I20251226 01:33:58.653263     1 incremental_pipeline.cc:311] Finding good initial image pair
I20251226 01:33:58.656733     1 incremental_pipeline.cc:315] => No good initial image pair found.
I20251226 01:33:58.656761     1 incremental_pipeline.cc:559] Discarding reconstruction due to no initial pair
I20251226 01:33:58.656775     1 incremental_pipeline.cc:245] => Relaxing the initialization constraints.
I20251226 01:33:58.656812     1 incremental_pipeline.cc:311] Finding good initial image pair
I20251226 01:33:58.659956     1 incremental_pipeline.cc:315] => No good initial image pair found.
I20251226 01:33:58.659984     1 incremental_pipeline.cc:559] Discarding reconstruction due to no initial pair
I20251226 01:33:58.659996     1 incremental_pipeline.cc:254] => Relaxing the initialization constraints.
I20251226 01:33:58.660013     1 incremental_pipeline.cc:311] Finding good initial image pair
I20251226 01:33:58.663040     1 incremental_pipeline.cc:315] => No good initial image pair found.
I20251226 01:33:58.663065     1 incremental_pipeline.cc:559] Discarding reconstruction due to no initial pair
I20251226 01:33:58.663075     1 incremental_pipeline.cc:245] => Relaxing the initialization constraints.
I20251226 01:33:58.663089     1 incremental_pipeline.cc:311] Finding good initial image pair
I20251226 01:33:58.667265     1 incremental_pipeline.cc:315] => No good initial image pair found.
I20251226 01:33:58.667320     1 incremental_pipeline.cc:559] Discarding reconstruction due to no initial pair
I20251226 01:33:58.667342     1 incremental_pipeline.cc:254] => Relaxing the initialization constraints.
I20251226 01:33:58.667392     1 incremental_pipeline.cc:311] Finding good initial image pair
I20251226 01:33:58.671207     1 incremental_pipeline.cc:315] => No good initial image pair found.
I20251226 01:33:58.671260     1 incremental_pipeline.cc:559] Discarding reconstruction due to no initial pair
I20251226 01:33:58.671293     1 timer.cc:90] Elapsed time: 0.000 [minutes]
E20251226 01:33:58.671314     1 sfm.cc:278] failed to create sparse model
[fail] amy_gardens/cluster_0003: COLMAP mapper failed after 3 attempts
[cluster] 7/18: amy_gardens/cluster_0004
[run] amy_gardens/cluster_0004: images=6 matcher=diffusion
[diffusion] using preloaded model on device=cuda
[diffusion] image 1/6: peach_0037.png
[diffusion] cache hit: peach_0037.png
[diffusion] image 2/6: peach_0076.png
[diffusion] cache hit: peach_0076.png
[diffusion] image 3/6: peach_0081.png
[diffusion] cache hit: peach_0081.png
[diffusion] image 4/6: peach_0141.png
[diffusion] cache hit: peach_0141.png
[diffusion] image 5/6: peach_0143.png
[diffusion] cache hit: peach_0143.png
[diffusion] image 6/6: peach_0199.png
[diffusion] cache hit: peach_0199.png
[diffusion] matching pairs=15 (RANSAC)...
[diffusion] pair 1/15: peach_0037.png ↔ peach_0076.png (no F)
[diffusion] pair 2/15: peach_0037.png ↔ peach_0081.png (no F)
[diffusion] pair 3/15: peach_0037.png ↔ peach_0141.png (no F)
[diffusion] pair 4/15: peach_0037.png ↔ peach_0143.png (no F)
[diffusion] pair 5/15: peach_0037.png ↔ peach_0199.png (inliers=23)
[diffusion] pair 6/15: peach_0076.png ↔ peach_0081.png (no F)
[diffusion] pair 7/15: peach_0076.png ↔ peach_0141.png (no F)
[diffusion] pair 8/15: peach_0076.png ↔ peach_0143.png (no F)
[diffusion] pair 9/15: peach_0076.png ↔ peach_0199.png (no F)
[diffusion] pair 10/15: peach_0081.png ↔ peach_0141.png (no F)
[diffusion] pair 11/15: peach_0081.png ↔ peach_0143.png (no F)
[diffusion] pair 12/15: peach_0081.png ↔ peach_0199.png (no F)
[diffusion] pair 13/15: peach_0141.png ↔ peach_0143.png (no F)
[diffusion] pair 14/15: peach_0141.png ↔ peach_0199.png (inliers=10)
[diffusion] pair 15/15: peach_0143.png ↔ peach_0199.png (no F)
[ok] wrote outputs/amy_gardens_cluster_0004/colmap_diffusion.db (images=6 pairs=15 good_pairs=2, min_inliers=8)
+ docker run --rm --gpus all -v /home/shamika/documents/prog_workspace/ml_imc25/ImageMatchingChallenge2025:/workspace -w /workspace colmap/colmap:latest colmap mapper --database_path outputs/amy_gardens_cluster_0004/colmap_diffusion.db --image_path outputs/amy_gardens_cluster_0004/images --output_path outputs/amy_gardens_cluster_0004/sparse --Mapper.ba_refine_principal_point 0 --Mapper.min_model_size 2 --Mapper.init_min_num_inliers 8 --Mapper.init_min_tri_angle 0.5 --Mapper.tri_min_angle 0.05 --Mapper.filter_min_tri_angle 0.05 --Mapper.tri_ignore_two_view_tracks 0

==========
== CUDA ==
==========

CUDA Version 12.9.1

Container image Copyright (c) 2016-2023, NVIDIA CORPORATION & AFFILIATES. All rights reserved.

This container image and its contents are governed by the NVIDIA Deep Learning Container License.
By pulling and using the container, you accept the terms and conditions of this license:
https://developer.nvidia.com/ngc/nvidia-deep-learning-container-license

A copy of this license is made available in this container at /NGC-DL-CONTAINER-LICENSE for your convenience.

I20251226 01:34:08.110129     1 incremental_pipeline.cc:264] Loading database
I20251226 01:34:08.111821     1 database_cache.cc:67] Loading rigs...
I20251226 01:34:08.111873     1 database_cache.cc:77]  0 in 0.000s
I20251226 01:34:08.111902     1 database_cache.cc:85] Loading cameras...
I20251226 01:34:08.111919     1 database_cache.cc:103]  1 in 0.000s
I20251226 01:34:08.111925     1 database_cache.cc:111] Loading frames...
I20251226 01:34:08.111935     1 database_cache.cc:126]  0 in 0.000s
I20251226 01:34:08.111940     1 database_cache.cc:134] Loading matches...
I20251226 01:34:08.111959     1 database_cache.cc:139]  2 in 0.000s
I20251226 01:34:08.111984     1 database_cache.cc:155] Loading images...
I20251226 01:34:08.112107     1 database_cache.cc:239]  6 in 0.000s (connected 2)
I20251226 01:34:08.112128     1 database_cache.cc:250] Building correspondence graph...
I20251226 01:34:08.112154     1 database_cache.cc:277]  in 0.000s (ignored 1)
I20251226 01:34:08.112402     1 timer.cc:90] Elapsed time: 0.000 [minutes]
I20251226 01:34:08.112461     1 incremental_pipeline.cc:311] Finding good initial image pair
I20251226 01:34:08.116050     1 incremental_pipeline.cc:335] Registering initial image pair #1 and #6
I20251226 01:34:08.116218     1 incremental_pipeline.cc:349] Global bundle adjustment
I20251226 01:34:08.118481     1 incremental_pipeline.cc:569] Discarding reconstruction due to bad initial pair
I20251226 01:34:08.118544     1 incremental_pipeline.cc:311] Finding good initial image pair
I20251226 01:34:08.120234     1 incremental_pipeline.cc:315] => No good initial image pair found.
I20251226 01:34:08.120301     1 incremental_pipeline.cc:559] Discarding reconstruction due to no initial pair
I20251226 01:34:08.120316     1 incremental_pipeline.cc:245] => Relaxing the initialization constraints.
I20251226 01:34:08.120348     1 incremental_pipeline.cc:311] Finding good initial image pair
I20251226 01:34:08.124212     1 incremental_pipeline.cc:335] Registering initial image pair #1 and #6
I20251226 01:34:08.124462     1 incremental_pipeline.cc:349] Global bundle adjustment
I20251226 01:34:08.126931     1 incremental_pipeline.cc:569] Discarding reconstruction due to bad initial pair
I20251226 01:34:08.127019     1 incremental_pipeline.cc:311] Finding good initial image pair
I20251226 01:34:08.129184     1 incremental_pipeline.cc:315] => No good initial image pair found.
I20251226 01:34:08.129227     1 incremental_pipeline.cc:559] Discarding reconstruction due to no initial pair
I20251226 01:34:08.129245     1 incremental_pipeline.cc:254] => Relaxing the initialization constraints.
I20251226 01:34:08.129273     1 incremental_pipeline.cc:311] Finding good initial image pair
I20251226 01:34:08.132767     1 incremental_pipeline.cc:335] Registering initial image pair #1 and #6
I20251226 01:34:08.132979     1 incremental_pipeline.cc:349] Global bundle adjustment
I20251226 01:34:08.135977     1 incremental_pipeline.cc:569] Discarding reconstruction due to bad initial pair
I20251226 01:34:08.136047     1 incremental_pipeline.cc:311] Finding good initial image pair
I20251226 01:34:08.138939     1 incremental_pipeline.cc:315] => No good initial image pair found.
I20251226 01:34:08.139010     1 incremental_pipeline.cc:559] Discarding reconstruction due to no initial pair
I20251226 01:34:08.139041     1 incremental_pipeline.cc:245] => Relaxing the initialization constraints.
I20251226 01:34:08.139086     1 incremental_pipeline.cc:311] Finding good initial image pair
I20251226 01:34:08.142994     1 incremental_pipeline.cc:335] Registering initial image pair #1 and #6
I20251226 01:34:08.143254     1 incremental_pipeline.cc:349] Global bundle adjustment
I20251226 01:34:08.146209     1 incremental_pipeline.cc:569] Discarding reconstruction due to bad initial pair
I20251226 01:34:08.146287     1 incremental_pipeline.cc:311] Finding good initial image pair
I20251226 01:34:08.149121     1 incremental_pipeline.cc:315] => No good initial image pair found.
I20251226 01:34:08.149209     1 incremental_pipeline.cc:559] Discarding reconstruction due to no initial pair
I20251226 01:34:08.149235     1 incremental_pipeline.cc:254] => Relaxing the initialization constraints.
I20251226 01:34:08.149282     1 incremental_pipeline.cc:311] Finding good initial image pair
I20251226 01:34:08.153133     1 incremental_pipeline.cc:335] Registering initial image pair #1 and #6
I20251226 01:34:08.153316     1 incremental_pipeline.cc:349] Global bundle adjustment
I20251226 01:34:08.157027     1 incremental_pipeline.cc:569] Discarding reconstruction due to bad initial pair
I20251226 01:34:08.157192     1 incremental_pipeline.cc:311] Finding good initial image pair
I20251226 01:34:08.159179     1 incremental_pipeline.cc:315] => No good initial image pair found.
I20251226 01:34:08.159217     1 incremental_pipeline.cc:559] Discarding reconstruction due to no initial pair
I20251226 01:34:08.159232     1 timer.cc:90] Elapsed time: 0.001 [minutes]
E20251226 01:34:08.159243     1 sfm.cc:278] failed to create sparse model
[retry] amy_gardens/cluster_0004: mapper attempt 2 (min_model_size=2, init_min_inliers=15, init_min_tri_angle=1.0, tri_min_angle=0.25, local_ba_min_tri_angle=0.25, tri_ignore_two_view_tracks=0)
+ docker run --rm --gpus all -v /home/shamika/documents/prog_workspace/ml_imc25/ImageMatchingChallenge2025:/workspace -w /workspace colmap/colmap:latest colmap mapper --database_path outputs/amy_gardens_cluster_0004/colmap_diffusion.db --image_path outputs/amy_gardens_cluster_0004/images --output_path outputs/amy_gardens_cluster_0004/sparse --Mapper.ba_refine_principal_point 0 --Mapper.min_model_size 2 --Mapper.init_min_num_inliers 15 --Mapper.init_min_tri_angle 1.0 --Mapper.tri_min_angle 0.25 --Mapper.filter_min_tri_angle 0.25 --Mapper.tri_ignore_two_view_tracks 0

==========
== CUDA ==
==========

CUDA Version 12.9.1

Container image Copyright (c) 2016-2023, NVIDIA CORPORATION & AFFILIATES. All rights reserved.

This container image and its contents are governed by the NVIDIA Deep Learning Container License.
By pulling and using the container, you accept the terms and conditions of this license:
https://developer.nvidia.com/ngc/nvidia-deep-learning-container-license

A copy of this license is made available in this container at /NGC-DL-CONTAINER-LICENSE for your convenience.

I20251226 01:34:11.578269     1 incremental_pipeline.cc:264] Loading database
I20251226 01:34:11.579733     1 database_cache.cc:67] Loading rigs...
I20251226 01:34:11.579782     1 database_cache.cc:77]  0 in 0.000s
I20251226 01:34:11.579792     1 database_cache.cc:85] Loading cameras...
I20251226 01:34:11.579809     1 database_cache.cc:103]  1 in 0.000s
I20251226 01:34:11.579815     1 database_cache.cc:111] Loading frames...
I20251226 01:34:11.579825     1 database_cache.cc:126]  0 in 0.000s
I20251226 01:34:11.579846     1 database_cache.cc:134] Loading matches...
I20251226 01:34:11.579869     1 database_cache.cc:139]  2 in 0.000s
I20251226 01:34:11.579891     1 database_cache.cc:155] Loading images...
I20251226 01:34:11.580025     1 database_cache.cc:239]  6 in 0.000s (connected 2)
I20251226 01:34:11.580049     1 database_cache.cc:250] Building correspondence graph...
I20251226 01:34:11.580077     1 database_cache.cc:277]  in 0.000s (ignored 1)
I20251226 01:34:11.580338     1 timer.cc:90] Elapsed time: 0.000 [minutes]
I20251226 01:34:11.580425     1 incremental_pipeline.cc:311] Finding good initial image pair
I20251226 01:34:11.584928     1 incremental_pipeline.cc:315] => No good initial image pair found.
I20251226 01:34:11.584964     1 incremental_pipeline.cc:559] Discarding reconstruction due to no initial pair
I20251226 01:34:11.584978     1 incremental_pipeline.cc:245] => Relaxing the initialization constraints.
I20251226 01:34:11.585002     1 incremental_pipeline.cc:311] Finding good initial image pair
I20251226 01:34:11.588828     1 incremental_pipeline.cc:315] => No good initial image pair found.
I20251226 01:34:11.588877     1 incremental_pipeline.cc:559] Discarding reconstruction due to no initial pair
I20251226 01:34:11.588900     1 incremental_pipeline.cc:254] => Relaxing the initialization constraints.
I20251226 01:34:11.588933     1 incremental_pipeline.cc:311] Finding good initial image pair
I20251226 01:34:11.592715     1 incremental_pipeline.cc:335] Registering initial image pair #1 and #6
I20251226 01:34:11.592942     1 incremental_pipeline.cc:349] Global bundle adjustment
I20251226 01:34:11.595883     1 incremental_pipeline.cc:569] Discarding reconstruction due to bad initial pair
I20251226 01:34:11.596017     1 incremental_pipeline.cc:311] Finding good initial image pair
I20251226 01:34:11.598290     1 incremental_pipeline.cc:315] => No good initial image pair found.
I20251226 01:34:11.598340     1 incremental_pipeline.cc:559] Discarding reconstruction due to no initial pair
I20251226 01:34:11.598359     1 incremental_pipeline.cc:245] => Relaxing the initialization constraints.
I20251226 01:34:11.598387     1 incremental_pipeline.cc:311] Finding good initial image pair
I20251226 01:34:11.603067     1 incremental_pipeline.cc:335] Registering initial image pair #1 and #6
I20251226 01:34:11.603266     1 incremental_pipeline.cc:349] Global bundle adjustment
I20251226 01:34:11.606011     1 incremental_pipeline.cc:569] Discarding reconstruction due to bad initial pair
I20251226 01:34:11.606102     1 incremental_pipeline.cc:311] Finding good initial image pair
I20251226 01:34:11.608834     1 incremental_pipeline.cc:315] => No good initial image pair found.
I20251226 01:34:11.608892     1 incremental_pipeline.cc:559] Discarding reconstruction due to no initial pair
I20251226 01:34:11.608919     1 incremental_pipeline.cc:254] => Relaxing the initialization constraints.
I20251226 01:34:11.608968     1 incremental_pipeline.cc:311] Finding good initial image pair
I20251226 01:34:11.613960     1 incremental_pipeline.cc:335] Registering initial image pair #1 and #6
I20251226 01:34:11.614190     1 incremental_pipeline.cc:349] Global bundle adjustment
I20251226 01:34:11.617975     1 incremental_pipeline.cc:569] Discarding reconstruction due to bad initial pair
I20251226 01:34:11.618067     1 incremental_pipeline.cc:311] Finding good initial image pair
I20251226 01:34:11.620407     1 incremental_pipeline.cc:315] => No good initial image pair found.
I20251226 01:34:11.620446     1 incremental_pipeline.cc:559] Discarding reconstruction due to no initial pair
I20251226 01:34:11.620467     1 timer.cc:90] Elapsed time: 0.001 [minutes]
E20251226 01:34:11.620483     1 sfm.cc:278] failed to create sparse model
[retry] amy_gardens/cluster_0004: mapper attempt 3 (min_model_size=2, init_min_inliers=8, init_min_tri_angle=0.5, tri_min_angle=0.05, local_ba_min_tri_angle=0.05, tri_ignore_two_view_tracks=0)
+ docker run --rm --gpus all -v /home/shamika/documents/prog_workspace/ml_imc25/ImageMatchingChallenge2025:/workspace -w /workspace colmap/colmap:latest colmap mapper --database_path outputs/amy_gardens_cluster_0004/colmap_diffusion.db --image_path outputs/amy_gardens_cluster_0004/images --output_path outputs/amy_gardens_cluster_0004/sparse --Mapper.ba_refine_principal_point 0 --Mapper.min_model_size 2 --Mapper.init_min_num_inliers 8 --Mapper.init_min_tri_angle 0.5 --Mapper.tri_min_angle 0.05 --Mapper.filter_min_tri_angle 0.05 --Mapper.tri_ignore_two_view_tracks 0

==========
== CUDA ==
==========

CUDA Version 12.9.1

Container image Copyright (c) 2016-2023, NVIDIA CORPORATION & AFFILIATES. All rights reserved.

This container image and its contents are governed by the NVIDIA Deep Learning Container License.
By pulling and using the container, you accept the terms and conditions of this license:
https://developer.nvidia.com/ngc/nvidia-deep-learning-container-license

A copy of this license is made available in this container at /NGC-DL-CONTAINER-LICENSE for your convenience.

I20251226 01:34:15.358516     1 incremental_pipeline.cc:264] Loading database
I20251226 01:34:15.359743     1 database_cache.cc:67] Loading rigs...
I20251226 01:34:15.359786     1 database_cache.cc:77]  0 in 0.000s
I20251226 01:34:15.359793     1 database_cache.cc:85] Loading cameras...
I20251226 01:34:15.359804     1 database_cache.cc:103]  1 in 0.000s
I20251226 01:34:15.359808     1 database_cache.cc:111] Loading frames...
I20251226 01:34:15.359813     1 database_cache.cc:126]  0 in 0.000s
I20251226 01:34:15.359817     1 database_cache.cc:134] Loading matches...
I20251226 01:34:15.359827     1 database_cache.cc:139]  2 in 0.000s
I20251226 01:34:15.359830     1 database_cache.cc:155] Loading images...
I20251226 01:34:15.359949     1 database_cache.cc:239]  6 in 0.000s (connected 2)
I20251226 01:34:15.359970     1 database_cache.cc:250] Building correspondence graph...
I20251226 01:34:15.359998     1 database_cache.cc:277]  in 0.000s (ignored 1)
I20251226 01:34:15.360169     1 timer.cc:90] Elapsed time: 0.000 [minutes]
I20251226 01:34:15.360221     1 incremental_pipeline.cc:311] Finding good initial image pair
I20251226 01:34:15.363756     1 incremental_pipeline.cc:335] Registering initial image pair #1 and #6
I20251226 01:34:15.363914     1 incremental_pipeline.cc:349] Global bundle adjustment
I20251226 01:34:15.366107     1 incremental_pipeline.cc:569] Discarding reconstruction due to bad initial pair
I20251226 01:34:15.366158     1 incremental_pipeline.cc:311] Finding good initial image pair
I20251226 01:34:15.367774     1 incremental_pipeline.cc:315] => No good initial image pair found.
I20251226 01:34:15.367797     1 incremental_pipeline.cc:559] Discarding reconstruction due to no initial pair
I20251226 01:34:15.367808     1 incremental_pipeline.cc:245] => Relaxing the initialization constraints.
I20251226 01:34:15.367823     1 incremental_pipeline.cc:311] Finding good initial image pair
I20251226 01:34:15.371544     1 incremental_pipeline.cc:335] Registering initial image pair #1 and #6
I20251226 01:34:15.371738     1 incremental_pipeline.cc:349] Global bundle adjustment
I20251226 01:34:15.373934     1 incremental_pipeline.cc:569] Discarding reconstruction due to bad initial pair
I20251226 01:34:15.373998     1 incremental_pipeline.cc:311] Finding good initial image pair
I20251226 01:34:15.375804     1 incremental_pipeline.cc:315] => No good initial image pair found.
I20251226 01:34:15.375844     1 incremental_pipeline.cc:559] Discarding reconstruction due to no initial pair
I20251226 01:34:15.375857     1 incremental_pipeline.cc:254] => Relaxing the initialization constraints.
I20251226 01:34:15.375880     1 incremental_pipeline.cc:311] Finding good initial image pair
I20251226 01:34:15.379124     1 incremental_pipeline.cc:335] Registering initial image pair #1 and #6
I20251226 01:34:15.379387     1 incremental_pipeline.cc:349] Global bundle adjustment
I20251226 01:34:15.382298     1 incremental_pipeline.cc:569] Discarding reconstruction due to bad initial pair
I20251226 01:34:15.382385     1 incremental_pipeline.cc:311] Finding good initial image pair
I20251226 01:34:15.384357     1 incremental_pipeline.cc:315] => No good initial image pair found.
I20251226 01:34:15.384392     1 incremental_pipeline.cc:559] Discarding reconstruction due to no initial pair
I20251226 01:34:15.384407     1 incremental_pipeline.cc:245] => Relaxing the initialization constraints.
I20251226 01:34:15.384431     1 incremental_pipeline.cc:311] Finding good initial image pair
I20251226 01:34:15.387735     1 incremental_pipeline.cc:335] Registering initial image pair #1 and #6
I20251226 01:34:15.387902     1 incremental_pipeline.cc:349] Global bundle adjustment
I20251226 01:34:15.390779     1 incremental_pipeline.cc:569] Discarding reconstruction due to bad initial pair
I20251226 01:34:15.390853     1 incremental_pipeline.cc:311] Finding good initial image pair
I20251226 01:34:15.392798     1 incremental_pipeline.cc:315] => No good initial image pair found.
I20251226 01:34:15.392866     1 incremental_pipeline.cc:559] Discarding reconstruction due to no initial pair
I20251226 01:34:15.392894     1 incremental_pipeline.cc:254] => Relaxing the initialization constraints.
I20251226 01:34:15.392931     1 incremental_pipeline.cc:311] Finding good initial image pair
I20251226 01:34:15.396080     1 incremental_pipeline.cc:335] Registering initial image pair #1 and #6
I20251226 01:34:15.396327     1 incremental_pipeline.cc:349] Global bundle adjustment
I20251226 01:34:15.399811     1 incremental_pipeline.cc:569] Discarding reconstruction due to bad initial pair
I20251226 01:34:15.399875     1 incremental_pipeline.cc:311] Finding good initial image pair
I20251226 01:34:15.401674     1 incremental_pipeline.cc:315] => No good initial image pair found.
I20251226 01:34:15.401705     1 incremental_pipeline.cc:559] Discarding reconstruction due to no initial pair
I20251226 01:34:15.401719     1 timer.cc:90] Elapsed time: 0.001 [minutes]
E20251226 01:34:15.401731     1 sfm.cc:278] failed to create sparse model
[fail] amy_gardens/cluster_0004: COLMAP mapper failed after 3 attempts
[cluster] 8/18: amy_gardens/cluster_0005
[run] amy_gardens/cluster_0005: images=5 matcher=diffusion
[diffusion] using preloaded model on device=cuda
[diffusion] image 1/5: peach_0045.png
[diffusion] cache hit: peach_0045.png
[diffusion] image 2/5: peach_0080.png
[diffusion] cache hit: peach_0080.png
[diffusion] image 3/5: peach_0107.png
[diffusion] cache hit: peach_0107.png
[diffusion] image 4/5: peach_0121.png
[diffusion] cache hit: peach_0121.png
[diffusion] image 5/5: peach_0126.png
[diffusion] cache hit: peach_0126.png
[diffusion] matching pairs=10 (RANSAC)...
[diffusion] pair 1/10: peach_0045.png ↔ peach_0080.png (no F)
[diffusion] pair 2/10: peach_0045.png ↔ peach_0107.png (no F)
[diffusion] pair 3/10: peach_0045.png ↔ peach_0121.png (no F)
[diffusion] pair 4/10: peach_0045.png ↔ peach_0126.png (no F)
[diffusion] pair 5/10: peach_0080.png ↔ peach_0107.png (no F)
[diffusion] pair 6/10: peach_0080.png ↔ peach_0121.png (no F)
[diffusion] pair 7/10: peach_0080.png ↔ peach_0126.png (no F)
[diffusion] pair 8/10: peach_0107.png ↔ peach_0121.png (no F)
[diffusion] pair 9/10: peach_0107.png ↔ peach_0126.png (no F)
[diffusion] pair 10/10: peach_0121.png ↔ peach_0126.png (inliers=19)
[ok] wrote outputs/amy_gardens_cluster_0005/colmap_diffusion.db (images=5 pairs=10 good_pairs=1, min_inliers=8)
+ docker run --rm --gpus all -v /home/shamika/documents/prog_workspace/ml_imc25/ImageMatchingChallenge2025:/workspace -w /workspace colmap/colmap:latest colmap mapper --database_path outputs/amy_gardens_cluster_0005/colmap_diffusion.db --image_path outputs/amy_gardens_cluster_0005/images --output_path outputs/amy_gardens_cluster_0005/sparse --Mapper.ba_refine_principal_point 0 --Mapper.min_model_size 2 --Mapper.init_min_num_inliers 8 --Mapper.init_min_tri_angle 0.5 --Mapper.tri_min_angle 0.05 --Mapper.filter_min_tri_angle 0.05 --Mapper.tri_ignore_two_view_tracks 0

==========
== CUDA ==
==========

CUDA Version 12.9.1

Container image Copyright (c) 2016-2023, NVIDIA CORPORATION & AFFILIATES. All rights reserved.

This container image and its contents are governed by the NVIDIA Deep Learning Container License.
By pulling and using the container, you accept the terms and conditions of this license:
https://developer.nvidia.com/ngc/nvidia-deep-learning-container-license

A copy of this license is made available in this container at /NGC-DL-CONTAINER-LICENSE for your convenience.

I20251226 01:34:22.472509     1 incremental_pipeline.cc:264] Loading database
I20251226 01:34:22.473822     1 database_cache.cc:67] Loading rigs...
I20251226 01:34:22.473865     1 database_cache.cc:77]  0 in 0.000s
I20251226 01:34:22.473872     1 database_cache.cc:85] Loading cameras...
I20251226 01:34:22.473884     1 database_cache.cc:103]  1 in 0.000s
I20251226 01:34:22.473888     1 database_cache.cc:111] Loading frames...
I20251226 01:34:22.473894     1 database_cache.cc:126]  0 in 0.000s
I20251226 01:34:22.473898     1 database_cache.cc:134] Loading matches...
I20251226 01:34:22.473907     1 database_cache.cc:139]  1 in 0.000s
I20251226 01:34:22.473924     1 database_cache.cc:155] Loading images...
I20251226 01:34:22.474050     1 database_cache.cc:239]  5 in 0.000s (connected 2)
I20251226 01:34:22.474071     1 database_cache.cc:250] Building correspondence graph...
I20251226 01:34:22.474097     1 database_cache.cc:277]  in 0.000s (ignored 0)
I20251226 01:34:22.474304     1 timer.cc:90] Elapsed time: 0.000 [minutes]
I20251226 01:34:22.474359     1 incremental_pipeline.cc:311] Finding good initial image pair
I20251226 01:34:22.477810     1 incremental_pipeline.cc:335] Registering initial image pair #4 and #5
I20251226 01:34:22.477955     1 incremental_pipeline.cc:349] Global bundle adjustment
I20251226 01:34:22.482438     1 incremental_pipeline.cc:569] Discarding reconstruction due to bad initial pair
I20251226 01:34:22.482507     1 incremental_pipeline.cc:311] Finding good initial image pair
I20251226 01:34:22.484220     1 incremental_pipeline.cc:315] => No good initial image pair found.
I20251226 01:34:22.484251     1 incremental_pipeline.cc:559] Discarding reconstruction due to no initial pair
I20251226 01:34:22.484262     1 incremental_pipeline.cc:245] => Relaxing the initialization constraints.
I20251226 01:34:22.484284     1 incremental_pipeline.cc:311] Finding good initial image pair
I20251226 01:34:22.487514     1 incremental_pipeline.cc:335] Registering initial image pair #4 and #5
I20251226 01:34:22.487655     1 incremental_pipeline.cc:349] Global bundle adjustment
I20251226 01:34:22.491895     1 incremental_pipeline.cc:569] Discarding reconstruction due to bad initial pair
I20251226 01:34:22.492034     1 incremental_pipeline.cc:311] Finding good initial image pair
I20251226 01:34:22.493813     1 incremental_pipeline.cc:315] => No good initial image pair found.
I20251226 01:34:22.493845     1 incremental_pipeline.cc:559] Discarding reconstruction due to no initial pair
I20251226 01:34:22.493860     1 incremental_pipeline.cc:254] => Relaxing the initialization constraints.
I20251226 01:34:22.493880     1 incremental_pipeline.cc:311] Finding good initial image pair
I20251226 01:34:22.497014     1 incremental_pipeline.cc:335] Registering initial image pair #4 and #5
I20251226 01:34:22.497179     1 incremental_pipeline.cc:349] Global bundle adjustment
I20251226 01:34:22.501711     1 incremental_pipeline.cc:569] Discarding reconstruction due to bad initial pair
I20251226 01:34:22.501797     1 incremental_pipeline.cc:311] Finding good initial image pair
I20251226 01:34:22.503588     1 incremental_pipeline.cc:315] => No good initial image pair found.
I20251226 01:34:22.503626     1 incremental_pipeline.cc:559] Discarding reconstruction due to no initial pair
I20251226 01:34:22.503641     1 incremental_pipeline.cc:245] => Relaxing the initialization constraints.
I20251226 01:34:22.503667     1 incremental_pipeline.cc:311] Finding good initial image pair
I20251226 01:34:22.507009     1 incremental_pipeline.cc:335] Registering initial image pair #4 and #5
I20251226 01:34:22.507164     1 incremental_pipeline.cc:349] Global bundle adjustment
I20251226 01:34:22.511464     1 incremental_pipeline.cc:569] Discarding reconstruction due to bad initial pair
I20251226 01:34:22.511579     1 incremental_pipeline.cc:311] Finding good initial image pair
I20251226 01:34:22.514045     1 incremental_pipeline.cc:315] => No good initial image pair found.
I20251226 01:34:22.514091     1 incremental_pipeline.cc:559] Discarding reconstruction due to no initial pair
I20251226 01:34:22.514106     1 incremental_pipeline.cc:254] => Relaxing the initialization constraints.
I20251226 01:34:22.514132     1 incremental_pipeline.cc:311] Finding good initial image pair
I20251226 01:34:22.517832     1 incremental_pipeline.cc:335] Registering initial image pair #4 and #5
I20251226 01:34:22.517982     1 incremental_pipeline.cc:349] Global bundle adjustment
I20251226 01:34:22.522648     1 incremental_pipeline.cc:569] Discarding reconstruction due to bad initial pair
I20251226 01:34:22.522718     1 incremental_pipeline.cc:311] Finding good initial image pair
I20251226 01:34:22.524923     1 incremental_pipeline.cc:315] => No good initial image pair found.
I20251226 01:34:22.524961     1 incremental_pipeline.cc:559] Discarding reconstruction due to no initial pair
I20251226 01:34:22.524976     1 timer.cc:90] Elapsed time: 0.001 [minutes]
E20251226 01:34:22.524986     1 sfm.cc:278] failed to create sparse model
[retry] amy_gardens/cluster_0005: mapper attempt 2 (min_model_size=2, init_min_inliers=15, init_min_tri_angle=1.0, tri_min_angle=0.25, local_ba_min_tri_angle=0.25, tri_ignore_two_view_tracks=0)
+ docker run --rm --gpus all -v /home/shamika/documents/prog_workspace/ml_imc25/ImageMatchingChallenge2025:/workspace -w /workspace colmap/colmap:latest colmap mapper --database_path outputs/amy_gardens_cluster_0005/colmap_diffusion.db --image_path outputs/amy_gardens_cluster_0005/images --output_path outputs/amy_gardens_cluster_0005/sparse --Mapper.ba_refine_principal_point 0 --Mapper.min_model_size 2 --Mapper.init_min_num_inliers 15 --Mapper.init_min_tri_angle 1.0 --Mapper.tri_min_angle 0.25 --Mapper.filter_min_tri_angle 0.25 --Mapper.tri_ignore_two_view_tracks 0

==========
== CUDA ==
==========

CUDA Version 12.9.1

Container image Copyright (c) 2016-2023, NVIDIA CORPORATION & AFFILIATES. All rights reserved.

This container image and its contents are governed by the NVIDIA Deep Learning Container License.
By pulling and using the container, you accept the terms and conditions of this license:
https://developer.nvidia.com/ngc/nvidia-deep-learning-container-license

A copy of this license is made available in this container at /NGC-DL-CONTAINER-LICENSE for your convenience.

I20251226 01:34:26.547015     1 incremental_pipeline.cc:264] Loading database
I20251226 01:34:26.548157     1 database_cache.cc:67] Loading rigs...
I20251226 01:34:26.548194     1 database_cache.cc:77]  0 in 0.000s
I20251226 01:34:26.548202     1 database_cache.cc:85] Loading cameras...
I20251226 01:34:26.548213     1 database_cache.cc:103]  1 in 0.000s
I20251226 01:34:26.548218     1 database_cache.cc:111] Loading frames...
I20251226 01:34:26.548224     1 database_cache.cc:126]  0 in 0.000s
I20251226 01:34:26.548228     1 database_cache.cc:134] Loading matches...
I20251226 01:34:26.548236     1 database_cache.cc:139]  1 in 0.000s
I20251226 01:34:26.548240     1 database_cache.cc:155] Loading images...
I20251226 01:34:26.548343     1 database_cache.cc:239]  5 in 0.000s (connected 2)
I20251226 01:34:26.548364     1 database_cache.cc:250] Building correspondence graph...
I20251226 01:34:26.548393     1 database_cache.cc:277]  in 0.000s (ignored 0)
I20251226 01:34:26.548583     1 timer.cc:90] Elapsed time: 0.000 [minutes]
I20251226 01:34:26.548650     1 incremental_pipeline.cc:311] Finding good initial image pair
I20251226 01:34:26.552196     1 incremental_pipeline.cc:335] Registering initial image pair #4 and #5
I20251226 01:34:26.552386     1 incremental_pipeline.cc:349] Global bundle adjustment
I20251226 01:34:26.555666     1 incremental_pipeline.cc:569] Discarding reconstruction due to bad initial pair
I20251226 01:34:26.555722     1 incremental_pipeline.cc:311] Finding good initial image pair
I20251226 01:34:26.557345     1 incremental_pipeline.cc:315] => No good initial image pair found.
I20251226 01:34:26.557370     1 incremental_pipeline.cc:559] Discarding reconstruction due to no initial pair
I20251226 01:34:26.557384     1 incremental_pipeline.cc:245] => Relaxing the initialization constraints.
I20251226 01:34:26.557399     1 incremental_pipeline.cc:311] Finding good initial image pair
I20251226 01:34:26.560443     1 incremental_pipeline.cc:335] Registering initial image pair #4 and #5
I20251226 01:34:26.560575     1 incremental_pipeline.cc:349] Global bundle adjustment
I20251226 01:34:26.563845     1 incremental_pipeline.cc:569] Discarding reconstruction due to bad initial pair
I20251226 01:34:26.563936     1 incremental_pipeline.cc:311] Finding good initial image pair
I20251226 01:34:26.565737     1 incremental_pipeline.cc:315] => No good initial image pair found.
I20251226 01:34:26.565768     1 incremental_pipeline.cc:559] Discarding reconstruction due to no initial pair
I20251226 01:34:26.565783     1 incremental_pipeline.cc:254] => Relaxing the initialization constraints.
I20251226 01:34:26.565801     1 incremental_pipeline.cc:311] Finding good initial image pair
I20251226 01:34:26.569020     1 incremental_pipeline.cc:335] Registering initial image pair #4 and #5
I20251226 01:34:26.569218     1 incremental_pipeline.cc:349] Global bundle adjustment
I20251226 01:34:26.573752     1 incremental_pipeline.cc:569] Discarding reconstruction due to bad initial pair
I20251226 01:34:26.573864     1 incremental_pipeline.cc:311] Finding good initial image pair
I20251226 01:34:26.575874     1 incremental_pipeline.cc:315] => No good initial image pair found.
I20251226 01:34:26.575909     1 incremental_pipeline.cc:559] Discarding reconstruction due to no initial pair
I20251226 01:34:26.575924     1 incremental_pipeline.cc:245] => Relaxing the initialization constraints.
I20251226 01:34:26.575948     1 incremental_pipeline.cc:311] Finding good initial image pair
I20251226 01:34:26.579245     1 incremental_pipeline.cc:335] Registering initial image pair #4 and #5
I20251226 01:34:26.579409     1 incremental_pipeline.cc:349] Global bundle adjustment
I20251226 01:34:26.583673     1 incremental_pipeline.cc:569] Discarding reconstruction due to bad initial pair
I20251226 01:34:26.583762     1 incremental_pipeline.cc:311] Finding good initial image pair
I20251226 01:34:26.585928     1 incremental_pipeline.cc:315] => No good initial image pair found.
I20251226 01:34:26.585964     1 incremental_pipeline.cc:559] Discarding reconstruction due to no initial pair
I20251226 01:34:26.585978     1 incremental_pipeline.cc:254] => Relaxing the initialization constraints.
I20251226 01:34:26.586000     1 incremental_pipeline.cc:311] Finding good initial image pair
I20251226 01:34:26.589807     1 incremental_pipeline.cc:335] Registering initial image pair #4 and #5
I20251226 01:34:26.589965     1 incremental_pipeline.cc:349] Global bundle adjustment
I20251226 01:34:26.594520     1 incremental_pipeline.cc:569] Discarding reconstruction due to bad initial pair
I20251226 01:34:26.594620     1 incremental_pipeline.cc:311] Finding good initial image pair
I20251226 01:34:26.596648     1 incremental_pipeline.cc:315] => No good initial image pair found.
I20251226 01:34:26.596690     1 incremental_pipeline.cc:559] Discarding reconstruction due to no initial pair
I20251226 01:34:26.596705     1 timer.cc:90] Elapsed time: 0.001 [minutes]
E20251226 01:34:26.596716     1 sfm.cc:278] failed to create sparse model
[retry] amy_gardens/cluster_0005: mapper attempt 3 (min_model_size=2, init_min_inliers=8, init_min_tri_angle=0.5, tri_min_angle=0.05, local_ba_min_tri_angle=0.05, tri_ignore_two_view_tracks=0)
+ docker run --rm --gpus all -v /home/shamika/documents/prog_workspace/ml_imc25/ImageMatchingChallenge2025:/workspace -w /workspace colmap/colmap:latest colmap mapper --database_path outputs/amy_gardens_cluster_0005/colmap_diffusion.db --image_path outputs/amy_gardens_cluster_0005/images --output_path outputs/amy_gardens_cluster_0005/sparse --Mapper.ba_refine_principal_point 0 --Mapper.min_model_size 2 --Mapper.init_min_num_inliers 8 --Mapper.init_min_tri_angle 0.5 --Mapper.tri_min_angle 0.05 --Mapper.filter_min_tri_angle 0.05 --Mapper.tri_ignore_two_view_tracks 0

==========
== CUDA ==
==========

CUDA Version 12.9.1

Container image Copyright (c) 2016-2023, NVIDIA CORPORATION & AFFILIATES. All rights reserved.

This container image and its contents are governed by the NVIDIA Deep Learning Container License.
By pulling and using the container, you accept the terms and conditions of this license:
https://developer.nvidia.com/ngc/nvidia-deep-learning-container-license

A copy of this license is made available in this container at /NGC-DL-CONTAINER-LICENSE for your convenience.

I20251226 01:34:31.036432     1 incremental_pipeline.cc:264] Loading database
I20251226 01:34:31.037650     1 database_cache.cc:67] Loading rigs...
I20251226 01:34:31.037693     1 database_cache.cc:77]  0 in 0.000s
I20251226 01:34:31.037700     1 database_cache.cc:85] Loading cameras...
I20251226 01:34:31.037712     1 database_cache.cc:103]  1 in 0.000s
I20251226 01:34:31.037716     1 database_cache.cc:111] Loading frames...
I20251226 01:34:31.037722     1 database_cache.cc:126]  0 in 0.000s
I20251226 01:34:31.037726     1 database_cache.cc:134] Loading matches...
I20251226 01:34:31.037735     1 database_cache.cc:139]  1 in 0.000s
I20251226 01:34:31.037755     1 database_cache.cc:155] Loading images...
I20251226 01:34:31.037921     1 database_cache.cc:239]  5 in 0.000s (connected 2)
I20251226 01:34:31.037941     1 database_cache.cc:250] Building correspondence graph...
I20251226 01:34:31.037971     1 database_cache.cc:277]  in 0.000s (ignored 0)
I20251226 01:34:31.038154     1 timer.cc:90] Elapsed time: 0.000 [minutes]
I20251226 01:34:31.038249     1 incremental_pipeline.cc:311] Finding good initial image pair
I20251226 01:34:31.041742     1 incremental_pipeline.cc:335] Registering initial image pair #4 and #5
I20251226 01:34:31.041884     1 incremental_pipeline.cc:349] Global bundle adjustment
I20251226 01:34:31.046137     1 incremental_pipeline.cc:569] Discarding reconstruction due to bad initial pair
I20251226 01:34:31.046202     1 incremental_pipeline.cc:311] Finding good initial image pair
I20251226 01:34:31.047819     1 incremental_pipeline.cc:315] => No good initial image pair found.
I20251226 01:34:31.047847     1 incremental_pipeline.cc:559] Discarding reconstruction due to no initial pair
I20251226 01:34:31.047858     1 incremental_pipeline.cc:245] => Relaxing the initialization constraints.
I20251226 01:34:31.047875     1 incremental_pipeline.cc:311] Finding good initial image pair
I20251226 01:34:31.051098     1 incremental_pipeline.cc:335] Registering initial image pair #4 and #5
I20251226 01:34:31.051258     1 incremental_pipeline.cc:349] Global bundle adjustment
I20251226 01:34:31.055581     1 incremental_pipeline.cc:569] Discarding reconstruction due to bad initial pair
I20251226 01:34:31.055689     1 incremental_pipeline.cc:311] Finding good initial image pair
I20251226 01:34:31.057386     1 incremental_pipeline.cc:315] => No good initial image pair found.
I20251226 01:34:31.057420     1 incremental_pipeline.cc:559] Discarding reconstruction due to no initial pair
I20251226 01:34:31.057432     1 incremental_pipeline.cc:254] => Relaxing the initialization constraints.
I20251226 01:34:31.057454     1 incremental_pipeline.cc:311] Finding good initial image pair
I20251226 01:34:31.060765     1 incremental_pipeline.cc:335] Registering initial image pair #4 and #5
I20251226 01:34:31.060976     1 incremental_pipeline.cc:349] Global bundle adjustment
I20251226 01:34:31.065718     1 incremental_pipeline.cc:569] Discarding reconstruction due to bad initial pair
I20251226 01:34:31.065811     1 incremental_pipeline.cc:311] Finding good initial image pair
I20251226 01:34:31.067693     1 incremental_pipeline.cc:315] => No good initial image pair found.
I20251226 01:34:31.067729     1 incremental_pipeline.cc:559] Discarding reconstruction due to no initial pair
I20251226 01:34:31.067744     1 incremental_pipeline.cc:245] => Relaxing the initialization constraints.
I20251226 01:34:31.067770     1 incremental_pipeline.cc:311] Finding good initial image pair
I20251226 01:34:31.071125     1 incremental_pipeline.cc:335] Registering initial image pair #4 and #5
I20251226 01:34:31.071280     1 incremental_pipeline.cc:349] Global bundle adjustment
I20251226 01:34:31.075713     1 incremental_pipeline.cc:569] Discarding reconstruction due to bad initial pair
I20251226 01:34:31.075783     1 incremental_pipeline.cc:311] Finding good initial image pair
I20251226 01:34:31.077508     1 incremental_pipeline.cc:315] => No good initial image pair found.
I20251226 01:34:31.077539     1 incremental_pipeline.cc:559] Discarding reconstruction due to no initial pair
I20251226 01:34:31.077553     1 incremental_pipeline.cc:254] => Relaxing the initialization constraints.
I20251226 01:34:31.077572     1 incremental_pipeline.cc:311] Finding good initial image pair
I20251226 01:34:31.081377     1 incremental_pipeline.cc:335] Registering initial image pair #4 and #5
I20251226 01:34:31.081566     1 incremental_pipeline.cc:349] Global bundle adjustment
I20251226 01:34:31.086290     1 incremental_pipeline.cc:569] Discarding reconstruction due to bad initial pair
I20251226 01:34:31.086434     1 incremental_pipeline.cc:311] Finding good initial image pair
I20251226 01:34:31.088639     1 incremental_pipeline.cc:315] => No good initial image pair found.
I20251226 01:34:31.088678     1 incremental_pipeline.cc:559] Discarding reconstruction due to no initial pair
I20251226 01:34:31.088696     1 timer.cc:90] Elapsed time: 0.001 [minutes]
E20251226 01:34:31.088707     1 sfm.cc:278] failed to create sparse model
[fail] amy_gardens/cluster_0005: COLMAP mapper failed after 3 attempts
[cluster] 9/18: amy_gardens/cluster_0006
+ docker run --rm -v /home/shamika/documents/prog_workspace/ml_imc25/ImageMatchingChallenge2025:/workspace -w /workspace colmap/colmap:latest sh -lc rm -rf outputs/amy_gardens_cluster_0006

==========
== CUDA ==
==========

CUDA Version 12.9.1

Container image Copyright (c) 2016-2023, NVIDIA CORPORATION & AFFILIATES. All rights reserved.

This container image and its contents are governed by the NVIDIA Deep Learning Container License.
By pulling and using the container, you accept the terms and conditions of this license:
https://developer.nvidia.com/ngc/nvidia-deep-learning-container-license

A copy of this license is made available in this container at /NGC-DL-CONTAINER-LICENSE for your convenience.

WARNING: The NVIDIA Driver was not detected.  GPU functionality will not be available.
   Use the NVIDIA Container Toolkit to start this container with GPU support; see
   https://docs.nvidia.com/datacenter/cloud-native/ .

[run] amy_gardens/cluster_0006: images=4 matcher=diffusion
[diffusion] using preloaded model on device=cuda
[diffusion] image 1/4: peach_0014.png
[diffusion] cache hit: peach_0014.png
[diffusion] image 2/4: peach_0053.png
[diffusion] cache hit: peach_0053.png
[diffusion] image 3/4: peach_0098.png
[diffusion] cache hit: peach_0098.png
[diffusion] image 4/4: peach_0152.png
[diffusion] cache hit: peach_0152.png
[diffusion] matching pairs=6 (RANSAC)...
[diffusion] pair 1/6: peach_0014.png ↔ peach_0053.png (inliers=10)
[diffusion] pair 2/6: peach_0014.png ↔ peach_0098.png (no F)
[diffusion] pair 3/6: peach_0014.png ↔ peach_0152.png (no F)
[diffusion] pair 4/6: peach_0053.png ↔ peach_0098.png (no F)
[diffusion] pair 5/6: peach_0053.png ↔ peach_0152.png (no F)
[diffusion] pair 6/6: peach_0098.png ↔ peach_0152.png (inliers=50)
[ok] wrote outputs/amy_gardens_cluster_0006/colmap_diffusion.db (images=4 pairs=6 good_pairs=2, min_inliers=8)
+ docker run --rm --gpus all -v /home/shamika/documents/prog_workspace/ml_imc25/ImageMatchingChallenge2025:/workspace -w /workspace colmap/colmap:latest colmap mapper --database_path outputs/amy_gardens_cluster_0006/colmap_diffusion.db --image_path outputs/amy_gardens_cluster_0006/images --output_path outputs/amy_gardens_cluster_0006/sparse --Mapper.ba_refine_principal_point 0 --Mapper.min_model_size 2 --Mapper.init_min_num_inliers 8 --Mapper.init_min_tri_angle 0.5 --Mapper.tri_min_angle 0.05 --Mapper.filter_min_tri_angle 0.05 --Mapper.tri_ignore_two_view_tracks 0

==========
== CUDA ==
==========

CUDA Version 12.9.1

Container image Copyright (c) 2016-2023, NVIDIA CORPORATION & AFFILIATES. All rights reserved.

This container image and its contents are governed by the NVIDIA Deep Learning Container License.
By pulling and using the container, you accept the terms and conditions of this license:
https://developer.nvidia.com/ngc/nvidia-deep-learning-container-license

A copy of this license is made available in this container at /NGC-DL-CONTAINER-LICENSE for your convenience.

I20251226 01:34:42.706524     1 incremental_pipeline.cc:264] Loading database
I20251226 01:34:42.707823     1 database_cache.cc:67] Loading rigs...
I20251226 01:34:42.707870     1 database_cache.cc:77]  0 in 0.000s
I20251226 01:34:42.707877     1 database_cache.cc:85] Loading cameras...
I20251226 01:34:42.707890     1 database_cache.cc:103]  1 in 0.000s
I20251226 01:34:42.707893     1 database_cache.cc:111] Loading frames...
I20251226 01:34:42.707899     1 database_cache.cc:126]  0 in 0.000s
I20251226 01:34:42.707903     1 database_cache.cc:134] Loading matches...
I20251226 01:34:42.707914     1 database_cache.cc:139]  2 in 0.000s
I20251226 01:34:42.707918     1 database_cache.cc:155] Loading images...
I20251226 01:34:42.708027     1 database_cache.cc:239]  4 in 0.000s (connected 2)
I20251226 01:34:42.708050     1 database_cache.cc:250] Building correspondence graph...
I20251226 01:34:42.708082     1 database_cache.cc:277]  in 0.000s (ignored 1)
I20251226 01:34:42.708276     1 timer.cc:90] Elapsed time: 0.000 [minutes]
I20251226 01:34:42.708334     1 incremental_pipeline.cc:311] Finding good initial image pair
I20251226 01:34:42.712920     1 incremental_pipeline.cc:335] Registering initial image pair #3 and #4
I20251226 01:34:42.713240     1 incremental_pipeline.cc:349] Global bundle adjustment
I20251226 01:34:42.868956     1 incremental_pipeline.cc:597] Keeping successful reconstruction
I20251226 01:34:42.870069     1 timer.cc:90] Elapsed time: 0.003 [minutes]
+ docker run --rm --gpus all -v /home/shamika/documents/prog_workspace/ml_imc25/ImageMatchingChallenge2025:/workspace -w /workspace colmap/colmap:latest colmap image_undistorter --image_path outputs/amy_gardens_cluster_0006/images --input_path outputs/amy_gardens_cluster_0006/sparse/0 --output_path outputs/amy_gardens_cluster_0006/dense --output_type COLMAP

==========
== CUDA ==
==========

CUDA Version 12.9.1

Container image Copyright (c) 2016-2023, NVIDIA CORPORATION & AFFILIATES. All rights reserved.

This container image and its contents are governed by the NVIDIA Deep Learning Container License.
By pulling and using the container, you accept the terms and conditions of this license:
https://developer.nvidia.com/ngc/nvidia-deep-learning-container-license

A copy of this license is made available in this container at /NGC-DL-CONTAINER-LICENSE for your convenience.

I20251226 01:34:46.263285     1 misc.cc:44] 
==============================================================================
Reading reconstruction
==============================================================================
I20251226 01:34:46.263584     1 image.cc:374] => Reconstruction with 2 images and 49 points
I20251226 01:34:46.288661     1 misc.cc:44] 
==============================================================================
Image undistortion
==============================================================================
I20251226 01:34:46.291651     1 undistortion.cc:197] Undistorting image [1/2]
I20251226 01:34:46.530611     1 undistortion.cc:197] Undistorting image [2/2]
I20251226 01:34:46.530680     1 undistortion.cc:207] Writing reconstruction...
I20251226 01:34:46.531538     1 undistortion.cc:212] Writing configuration...
I20251226 01:34:46.531605     1 undistortion.cc:216] Writing scripts...
I20251226 01:34:46.531687     1 timer.cc:90] Elapsed time: 0.004 [minutes]
+ docker run --rm --gpus all -v /home/shamika/documents/prog_workspace/ml_imc25/ImageMatchingChallenge2025:/workspace -w /workspace colmap/colmap:latest colmap patch_match_stereo --workspace_path outputs/amy_gardens_cluster_0006/dense --workspace_format COLMAP --PatchMatchStereo.geom_consistency true --PatchMatchStereo.gpu_index 0

==========
== CUDA ==
==========

CUDA Version 12.9.1

Container image Copyright (c) 2016-2023, NVIDIA CORPORATION & AFFILIATES. All rights reserved.

This container image and its contents are governed by the NVIDIA Deep Learning Container License.
By pulling and using the container, you accept the terms and conditions of this license:
https://developer.nvidia.com/ngc/nvidia-deep-learning-container-license

A copy of this license is made available in this container at /NGC-DL-CONTAINER-LICENSE for your convenience.

I20251226 01:34:49.974185     1 patch_match.cc:205] Reading workspace...
I20251226 01:34:49.974570     1 patch_match.cc:235] Reading configuration...
I20251226 01:34:49.974634     1 patch_match.cc:366] Configuration has 2 problems...
I20251226 01:34:49.974879    25 misc.cc:44] 
==============================================================================
Processing view 1 / 2 for peach_0098.png
==============================================================================
I20251226 01:34:49.974910    25 patch_match.cc:461] Reading inputs...
I20251226 01:34:50.006458    25 misc.cc:51] 
PatchMatch::Problem
-------------------
I20251226 01:34:50.006512    25 patch_match.cc:54] ref_image_idx: 0
I20251226 01:34:50.006520    25 patch_match.cc:55] src_image_idxs: 
I20251226 01:34:50.006522    25 patch_match.cc:60] 1
I20251226 01:34:50.006526    25 misc.cc:51] 
PatchMatchOptions
-----------------
I20251226 01:34:50.006529    25 patch_match_options.cc:47] max_image_size: -1
I20251226 01:34:50.006541    25 patch_match_options.cc:48] gpu_index: 0
I20251226 01:34:50.006543    25 patch_match_options.cc:49] depth_min: 56.765
I20251226 01:34:50.006570    25 patch_match_options.cc:50] depth_max: 114.368
I20251226 01:34:50.006574    25 patch_match_options.cc:51] window_radius: 5
I20251226 01:34:50.006577    25 patch_match_options.cc:52] window_step: 1
I20251226 01:34:50.006579    25 patch_match_options.cc:53] sigma_spatial: 5
I20251226 01:34:50.006583    25 patch_match_options.cc:54] sigma_color: 0.2
I20251226 01:34:50.006587    25 patch_match_options.cc:55] num_samples: 15
I20251226 01:34:50.006590    25 patch_match_options.cc:56] ncc_sigma: 0.6
I20251226 01:34:50.006596    25 patch_match_options.cc:57] min_triangulation_angle: 1
I20251226 01:34:50.006600    25 patch_match_options.cc:58] incident_angle_sigma: 0.9
I20251226 01:34:50.006615    25 patch_match_options.cc:59] num_iterations: 5
I20251226 01:34:50.006620    25 patch_match_options.cc:60] geom_consistency: 0
I20251226 01:34:50.006624    25 patch_match_options.cc:61] geom_consistency_regularizer: 0.3
I20251226 01:34:50.006628    25 patch_match_options.cc:62] geom_consistency_max_cost: 3
I20251226 01:34:50.006631    25 patch_match_options.cc:63] filter: 0
I20251226 01:34:50.006634    25 patch_match_options.cc:64] filter_min_ncc: 0.1
I20251226 01:34:50.006639    25 patch_match_options.cc:65] filter_min_triangulation_angle: 3
I20251226 01:34:50.006644    25 patch_match_options.cc:66] filter_min_num_consistent: 1
I20251226 01:34:50.006647    25 patch_match_options.cc:67] filter_geom_consistency_max_cost: 1
I20251226 01:34:50.006850    25 patch_match_options.cc:68] write_consistency_graph: 0
I20251226 01:34:50.006989    25 patch_match_options.cc:69] allow_missing_files: 0
I20251226 01:34:50.007053    25 misc.cc:51] 
PatchMatch::Run
---------------
I20251226 01:35:34.475793    25 cudacc.cc:51] Initialization: 0.0557s
I20251226 01:35:34.968169    25 cudacc.cc:51]  Sweep 1: 0.4896s
I20251226 01:35:35.181020    25 cudacc.cc:51]  Sweep 2: 0.2124s
I20251226 01:35:35.436721    25 cudacc.cc:51]  Sweep 3: 0.2552s
I20251226 01:35:35.648208    25 cudacc.cc:51]  Sweep 4: 0.2110s
I20251226 01:35:35.648300    25 cudacc.cc:51] Iteration 1: 1.1686s
I20251226 01:35:35.903204    25 cudacc.cc:51]  Sweep 1: 0.2544s
I20251226 01:35:36.113781    25 cudacc.cc:51]  Sweep 2: 0.2101s
I20251226 01:35:36.367883    25 cudacc.cc:51]  Sweep 3: 0.2535s
I20251226 01:35:36.576032    25 cudacc.cc:51]  Sweep 4: 0.2076s
I20251226 01:35:36.576169    25 cudacc.cc:51] Iteration 2: 0.9261s
I20251226 01:35:36.827909    25 cudacc.cc:51]  Sweep 1: 0.2512s
I20251226 01:35:37.034629    25 cudacc.cc:51]  Sweep 2: 0.2062s
I20251226 01:35:37.286877    25 cudacc.cc:51]  Sweep 3: 0.2516s
I20251226 01:35:37.488391    25 cudacc.cc:51]  Sweep 4: 0.2010s
I20251226 01:35:37.488478    25 cudacc.cc:51] Iteration 3: 0.9106s
I20251226 01:35:37.736950    25 cudacc.cc:51]  Sweep 1: 0.2480s
I20251226 01:35:37.936295    25 cudacc.cc:51]  Sweep 2: 0.1989s
I20251226 01:35:38.184034    25 cudacc.cc:51]  Sweep 3: 0.2472s
I20251226 01:35:38.378674    25 cudacc.cc:51]  Sweep 4: 0.1942s
I20251226 01:35:38.378809    25 cudacc.cc:51] Iteration 4: 0.8886s
I20251226 01:35:38.623627    25 cudacc.cc:51]  Sweep 1: 0.2443s
I20251226 01:35:38.816241    25 cudacc.cc:51]  Sweep 2: 0.1921s
I20251226 01:35:39.059023    25 cudacc.cc:51]  Sweep 3: 0.2422s
I20251226 01:35:39.246523    25 cudacc.cc:51]  Sweep 4: 0.1870s
I20251226 01:35:39.246608    25 cudacc.cc:51] Iteration 5: 0.8661s
I20251226 01:35:39.246635    25 cudacc.cc:51] Total: 4.8180s
I20251226 01:35:39.246642    25 patch_match.cc:504] 
Writing photometric output for peach_0098.png
I20251226 01:35:39.412634    25 misc.cc:44] 
==============================================================================
Processing view 2 / 2 for peach_0152.png
==============================================================================
I20251226 01:35:39.412684    25 patch_match.cc:461] Reading inputs...
I20251226 01:35:39.413034    25 misc.cc:51] 
PatchMatch::Problem
-------------------
I20251226 01:35:39.413070    25 patch_match.cc:54] ref_image_idx: 1
I20251226 01:35:39.413084    25 patch_match.cc:55] src_image_idxs: 
I20251226 01:35:39.413086    25 patch_match.cc:60] 0
I20251226 01:35:39.413090    25 misc.cc:51] 
PatchMatchOptions
-----------------
I20251226 01:35:39.413093    25 patch_match_options.cc:47] max_image_size: -1
I20251226 01:35:39.413097    25 patch_match_options.cc:48] gpu_index: 0
I20251226 01:35:39.413101    25 patch_match_options.cc:49] depth_min: 57.4873
I20251226 01:35:39.413111    25 patch_match_options.cc:50] depth_max: 115.104
I20251226 01:35:39.413117    25 patch_match_options.cc:51] window_radius: 5
I20251226 01:35:39.413120    25 patch_match_options.cc:52] window_step: 1
I20251226 01:35:39.413137    25 patch_match_options.cc:53] sigma_spatial: 5
I20251226 01:35:39.413146    25 patch_match_options.cc:54] sigma_color: 0.2
I20251226 01:35:39.413177    25 patch_match_options.cc:55] num_samples: 15
I20251226 01:35:39.413183    25 patch_match_options.cc:56] ncc_sigma: 0.6
I20251226 01:35:39.413201    25 patch_match_options.cc:57] min_triangulation_angle: 1
I20251226 01:35:39.413208    25 patch_match_options.cc:58] incident_angle_sigma: 0.9
I20251226 01:35:39.413213    25 patch_match_options.cc:59] num_iterations: 5
I20251226 01:35:39.413216    25 patch_match_options.cc:60] geom_consistency: 0
I20251226 01:35:39.413219    25 patch_match_options.cc:61] geom_consistency_regularizer: 0.3
I20251226 01:35:39.413223    25 patch_match_options.cc:62] geom_consistency_max_cost: 3
I20251226 01:35:39.413241    25 patch_match_options.cc:63] filter: 0
I20251226 01:35:39.413247    25 patch_match_options.cc:64] filter_min_ncc: 0.1
I20251226 01:35:39.413252    25 patch_match_options.cc:65] filter_min_triangulation_angle: 3
I20251226 01:35:39.413256    25 patch_match_options.cc:66] filter_min_num_consistent: 1
I20251226 01:35:39.413259    25 patch_match_options.cc:67] filter_geom_consistency_max_cost: 1
I20251226 01:35:39.413262    25 patch_match_options.cc:68] write_consistency_graph: 0
I20251226 01:35:39.413268    25 patch_match_options.cc:69] allow_missing_files: 0
I20251226 01:35:39.413273    25 misc.cc:51] 
PatchMatch::Run
---------------
I20251226 01:35:39.427719    25 cudacc.cc:51] Initialization: 0.0060s
I20251226 01:35:39.695611    25 cudacc.cc:51]  Sweep 1: 0.2672s
I20251226 01:35:39.906515    25 cudacc.cc:51]  Sweep 2: 0.2104s
I20251226 01:35:40.161013    25 cudacc.cc:51]  Sweep 3: 0.2539s
I20251226 01:35:40.370208    25 cudacc.cc:51]  Sweep 4: 0.2087s
I20251226 01:35:40.370296    25 cudacc.cc:51] Iteration 1: 0.9406s
I20251226 01:35:40.621520    25 cudacc.cc:51]  Sweep 1: 0.2507s
I20251226 01:35:40.829221    25 cudacc.cc:51]  Sweep 2: 0.2071s
I20251226 01:35:41.080655    25 cudacc.cc:51]  Sweep 3: 0.2508s
I20251226 01:35:41.283936    25 cudacc.cc:51]  Sweep 4: 0.2028s
I20251226 01:35:41.284024    25 cudacc.cc:51] Iteration 2: 0.9119s
I20251226 01:35:41.534111    25 cudacc.cc:51]  Sweep 1: 0.2495s
I20251226 01:35:41.735785    25 cudacc.cc:51]  Sweep 2: 0.2012s
I20251226 01:35:41.985096    25 cudacc.cc:51]  Sweep 3: 0.2487s
I20251226 01:35:42.182202    25 cudacc.cc:51]  Sweep 4: 0.1966s
I20251226 01:35:42.182294    25 cudacc.cc:51] Iteration 3: 0.8964s
I20251226 01:35:42.430616    25 cudacc.cc:51]  Sweep 1: 0.2478s
I20251226 01:35:42.625346    25 cudacc.cc:51]  Sweep 2: 0.1942s
I20251226 01:35:42.871592    25 cudacc.cc:51]  Sweep 3: 0.2456s
I20251226 01:35:43.060019    25 cudacc.cc:51]  Sweep 4: 0.1879s
I20251226 01:35:43.060160    25 cudacc.cc:51] Iteration 4: 0.8760s
I20251226 01:35:43.304265    25 cudacc.cc:51]  Sweep 1: 0.2435s
I20251226 01:35:43.489655    25 cudacc.cc:51]  Sweep 2: 0.1849s
I20251226 01:35:43.731348    25 cudacc.cc:51]  Sweep 3: 0.2411s
I20251226 01:35:43.911352    25 cudacc.cc:51]  Sweep 4: 0.1795s
I20251226 01:35:43.911450    25 cudacc.cc:51] Iteration 5: 0.8494s
I20251226 01:35:43.911477    25 cudacc.cc:51] Total: 4.4806s
I20251226 01:35:43.911484    25 patch_match.cc:504] 
Writing photometric output for peach_0152.png
I20251226 01:35:43.967842    25 misc.cc:44] 
==============================================================================
Processing view 1 / 2 for peach_0098.png
==============================================================================
I20251226 01:35:43.967901    25 patch_match.cc:461] Reading inputs...
I20251226 01:35:44.041530    25 misc.cc:51] 
PatchMatch::Problem
-------------------
I20251226 01:35:44.041590    25 patch_match.cc:54] ref_image_idx: 0
I20251226 01:35:44.041597    25 patch_match.cc:55] src_image_idxs: 
I20251226 01:35:44.041600    25 patch_match.cc:60] 1
I20251226 01:35:44.041604    25 misc.cc:51] 
PatchMatchOptions
-----------------
I20251226 01:35:44.041607    25 patch_match_options.cc:47] max_image_size: -1
I20251226 01:35:44.041611    25 patch_match_options.cc:48] gpu_index: 0
I20251226 01:35:44.041613    25 patch_match_options.cc:49] depth_min: 56.765
I20251226 01:35:44.041626    25 patch_match_options.cc:50] depth_max: 114.368
I20251226 01:35:44.041630    25 patch_match_options.cc:51] window_radius: 5
I20251226 01:35:44.041633    25 patch_match_options.cc:52] window_step: 1
I20251226 01:35:44.041635    25 patch_match_options.cc:53] sigma_spatial: 5
I20251226 01:35:44.041638    25 patch_match_options.cc:54] sigma_color: 0.2
I20251226 01:35:44.041642    25 patch_match_options.cc:55] num_samples: 15
I20251226 01:35:44.041646    25 patch_match_options.cc:56] ncc_sigma: 0.6
I20251226 01:35:44.041649    25 patch_match_options.cc:57] min_triangulation_angle: 1
I20251226 01:35:44.041652    25 patch_match_options.cc:58] incident_angle_sigma: 0.9
I20251226 01:35:44.041656    25 patch_match_options.cc:59] num_iterations: 5
I20251226 01:35:44.041658    25 patch_match_options.cc:60] geom_consistency: 1
I20251226 01:35:44.041661    25 patch_match_options.cc:61] geom_consistency_regularizer: 0.3
I20251226 01:35:44.041664    25 patch_match_options.cc:62] geom_consistency_max_cost: 3
I20251226 01:35:44.041667    25 patch_match_options.cc:63] filter: 1
I20251226 01:35:44.041671    25 patch_match_options.cc:64] filter_min_ncc: 0.1
I20251226 01:35:44.041673    25 patch_match_options.cc:65] filter_min_triangulation_angle: 3
I20251226 01:35:44.041676    25 patch_match_options.cc:66] filter_min_num_consistent: 1
I20251226 01:35:44.041683    25 patch_match_options.cc:67] filter_geom_consistency_max_cost: 1
I20251226 01:35:44.041687    25 patch_match_options.cc:68] write_consistency_graph: 0
I20251226 01:35:44.041692    25 patch_match_options.cc:69] allow_missing_files: 0
I20251226 01:35:44.041695    25 misc.cc:51] 
PatchMatch::Run
---------------
I20251226 01:35:44.058120    25 cudacc.cc:51] Initialization: 0.0059s
I20251226 01:35:44.401775    25 cudacc.cc:51]  Sweep 1: 0.3428s
I20251226 01:35:44.675417    25 cudacc.cc:51]  Sweep 2: 0.2730s
I20251226 01:35:45.011708    25 cudacc.cc:51]  Sweep 3: 0.3355s
I20251226 01:35:45.285080    25 cudacc.cc:51]  Sweep 4: 0.2727s
I20251226 01:35:45.285166    25 cudacc.cc:51] Iteration 1: 1.2243s
I20251226 01:35:45.620083    25 cudacc.cc:51]  Sweep 1: 0.3342s
I20251226 01:35:45.892892    25 cudacc.cc:51]  Sweep 2: 0.2721s
I20251226 01:35:46.224972    25 cudacc.cc:51]  Sweep 3: 0.3313s
I20251226 01:35:46.495971    25 cudacc.cc:51]  Sweep 4: 0.2703s
I20251226 01:35:46.496078    25 cudacc.cc:51] Iteration 2: 1.2083s
I20251226 01:35:46.825806    25 cudacc.cc:51]  Sweep 1: 0.3290s
I20251226 01:35:47.094086    25 cudacc.cc:51]  Sweep 2: 0.2676s
I20251226 01:35:47.421759    25 cudacc.cc:51]  Sweep 3: 0.3269s
I20251226 01:35:47.684537    25 cudacc.cc:51]  Sweep 4: 0.2621s
I20251226 01:35:47.684648    25 cudacc.cc:51] Iteration 3: 1.1859s
I20251226 01:35:48.008605    25 cudacc.cc:51]  Sweep 1: 0.3232s
I20251226 01:35:48.269670    25 cudacc.cc:51]  Sweep 2: 0.2604s
I20251226 01:35:48.590299    25 cudacc.cc:51]  Sweep 3: 0.3198s
I20251226 01:35:48.846978    25 cudacc.cc:51]  Sweep 4: 0.2560s
I20251226 01:35:48.847071    25 cudacc.cc:51] Iteration 4: 1.1598s
I20251226 01:35:49.128881    25 cudacc.cc:51]  Sweep 1: 0.3154s
I20251226 01:35:49.381742    25 cudacc.cc:51]  Sweep 2: 0.2522s
I20251226 01:35:49.695524    25 cudacc.cc:51]  Sweep 3: 0.3130s
I20251226 01:35:49.949062    25 cudacc.cc:51]  Sweep 4: 0.2529s
I20251226 01:35:49.949186    25 cudacc.cc:51] Iteration 5: 1.1339s
I20251226 01:35:49.949247    25 cudacc.cc:51] Total: 5.9186s
I20251226 01:35:49.949282    25 patch_match.cc:504] 
Writing geometric output for peach_0098.png
I20251226 01:35:50.014225    25 misc.cc:44] 
==============================================================================
Processing view 2 / 2 for peach_0152.png
==============================================================================
I20251226 01:35:50.014283    25 patch_match.cc:461] Reading inputs...
I20251226 01:35:50.017194    25 misc.cc:51] 
PatchMatch::Problem
-------------------
I20251226 01:35:50.017251    25 patch_match.cc:54] ref_image_idx: 1
I20251226 01:35:50.017258    25 patch_match.cc:55] src_image_idxs: 
I20251226 01:35:50.017261    25 patch_match.cc:60] 0
I20251226 01:35:50.017266    25 misc.cc:51] 
PatchMatchOptions
-----------------
I20251226 01:35:50.017270    25 patch_match_options.cc:47] max_image_size: -1
I20251226 01:35:50.017274    25 patch_match_options.cc:48] gpu_index: 0
I20251226 01:35:50.017277    25 patch_match_options.cc:49] depth_min: 57.4873
I20251226 01:35:50.017288    25 patch_match_options.cc:50] depth_max: 115.104
I20251226 01:35:50.017293    25 patch_match_options.cc:51] window_radius: 5
I20251226 01:35:50.017297    25 patch_match_options.cc:52] window_step: 1
I20251226 01:35:50.017304    25 patch_match_options.cc:53] sigma_spatial: 5
I20251226 01:35:50.017308    25 patch_match_options.cc:54] sigma_color: 0.2
I20251226 01:35:50.017313    25 patch_match_options.cc:55] num_samples: 15
I20251226 01:35:50.017316    25 patch_match_options.cc:56] ncc_sigma: 0.6
I20251226 01:35:50.017319    25 patch_match_options.cc:57] min_triangulation_angle: 1
I20251226 01:35:50.017323    25 patch_match_options.cc:58] incident_angle_sigma: 0.9
I20251226 01:35:50.017328    25 patch_match_options.cc:59] num_iterations: 5
I20251226 01:35:50.017331    25 patch_match_options.cc:60] geom_consistency: 1
I20251226 01:35:50.017334    25 patch_match_options.cc:61] geom_consistency_regularizer: 0.3
I20251226 01:35:50.017338    25 patch_match_options.cc:62] geom_consistency_max_cost: 3
I20251226 01:35:50.017342    25 patch_match_options.cc:63] filter: 1
I20251226 01:35:50.017349    25 patch_match_options.cc:64] filter_min_ncc: 0.1
I20251226 01:35:50.017352    25 patch_match_options.cc:65] filter_min_triangulation_angle: 3
I20251226 01:35:50.017356    25 patch_match_options.cc:66] filter_min_num_consistent: 1
I20251226 01:35:50.017360    25 patch_match_options.cc:67] filter_geom_consistency_max_cost: 1
I20251226 01:35:50.017364    25 patch_match_options.cc:68] write_consistency_graph: 0
I20251226 01:35:50.017369    25 patch_match_options.cc:69] allow_missing_files: 0
I20251226 01:35:50.017374    25 misc.cc:51] 
PatchMatch::Run
---------------
I20251226 01:35:50.035509    25 cudacc.cc:51] Initialization: 0.0057s
I20251226 01:35:50.367292    25 cudacc.cc:51]  Sweep 1: 0.3323s
I20251226 01:35:50.630451    25 cudacc.cc:51]  Sweep 2: 0.2636s
I20251226 01:35:50.955633    25 cudacc.cc:51]  Sweep 3: 0.3257s
I20251226 01:35:51.216527    25 cudacc.cc:51]  Sweep 4: 0.2612s
I20251226 01:35:51.216615    25 cudacc.cc:51] Iteration 1: 1.1834s
I20251226 01:35:51.536015    25 cudacc.cc:51]  Sweep 1: 0.3199s
I20251226 01:35:51.797839    25 cudacc.cc:51]  Sweep 2: 0.2622s
I20251226 01:35:52.118214    25 cudacc.cc:51]  Sweep 3: 0.3207s
I20251226 01:35:52.377662    25 cudacc.cc:51]  Sweep 4: 0.2596s
I20251226 01:35:52.377787    25 cudacc.cc:51] Iteration 2: 1.1628s
I20251226 01:35:52.693706    25 cudacc.cc:51]  Sweep 1: 0.3162s
I20251226 01:35:52.950938    25 cudacc.cc:51]  Sweep 2: 0.2574s
I20251226 01:35:53.267335    25 cudacc.cc:51]  Sweep 3: 0.3165s
I20251226 01:35:53.518225    25 cudacc.cc:51]  Sweep 4: 0.2510s
I20251226 01:35:53.518322    25 cudacc.cc:51] Iteration 3: 1.1416s
I20251226 01:35:53.829705    25 cudacc.cc:51]  Sweep 1: 0.3115s
I20251226 01:35:54.079326    25 cudacc.cc:51]  Sweep 2: 0.2497s
I20251226 01:35:54.390198    25 cudacc.cc:51]  Sweep 3: 0.3109s
I20251226 01:35:54.634012    25 cudacc.cc:51]  Sweep 4: 0.2438s
I20251226 01:35:54.634109    25 cudacc.cc:51] Iteration 4: 1.1163s
I20251226 01:35:54.939751    25 cudacc.cc:51]  Sweep 1: 0.3057s
I20251226 01:35:55.180954    25 cudacc.cc:51]  Sweep 2: 0.2411s
I20251226 01:35:55.485181    25 cudacc.cc:51]  Sweep 3: 0.3041s
I20251226 01:35:55.725296    25 cudacc.cc:51]  Sweep 4: 0.2400s
I20251226 01:35:55.725387    25 cudacc.cc:51] Iteration 5: 1.0914s
I20251226 01:35:55.725414    25 cudacc.cc:51] Total: 5.7016s
I20251226 01:35:55.725419    25 patch_match.cc:504] 
Writing geometric output for peach_0152.png
I20251226 01:35:55.783234     1 timer.cc:90] Elapsed time: 1.097 [minutes]
+ docker run --rm --gpus all -v /home/shamika/documents/prog_workspace/ml_imc25/ImageMatchingChallenge2025:/workspace -w /workspace colmap/colmap:latest colmap stereo_fusion --workspace_path outputs/amy_gardens_cluster_0006/dense --workspace_format COLMAP --input_type geometric --output_path outputs/amy_gardens_cluster_0006/dense_points.ply

==========
== CUDA ==
==========

CUDA Version 12.9.1

Container image Copyright (c) 2016-2023, NVIDIA CORPORATION & AFFILIATES. All rights reserved.

This container image and its contents are governed by the NVIDIA Deep Learning Container License.
By pulling and using the container, you accept the terms and conditions of this license:
https://developer.nvidia.com/ngc/nvidia-deep-learning-container-license

A copy of this license is made available in this container at /NGC-DL-CONTAINER-LICENSE for your convenience.

I20251226 01:35:59.565184     1 misc.cc:51] 
StereoFusion::Options
---------------------
I20251226 01:35:59.565275     1 fusion.cc:77] mask_path: 
I20251226 01:35:59.565284     1 fusion.cc:78] max_image_size: -1
I20251226 01:35:59.565287     1 fusion.cc:79] min_num_pixels: 5
I20251226 01:35:59.565290     1 fusion.cc:80] max_num_pixels: 10000
I20251226 01:35:59.565294     1 fusion.cc:81] max_traversal_depth: 100
I20251226 01:35:59.565296     1 fusion.cc:82] max_reproj_error: 2
I20251226 01:35:59.565308     1 fusion.cc:83] max_depth_error: 0.01
I20251226 01:35:59.565312     1 fusion.cc:84] max_normal_error: 10
I20251226 01:35:59.565315     1 fusion.cc:85] check_num_images: 50
I20251226 01:35:59.565318     1 fusion.cc:86] use_cache: 0
I20251226 01:35:59.565323     1 fusion.cc:87] cache_size: 32
I20251226 01:35:59.565326     1 fusion.cc:90] bbox_min: -3.40282e+38 -3.40282e+38 -3.40282e+38
I20251226 01:35:59.565333     1 fusion.cc:91] bbox_max: 3.40282e+38 3.40282e+38 3.40282e+38
I20251226 01:35:59.565338     1 fusion.cc:141] Reading workspace...
I20251226 01:35:59.615007     1 workspace.cc:98] Loading workspace data with 16 threads...
I20251226 01:35:59.735404     1 timer.cc:90] Elapsed time: 0.002 [minutes]
I20251226 01:35:59.736222     1 fusion.cc:176] Reading configuration...
I20251226 01:35:59.737022     1 fusion.cc:244] Starting fusion with 16 threads
I20251226 01:35:59.738751     1 fusion.cc:280] Fusing image [1/2] with index 0
I20251226 01:35:59.935665     1 fusion.cc:307]  in 0.197s (118 points)
I20251226 01:35:59.939149     1 fusion.cc:280] Fusing image [2/2] with index 1
I20251226 01:36:00.122246     1 fusion.cc:307]  in 0.183s (118 points)
I20251226 01:36:00.125655     1 fusion.cc:334] Number of fused points: 118
I20251226 01:36:00.125677     1 timer.cc:90] Elapsed time: 0.009 [minutes]
I20251226 01:36:00.126482     1 mvs.cc:211] Writing output: outputs/amy_gardens_cluster_0006/dense_points.ply
[ok] amy_gardens/cluster_0006: wrote outputs/amy_gardens_cluster_0006/dense_points.ply
[cluster] 10/18: amy_gardens/cluster_0007
[run] amy_gardens/cluster_0007: images=4 matcher=diffusion
[diffusion] using preloaded model on device=cuda
[diffusion] image 1/4: peach_0025.png
[diffusion] cache hit: peach_0025.png
[diffusion] image 2/4: peach_0042.png
[diffusion] cache hit: peach_0042.png
[diffusion] image 3/4: peach_0103.png
[diffusion] cache hit: peach_0103.png
[diffusion] image 4/4: peach_0188.png
[diffusion] cache hit: peach_0188.png
[diffusion] matching pairs=6 (RANSAC)...
[diffusion] pair 1/6: peach_0025.png ↔ peach_0042.png (no F)
[diffusion] pair 2/6: peach_0025.png ↔ peach_0103.png (inliers=10)
[diffusion] pair 3/6: peach_0025.png ↔ peach_0188.png (no F)
[diffusion] pair 4/6: peach_0042.png ↔ peach_0103.png (no F)
[diffusion] pair 5/6: peach_0042.png ↔ peach_0188.png (no F)
[diffusion] pair 6/6: peach_0103.png ↔ peach_0188.png (inliers=19)
[ok] wrote outputs/amy_gardens_cluster_0007/colmap_diffusion.db (images=4 pairs=6 good_pairs=2, min_inliers=8)
+ docker run --rm --gpus all -v /home/shamika/documents/prog_workspace/ml_imc25/ImageMatchingChallenge2025:/workspace -w /workspace colmap/colmap:latest colmap mapper --database_path outputs/amy_gardens_cluster_0007/colmap_diffusion.db --image_path outputs/amy_gardens_cluster_0007/images --output_path outputs/amy_gardens_cluster_0007/sparse --Mapper.ba_refine_principal_point 0 --Mapper.min_model_size 2 --Mapper.init_min_num_inliers 8 --Mapper.init_min_tri_angle 0.5 --Mapper.tri_min_angle 0.05 --Mapper.filter_min_tri_angle 0.05 --Mapper.tri_ignore_two_view_tracks 0

==========
== CUDA ==
==========

CUDA Version 12.9.1

Container image Copyright (c) 2016-2023, NVIDIA CORPORATION & AFFILIATES. All rights reserved.

This container image and its contents are governed by the NVIDIA Deep Learning Container License.
By pulling and using the container, you accept the terms and conditions of this license:
https://developer.nvidia.com/ngc/nvidia-deep-learning-container-license

A copy of this license is made available in this container at /NGC-DL-CONTAINER-LICENSE for your convenience.

I20251226 01:36:06.793319     1 incremental_pipeline.cc:264] Loading database
I20251226 01:36:06.833575     1 database_cache.cc:67] Loading rigs...
I20251226 01:36:06.833629     1 database_cache.cc:77]  0 in 0.000s
I20251226 01:36:06.833639     1 database_cache.cc:85] Loading cameras...
I20251226 01:36:06.833670     1 database_cache.cc:103]  1 in 0.000s
I20251226 01:36:06.833674     1 database_cache.cc:111] Loading frames...
I20251226 01:36:06.833680     1 database_cache.cc:126]  0 in 0.000s
I20251226 01:36:06.833683     1 database_cache.cc:134] Loading matches...
I20251226 01:36:06.833694     1 database_cache.cc:139]  2 in 0.000s
I20251226 01:36:06.833698     1 database_cache.cc:155] Loading images...
I20251226 01:36:06.833904     1 database_cache.cc:239]  4 in 0.000s (connected 2)
I20251226 01:36:06.833928     1 database_cache.cc:250] Building correspondence graph...
I20251226 01:36:06.833958     1 database_cache.cc:277]  in 0.000s (ignored 1)
I20251226 01:36:06.834182     1 timer.cc:90] Elapsed time: 0.001 [minutes]
I20251226 01:36:06.834241     1 incremental_pipeline.cc:311] Finding good initial image pair
I20251226 01:36:06.837906     1 incremental_pipeline.cc:315] => No good initial image pair found.
I20251226 01:36:06.837942     1 incremental_pipeline.cc:559] Discarding reconstruction due to no initial pair
I20251226 01:36:06.837957     1 incremental_pipeline.cc:245] => Relaxing the initialization constraints.
I20251226 01:36:06.837980     1 incremental_pipeline.cc:311] Finding good initial image pair
I20251226 01:36:06.840960     1 incremental_pipeline.cc:315] => No good initial image pair found.
I20251226 01:36:06.840986     1 incremental_pipeline.cc:559] Discarding reconstruction due to no initial pair
I20251226 01:36:06.840996     1 incremental_pipeline.cc:254] => Relaxing the initialization constraints.
I20251226 01:36:06.841012     1 incremental_pipeline.cc:311] Finding good initial image pair
I20251226 01:36:06.843938     1 incremental_pipeline.cc:315] => No good initial image pair found.
I20251226 01:36:06.843972     1 incremental_pipeline.cc:559] Discarding reconstruction due to no initial pair
I20251226 01:36:06.843984     1 incremental_pipeline.cc:245] => Relaxing the initialization constraints.
I20251226 01:36:06.844002     1 incremental_pipeline.cc:311] Finding good initial image pair
I20251226 01:36:06.847334     1 incremental_pipeline.cc:315] => No good initial image pair found.
I20251226 01:36:06.847376     1 incremental_pipeline.cc:559] Discarding reconstruction due to no initial pair
I20251226 01:36:06.847393     1 incremental_pipeline.cc:254] => Relaxing the initialization constraints.
I20251226 01:36:06.847415     1 incremental_pipeline.cc:311] Finding good initial image pair
I20251226 01:36:06.850419     1 incremental_pipeline.cc:315] => No good initial image pair found.
I20251226 01:36:06.850453     1 incremental_pipeline.cc:559] Discarding reconstruction due to no initial pair
I20251226 01:36:06.850467     1 timer.cc:90] Elapsed time: 0.001 [minutes]
E20251226 01:36:06.850477     1 sfm.cc:278] failed to create sparse model
[retry] amy_gardens/cluster_0007: mapper attempt 2 (min_model_size=2, init_min_inliers=15, init_min_tri_angle=1.0, tri_min_angle=0.25, local_ba_min_tri_angle=0.25, tri_ignore_two_view_tracks=0)
+ docker run --rm --gpus all -v /home/shamika/documents/prog_workspace/ml_imc25/ImageMatchingChallenge2025:/workspace -w /workspace colmap/colmap:latest colmap mapper --database_path outputs/amy_gardens_cluster_0007/colmap_diffusion.db --image_path outputs/amy_gardens_cluster_0007/images --output_path outputs/amy_gardens_cluster_0007/sparse --Mapper.ba_refine_principal_point 0 --Mapper.min_model_size 2 --Mapper.init_min_num_inliers 15 --Mapper.init_min_tri_angle 1.0 --Mapper.tri_min_angle 0.25 --Mapper.filter_min_tri_angle 0.25 --Mapper.tri_ignore_two_view_tracks 0

==========
== CUDA ==
==========

CUDA Version 12.9.1

Container image Copyright (c) 2016-2023, NVIDIA CORPORATION & AFFILIATES. All rights reserved.

This container image and its contents are governed by the NVIDIA Deep Learning Container License.
By pulling and using the container, you accept the terms and conditions of this license:
https://developer.nvidia.com/ngc/nvidia-deep-learning-container-license

A copy of this license is made available in this container at /NGC-DL-CONTAINER-LICENSE for your convenience.

I20251226 01:36:10.715333     1 incremental_pipeline.cc:264] Loading database
I20251226 01:36:10.716574     1 database_cache.cc:67] Loading rigs...
I20251226 01:36:10.716612     1 database_cache.cc:77]  0 in 0.000s
I20251226 01:36:10.716621     1 database_cache.cc:85] Loading cameras...
I20251226 01:36:10.716632     1 database_cache.cc:103]  1 in 0.000s
I20251226 01:36:10.716636     1 database_cache.cc:111] Loading frames...
I20251226 01:36:10.716641     1 database_cache.cc:126]  0 in 0.000s
I20251226 01:36:10.716645     1 database_cache.cc:134] Loading matches...
I20251226 01:36:10.716656     1 database_cache.cc:139]  2 in 0.000s
I20251226 01:36:10.716672     1 database_cache.cc:155] Loading images...
I20251226 01:36:10.716784     1 database_cache.cc:239]  4 in 0.000s (connected 2)
I20251226 01:36:10.716804     1 database_cache.cc:250] Building correspondence graph...
I20251226 01:36:10.716825     1 database_cache.cc:277]  in 0.000s (ignored 1)
I20251226 01:36:10.716981     1 timer.cc:90] Elapsed time: 0.000 [minutes]
I20251226 01:36:10.717037     1 incremental_pipeline.cc:311] Finding good initial image pair
I20251226 01:36:10.720342     1 incremental_pipeline.cc:315] => No good initial image pair found.
I20251226 01:36:10.720373     1 incremental_pipeline.cc:559] Discarding reconstruction due to no initial pair
I20251226 01:36:10.720386     1 incremental_pipeline.cc:245] => Relaxing the initialization constraints.
I20251226 01:36:10.720407     1 incremental_pipeline.cc:311] Finding good initial image pair
I20251226 01:36:10.723739     1 incremental_pipeline.cc:315] => No good initial image pair found.
I20251226 01:36:10.723780     1 incremental_pipeline.cc:559] Discarding reconstruction due to no initial pair
I20251226 01:36:10.723795     1 incremental_pipeline.cc:254] => Relaxing the initialization constraints.
I20251226 01:36:10.723819     1 incremental_pipeline.cc:311] Finding good initial image pair
I20251226 01:36:10.727912     1 incremental_pipeline.cc:315] => No good initial image pair found.
I20251226 01:36:10.727957     1 incremental_pipeline.cc:559] Discarding reconstruction due to no initial pair
I20251226 01:36:10.727973     1 incremental_pipeline.cc:245] => Relaxing the initialization constraints.
I20251226 01:36:10.727999     1 incremental_pipeline.cc:311] Finding good initial image pair
I20251226 01:36:10.731712     1 incremental_pipeline.cc:315] => No good initial image pair found.
I20251226 01:36:10.731760     1 incremental_pipeline.cc:559] Discarding reconstruction due to no initial pair
I20251226 01:36:10.731776     1 incremental_pipeline.cc:254] => Relaxing the initialization constraints.
I20251226 01:36:10.731801     1 incremental_pipeline.cc:311] Finding good initial image pair
I20251226 01:36:10.734900     1 incremental_pipeline.cc:315] => No good initial image pair found.
I20251226 01:36:10.734937     1 incremental_pipeline.cc:559] Discarding reconstruction due to no initial pair
I20251226 01:36:10.734951     1 timer.cc:90] Elapsed time: 0.000 [minutes]
E20251226 01:36:10.734961     1 sfm.cc:278] failed to create sparse model
[retry] amy_gardens/cluster_0007: mapper attempt 3 (min_model_size=2, init_min_inliers=8, init_min_tri_angle=0.5, tri_min_angle=0.05, local_ba_min_tri_angle=0.05, tri_ignore_two_view_tracks=0)
+ docker run --rm --gpus all -v /home/shamika/documents/prog_workspace/ml_imc25/ImageMatchingChallenge2025:/workspace -w /workspace colmap/colmap:latest colmap mapper --database_path outputs/amy_gardens_cluster_0007/colmap_diffusion.db --image_path outputs/amy_gardens_cluster_0007/images --output_path outputs/amy_gardens_cluster_0007/sparse --Mapper.ba_refine_principal_point 0 --Mapper.min_model_size 2 --Mapper.init_min_num_inliers 8 --Mapper.init_min_tri_angle 0.5 --Mapper.tri_min_angle 0.05 --Mapper.filter_min_tri_angle 0.05 --Mapper.tri_ignore_two_view_tracks 0

==========
== CUDA ==
==========

CUDA Version 12.9.1

Container image Copyright (c) 2016-2023, NVIDIA CORPORATION & AFFILIATES. All rights reserved.

This container image and its contents are governed by the NVIDIA Deep Learning Container License.
By pulling and using the container, you accept the terms and conditions of this license:
https://developer.nvidia.com/ngc/nvidia-deep-learning-container-license

A copy of this license is made available in this container at /NGC-DL-CONTAINER-LICENSE for your convenience.

I20251226 01:36:15.189869     1 incremental_pipeline.cc:264] Loading database
I20251226 01:36:15.191226     1 database_cache.cc:67] Loading rigs...
I20251226 01:36:15.191286     1 database_cache.cc:77]  0 in 0.000s
I20251226 01:36:15.191298     1 database_cache.cc:85] Loading cameras...
I20251226 01:36:15.191314     1 database_cache.cc:103]  1 in 0.000s
I20251226 01:36:15.191319     1 database_cache.cc:111] Loading frames...
I20251226 01:36:15.191325     1 database_cache.cc:126]  0 in 0.000s
I20251226 01:36:15.191330     1 database_cache.cc:134] Loading matches...
I20251226 01:36:15.191342     1 database_cache.cc:139]  2 in 0.000s
I20251226 01:36:15.191360     1 database_cache.cc:155] Loading images...
I20251226 01:36:15.191484     1 database_cache.cc:239]  4 in 0.000s (connected 2)
I20251226 01:36:15.191511     1 database_cache.cc:250] Building correspondence graph...
I20251226 01:36:15.191545     1 database_cache.cc:277]  in 0.000s (ignored 1)
I20251226 01:36:15.191799     1 timer.cc:90] Elapsed time: 0.000 [minutes]
I20251226 01:36:15.191874     1 incremental_pipeline.cc:311] Finding good initial image pair
I20251226 01:36:15.195240     1 incremental_pipeline.cc:315] => No good initial image pair found.
I20251226 01:36:15.195279     1 incremental_pipeline.cc:559] Discarding reconstruction due to no initial pair
I20251226 01:36:15.195291     1 incremental_pipeline.cc:245] => Relaxing the initialization constraints.
I20251226 01:36:15.195309     1 incremental_pipeline.cc:311] Finding good initial image pair
I20251226 01:36:15.198621     1 incremental_pipeline.cc:315] => No good initial image pair found.
I20251226 01:36:15.198663     1 incremental_pipeline.cc:559] Discarding reconstruction due to no initial pair
I20251226 01:36:15.198679     1 incremental_pipeline.cc:254] => Relaxing the initialization constraints.
I20251226 01:36:15.198724     1 incremental_pipeline.cc:311] Finding good initial image pair
I20251226 01:36:15.202428     1 incremental_pipeline.cc:315] => No good initial image pair found.
I20251226 01:36:15.202464     1 incremental_pipeline.cc:559] Discarding reconstruction due to no initial pair
I20251226 01:36:15.202478     1 incremental_pipeline.cc:245] => Relaxing the initialization constraints.
I20251226 01:36:15.202499     1 incremental_pipeline.cc:311] Finding good initial image pair
I20251226 01:36:15.205543     1 incremental_pipeline.cc:315] => No good initial image pair found.
I20251226 01:36:15.205580     1 incremental_pipeline.cc:559] Discarding reconstruction due to no initial pair
I20251226 01:36:15.205595     1 incremental_pipeline.cc:254] => Relaxing the initialization constraints.
I20251226 01:36:15.205614     1 incremental_pipeline.cc:311] Finding good initial image pair
I20251226 01:36:15.208859     1 incremental_pipeline.cc:315] => No good initial image pair found.
I20251226 01:36:15.208902     1 incremental_pipeline.cc:559] Discarding reconstruction due to no initial pair
I20251226 01:36:15.208917     1 timer.cc:90] Elapsed time: 0.000 [minutes]
E20251226 01:36:15.208930     1 sfm.cc:278] failed to create sparse model
[fail] amy_gardens/cluster_0007: COLMAP mapper failed after 3 attempts
[cluster] 11/18: amy_gardens/cluster_0008
[run] amy_gardens/cluster_0008: images=4 matcher=diffusion
[diffusion] using preloaded model on device=cuda
[diffusion] image 1/4: peach_0050.png
[diffusion] cache hit: peach_0050.png
[diffusion] image 2/4: peach_0113.png
[diffusion] cache hit: peach_0113.png
[diffusion] image 3/4: peach_0136.png
[diffusion] cache hit: peach_0136.png
[diffusion] image 4/4: peach_0159.png
[diffusion] cache hit: peach_0159.png
[diffusion] matching pairs=6 (RANSAC)...
[diffusion] pair 1/6: peach_0050.png ↔ peach_0113.png (no F)
[diffusion] pair 2/6: peach_0050.png ↔ peach_0136.png (no F)
[diffusion] pair 3/6: peach_0050.png ↔ peach_0159.png (inliers=26)
[diffusion] pair 4/6: peach_0113.png ↔ peach_0136.png (inliers=10)
[diffusion] pair 5/6: peach_0113.png ↔ peach_0159.png (no F)
[diffusion] pair 6/6: peach_0136.png ↔ peach_0159.png (no F)
[ok] wrote outputs/amy_gardens_cluster_0008/colmap_diffusion.db (images=4 pairs=6 good_pairs=2, min_inliers=8)
+ docker run --rm --gpus all -v /home/shamika/documents/prog_workspace/ml_imc25/ImageMatchingChallenge2025:/workspace -w /workspace colmap/colmap:latest colmap mapper --database_path outputs/amy_gardens_cluster_0008/colmap_diffusion.db --image_path outputs/amy_gardens_cluster_0008/images --output_path outputs/amy_gardens_cluster_0008/sparse --Mapper.ba_refine_principal_point 0 --Mapper.min_model_size 2 --Mapper.init_min_num_inliers 8 --Mapper.init_min_tri_angle 0.5 --Mapper.tri_min_angle 0.05 --Mapper.filter_min_tri_angle 0.05 --Mapper.tri_ignore_two_view_tracks 0

==========
== CUDA ==
==========

CUDA Version 12.9.1

Container image Copyright (c) 2016-2023, NVIDIA CORPORATION & AFFILIATES. All rights reserved.

This container image and its contents are governed by the NVIDIA Deep Learning Container License.
By pulling and using the container, you accept the terms and conditions of this license:
https://developer.nvidia.com/ngc/nvidia-deep-learning-container-license

A copy of this license is made available in this container at /NGC-DL-CONTAINER-LICENSE for your convenience.

I20251226 01:36:22.256704     1 incremental_pipeline.cc:264] Loading database
I20251226 01:36:22.257912     1 database_cache.cc:67] Loading rigs...
I20251226 01:36:22.257956     1 database_cache.cc:77]  0 in 0.000s
I20251226 01:36:22.257965     1 database_cache.cc:85] Loading cameras...
I20251226 01:36:22.257977     1 database_cache.cc:103]  1 in 0.000s
I20251226 01:36:22.257982     1 database_cache.cc:111] Loading frames...
I20251226 01:36:22.257987     1 database_cache.cc:126]  0 in 0.000s
I20251226 01:36:22.257990     1 database_cache.cc:134] Loading matches...
I20251226 01:36:22.258001     1 database_cache.cc:139]  2 in 0.000s
I20251226 01:36:22.258005     1 database_cache.cc:155] Loading images...
I20251226 01:36:22.258108     1 database_cache.cc:239]  4 in 0.000s (connected 2)
I20251226 01:36:22.258131     1 database_cache.cc:250] Building correspondence graph...
I20251226 01:36:22.258157     1 database_cache.cc:277]  in 0.000s (ignored 1)
I20251226 01:36:22.258361     1 timer.cc:90] Elapsed time: 0.000 [minutes]
I20251226 01:36:22.258415     1 incremental_pipeline.cc:311] Finding good initial image pair
I20251226 01:36:22.262241     1 incremental_pipeline.cc:335] Registering initial image pair #1 and #4
I20251226 01:36:22.262413     1 incremental_pipeline.cc:349] Global bundle adjustment
I20251226 01:36:22.296739     1 incremental_pipeline.cc:569] Discarding reconstruction due to bad initial pair
I20251226 01:36:22.296825     1 incremental_pipeline.cc:311] Finding good initial image pair
I20251226 01:36:22.298918     1 incremental_pipeline.cc:315] => No good initial image pair found.
I20251226 01:36:22.298964     1 incremental_pipeline.cc:559] Discarding reconstruction due to no initial pair
I20251226 01:36:22.298981     1 incremental_pipeline.cc:245] => Relaxing the initialization constraints.
I20251226 01:36:22.299005     1 incremental_pipeline.cc:311] Finding good initial image pair
I20251226 01:36:22.302415     1 incremental_pipeline.cc:335] Registering initial image pair #1 and #4
I20251226 01:36:22.302561     1 incremental_pipeline.cc:349] Global bundle adjustment
I20251226 01:36:22.309679     1 incremental_pipeline.cc:569] Discarding reconstruction due to bad initial pair
I20251226 01:36:22.309793     1 incremental_pipeline.cc:311] Finding good initial image pair
I20251226 01:36:22.311949     1 incremental_pipeline.cc:315] => No good initial image pair found.
I20251226 01:36:22.311993     1 incremental_pipeline.cc:559] Discarding reconstruction due to no initial pair
I20251226 01:36:22.312011     1 incremental_pipeline.cc:254] => Relaxing the initialization constraints.
I20251226 01:36:22.312042     1 incremental_pipeline.cc:311] Finding good initial image pair
I20251226 01:36:22.315559     1 incremental_pipeline.cc:335] Registering initial image pair #1 and #4
I20251226 01:36:22.315708     1 incremental_pipeline.cc:349] Global bundle adjustment
I20251226 01:36:22.322564     1 incremental_pipeline.cc:569] Discarding reconstruction due to bad initial pair
I20251226 01:36:22.322680     1 incremental_pipeline.cc:311] Finding good initial image pair
I20251226 01:36:22.324365     1 incremental_pipeline.cc:315] => No good initial image pair found.
I20251226 01:36:22.324397     1 incremental_pipeline.cc:559] Discarding reconstruction due to no initial pair
I20251226 01:36:22.324411     1 incremental_pipeline.cc:245] => Relaxing the initialization constraints.
I20251226 01:36:22.324432     1 incremental_pipeline.cc:311] Finding good initial image pair
I20251226 01:36:22.328146     1 incremental_pipeline.cc:335] Registering initial image pair #1 and #4
I20251226 01:36:22.328377     1 incremental_pipeline.cc:349] Global bundle adjustment
I20251226 01:36:22.335908     1 incremental_pipeline.cc:569] Discarding reconstruction due to bad initial pair
I20251226 01:36:22.336036     1 incremental_pipeline.cc:311] Finding good initial image pair
I20251226 01:36:22.338299     1 incremental_pipeline.cc:315] => No good initial image pair found.
I20251226 01:36:22.338335     1 incremental_pipeline.cc:559] Discarding reconstruction due to no initial pair
I20251226 01:36:22.338351     1 incremental_pipeline.cc:254] => Relaxing the initialization constraints.
I20251226 01:36:22.338373     1 incremental_pipeline.cc:311] Finding good initial image pair
I20251226 01:36:22.342549     1 incremental_pipeline.cc:335] Registering initial image pair #1 and #4
I20251226 01:36:22.342867     1 incremental_pipeline.cc:349] Global bundle adjustment
I20251226 01:36:22.350884     1 incremental_pipeline.cc:569] Discarding reconstruction due to bad initial pair
I20251226 01:36:22.350980     1 incremental_pipeline.cc:311] Finding good initial image pair
I20251226 01:36:22.353030     1 incremental_pipeline.cc:315] => No good initial image pair found.
I20251226 01:36:22.353071     1 incremental_pipeline.cc:559] Discarding reconstruction due to no initial pair
I20251226 01:36:22.353092     1 timer.cc:90] Elapsed time: 0.002 [minutes]
E20251226 01:36:22.353103     1 sfm.cc:278] failed to create sparse model
[retry] amy_gardens/cluster_0008: mapper attempt 2 (min_model_size=2, init_min_inliers=15, init_min_tri_angle=1.0, tri_min_angle=0.25, local_ba_min_tri_angle=0.25, tri_ignore_two_view_tracks=0)
+ docker run --rm --gpus all -v /home/shamika/documents/prog_workspace/ml_imc25/ImageMatchingChallenge2025:/workspace -w /workspace colmap/colmap:latest colmap mapper --database_path outputs/amy_gardens_cluster_0008/colmap_diffusion.db --image_path outputs/amy_gardens_cluster_0008/images --output_path outputs/amy_gardens_cluster_0008/sparse --Mapper.ba_refine_principal_point 0 --Mapper.min_model_size 2 --Mapper.init_min_num_inliers 15 --Mapper.init_min_tri_angle 1.0 --Mapper.tri_min_angle 0.25 --Mapper.filter_min_tri_angle 0.25 --Mapper.tri_ignore_two_view_tracks 0

==========
== CUDA ==
==========

CUDA Version 12.9.1

Container image Copyright (c) 2016-2023, NVIDIA CORPORATION & AFFILIATES. All rights reserved.

This container image and its contents are governed by the NVIDIA Deep Learning Container License.
By pulling and using the container, you accept the terms and conditions of this license:
https://developer.nvidia.com/ngc/nvidia-deep-learning-container-license

A copy of this license is made available in this container at /NGC-DL-CONTAINER-LICENSE for your convenience.

I20251226 01:36:26.484253     1 incremental_pipeline.cc:264] Loading database
I20251226 01:36:26.485419     1 database_cache.cc:67] Loading rigs...
I20251226 01:36:26.485459     1 database_cache.cc:77]  0 in 0.000s
I20251226 01:36:26.485467     1 database_cache.cc:85] Loading cameras...
I20251226 01:36:26.485477     1 database_cache.cc:103]  1 in 0.000s
I20251226 01:36:26.485481     1 database_cache.cc:111] Loading frames...
I20251226 01:36:26.485487     1 database_cache.cc:126]  0 in 0.000s
I20251226 01:36:26.485491     1 database_cache.cc:134] Loading matches...
I20251226 01:36:26.485502     1 database_cache.cc:139]  2 in 0.000s
I20251226 01:36:26.485504     1 database_cache.cc:155] Loading images...
I20251226 01:36:26.485601     1 database_cache.cc:239]  4 in 0.000s (connected 2)
I20251226 01:36:26.485625     1 database_cache.cc:250] Building correspondence graph...
I20251226 01:36:26.485662     1 database_cache.cc:277]  in 0.000s (ignored 1)
I20251226 01:36:26.485870     1 timer.cc:90] Elapsed time: 0.000 [minutes]
I20251226 01:36:26.485924     1 incremental_pipeline.cc:311] Finding good initial image pair
I20251226 01:36:26.489593     1 incremental_pipeline.cc:335] Registering initial image pair #1 and #4
I20251226 01:36:26.489748     1 incremental_pipeline.cc:349] Global bundle adjustment
I20251226 01:36:26.496773     1 incremental_pipeline.cc:569] Discarding reconstruction due to bad initial pair
I20251226 01:36:26.496881     1 incremental_pipeline.cc:311] Finding good initial image pair
I20251226 01:36:26.498873     1 incremental_pipeline.cc:315] => No good initial image pair found.
I20251226 01:36:26.498910     1 incremental_pipeline.cc:559] Discarding reconstruction due to no initial pair
I20251226 01:36:26.498924     1 incremental_pipeline.cc:245] => Relaxing the initialization constraints.
I20251226 01:36:26.498967     1 incremental_pipeline.cc:311] Finding good initial image pair
I20251226 01:36:26.502461     1 incremental_pipeline.cc:335] Registering initial image pair #1 and #4
I20251226 01:36:26.502657     1 incremental_pipeline.cc:349] Global bundle adjustment
I20251226 01:36:26.509872     1 incremental_pipeline.cc:569] Discarding reconstruction due to bad initial pair
I20251226 01:36:26.510052     1 incremental_pipeline.cc:311] Finding good initial image pair
I20251226 01:36:26.512200     1 incremental_pipeline.cc:315] => No good initial image pair found.
I20251226 01:36:26.512253     1 incremental_pipeline.cc:559] Discarding reconstruction due to no initial pair
I20251226 01:36:26.512269     1 incremental_pipeline.cc:254] => Relaxing the initialization constraints.
I20251226 01:36:26.512295     1 incremental_pipeline.cc:311] Finding good initial image pair
I20251226 01:36:26.515594     1 incremental_pipeline.cc:335] Registering initial image pair #1 and #4
I20251226 01:36:26.515738     1 incremental_pipeline.cc:349] Global bundle adjustment
I20251226 01:36:26.524137     1 incremental_pipeline.cc:569] Discarding reconstruction due to bad initial pair
I20251226 01:36:26.524372     1 incremental_pipeline.cc:311] Finding good initial image pair
I20251226 01:36:26.526626     1 incremental_pipeline.cc:315] => No good initial image pair found.
I20251226 01:36:26.526674     1 incremental_pipeline.cc:559] Discarding reconstruction due to no initial pair
I20251226 01:36:26.526691     1 incremental_pipeline.cc:245] => Relaxing the initialization constraints.
I20251226 01:36:26.526718     1 incremental_pipeline.cc:311] Finding good initial image pair
I20251226 01:36:26.530172     1 incremental_pipeline.cc:335] Registering initial image pair #1 and #4
I20251226 01:36:26.530403     1 incremental_pipeline.cc:349] Global bundle adjustment
I20251226 01:36:26.537796     1 incremental_pipeline.cc:569] Discarding reconstruction due to bad initial pair
I20251226 01:36:26.538002     1 incremental_pipeline.cc:311] Finding good initial image pair
I20251226 01:36:26.540268     1 incremental_pipeline.cc:315] => No good initial image pair found.
I20251226 01:36:26.540330     1 incremental_pipeline.cc:559] Discarding reconstruction due to no initial pair
I20251226 01:36:26.540354     1 incremental_pipeline.cc:254] => Relaxing the initialization constraints.
I20251226 01:36:26.540390     1 incremental_pipeline.cc:311] Finding good initial image pair
I20251226 01:36:26.544358     1 incremental_pipeline.cc:335] Registering initial image pair #1 and #4
I20251226 01:36:26.544641     1 incremental_pipeline.cc:349] Global bundle adjustment
I20251226 01:36:26.552138     1 incremental_pipeline.cc:569] Discarding reconstruction due to bad initial pair
I20251226 01:36:26.552320     1 incremental_pipeline.cc:311] Finding good initial image pair
I20251226 01:36:26.554713     1 incremental_pipeline.cc:315] => No good initial image pair found.
I20251226 01:36:26.554772     1 incremental_pipeline.cc:559] Discarding reconstruction due to no initial pair
I20251226 01:36:26.554795     1 timer.cc:90] Elapsed time: 0.001 [minutes]
E20251226 01:36:26.554812     1 sfm.cc:278] failed to create sparse model
[retry] amy_gardens/cluster_0008: mapper attempt 3 (min_model_size=2, init_min_inliers=8, init_min_tri_angle=0.5, tri_min_angle=0.05, local_ba_min_tri_angle=0.05, tri_ignore_two_view_tracks=0)
+ docker run --rm --gpus all -v /home/shamika/documents/prog_workspace/ml_imc25/ImageMatchingChallenge2025:/workspace -w /workspace colmap/colmap:latest colmap mapper --database_path outputs/amy_gardens_cluster_0008/colmap_diffusion.db --image_path outputs/amy_gardens_cluster_0008/images --output_path outputs/amy_gardens_cluster_0008/sparse --Mapper.ba_refine_principal_point 0 --Mapper.min_model_size 2 --Mapper.init_min_num_inliers 8 --Mapper.init_min_tri_angle 0.5 --Mapper.tri_min_angle 0.05 --Mapper.filter_min_tri_angle 0.05 --Mapper.tri_ignore_two_view_tracks 0

==========
== CUDA ==
==========

CUDA Version 12.9.1

Container image Copyright (c) 2016-2023, NVIDIA CORPORATION & AFFILIATES. All rights reserved.

This container image and its contents are governed by the NVIDIA Deep Learning Container License.
By pulling and using the container, you accept the terms and conditions of this license:
https://developer.nvidia.com/ngc/nvidia-deep-learning-container-license

A copy of this license is made available in this container at /NGC-DL-CONTAINER-LICENSE for your convenience.

I20251226 01:36:30.620925     1 incremental_pipeline.cc:264] Loading database
I20251226 01:36:30.627260     1 database_cache.cc:67] Loading rigs...
I20251226 01:36:30.627302     1 database_cache.cc:77]  0 in 0.000s
I20251226 01:36:30.627324     1 database_cache.cc:85] Loading cameras...
I20251226 01:36:30.627354     1 database_cache.cc:103]  1 in 0.000s
I20251226 01:36:30.627358     1 database_cache.cc:111] Loading frames...
I20251226 01:36:30.627364     1 database_cache.cc:126]  0 in 0.000s
I20251226 01:36:30.627367     1 database_cache.cc:134] Loading matches...
I20251226 01:36:30.627377     1 database_cache.cc:139]  2 in 0.000s
I20251226 01:36:30.627381     1 database_cache.cc:155] Loading images...
I20251226 01:36:30.627489     1 database_cache.cc:239]  4 in 0.000s (connected 2)
I20251226 01:36:30.627529     1 database_cache.cc:250] Building correspondence graph...
I20251226 01:36:30.627580     1 database_cache.cc:277]  in 0.000s (ignored 1)
I20251226 01:36:30.627777     1 timer.cc:90] Elapsed time: 0.000 [minutes]
I20251226 01:36:30.627833     1 incremental_pipeline.cc:311] Finding good initial image pair
I20251226 01:36:30.631711     1 incremental_pipeline.cc:335] Registering initial image pair #1 and #4
I20251226 01:36:30.631891     1 incremental_pipeline.cc:349] Global bundle adjustment
I20251226 01:36:30.640156     1 incremental_pipeline.cc:569] Discarding reconstruction due to bad initial pair
I20251226 01:36:30.640252     1 incremental_pipeline.cc:311] Finding good initial image pair
I20251226 01:36:30.642177     1 incremental_pipeline.cc:315] => No good initial image pair found.
I20251226 01:36:30.642239     1 incremental_pipeline.cc:559] Discarding reconstruction due to no initial pair
I20251226 01:36:30.642261     1 incremental_pipeline.cc:245] => Relaxing the initialization constraints.
I20251226 01:36:30.642300     1 incremental_pipeline.cc:311] Finding good initial image pair
I20251226 01:36:30.646209     1 incremental_pipeline.cc:335] Registering initial image pair #4 and #1
I20251226 01:36:30.646381     1 incremental_pipeline.cc:349] Global bundle adjustment
I20251226 01:36:30.653371     1 incremental_pipeline.cc:569] Discarding reconstruction due to bad initial pair
I20251226 01:36:30.653450     1 incremental_pipeline.cc:311] Finding good initial image pair
I20251226 01:36:30.655138     1 incremental_pipeline.cc:315] => No good initial image pair found.
I20251226 01:36:30.655170     1 incremental_pipeline.cc:559] Discarding reconstruction due to no initial pair
I20251226 01:36:30.655189     1 incremental_pipeline.cc:254] => Relaxing the initialization constraints.
I20251226 01:36:30.655220     1 incremental_pipeline.cc:311] Finding good initial image pair
I20251226 01:36:30.658814     1 incremental_pipeline.cc:335] Registering initial image pair #1 and #4
I20251226 01:36:30.658999     1 incremental_pipeline.cc:349] Global bundle adjustment
I20251226 01:36:30.666033     1 incremental_pipeline.cc:569] Discarding reconstruction due to bad initial pair
I20251226 01:36:30.666133     1 incremental_pipeline.cc:311] Finding good initial image pair
I20251226 01:36:30.668098     1 incremental_pipeline.cc:315] => No good initial image pair found.
I20251226 01:36:30.668134     1 incremental_pipeline.cc:559] Discarding reconstruction due to no initial pair
I20251226 01:36:30.668148     1 incremental_pipeline.cc:245] => Relaxing the initialization constraints.
I20251226 01:36:30.668170     1 incremental_pipeline.cc:311] Finding good initial image pair
I20251226 01:36:30.671797     1 incremental_pipeline.cc:335] Registering initial image pair #1 and #4
I20251226 01:36:30.672035     1 incremental_pipeline.cc:349] Global bundle adjustment
I20251226 01:36:30.679224     1 incremental_pipeline.cc:569] Discarding reconstruction due to bad initial pair
I20251226 01:36:30.679327     1 incremental_pipeline.cc:311] Finding good initial image pair
I20251226 01:36:30.681102     1 incremental_pipeline.cc:315] => No good initial image pair found.
I20251226 01:36:30.681138     1 incremental_pipeline.cc:559] Discarding reconstruction due to no initial pair
I20251226 01:36:30.681151     1 incremental_pipeline.cc:254] => Relaxing the initialization constraints.
I20251226 01:36:30.681172     1 incremental_pipeline.cc:311] Finding good initial image pair
I20251226 01:36:30.684727     1 incremental_pipeline.cc:335] Registering initial image pair #1 and #4
I20251226 01:36:30.684966     1 incremental_pipeline.cc:349] Global bundle adjustment
I20251226 01:36:30.692529     1 incremental_pipeline.cc:569] Discarding reconstruction due to bad initial pair
I20251226 01:36:30.692708     1 incremental_pipeline.cc:311] Finding good initial image pair
I20251226 01:36:30.694559     1 incremental_pipeline.cc:315] => No good initial image pair found.
I20251226 01:36:30.694623     1 incremental_pipeline.cc:559] Discarding reconstruction due to no initial pair
I20251226 01:36:30.694639     1 timer.cc:90] Elapsed time: 0.001 [minutes]
E20251226 01:36:30.694649     1 sfm.cc:278] failed to create sparse model
[fail] amy_gardens/cluster_0008: COLMAP mapper failed after 3 attempts
[cluster] 12/18: amy_gardens/cluster_0009
[run] amy_gardens/cluster_0009: images=4 matcher=diffusion
[diffusion] using preloaded model on device=cuda
[diffusion] image 1/4: peach_0060.png
[diffusion] cache hit: peach_0060.png
[diffusion] image 2/4: peach_0102.png
[diffusion] cache hit: peach_0102.png
[diffusion] image 3/4: peach_0131.png
[diffusion] cache hit: peach_0131.png
[diffusion] image 4/4: peach_0196.png
[diffusion] cache hit: peach_0196.png
[diffusion] matching pairs=6 (RANSAC)...
[diffusion] pair 1/6: peach_0060.png ↔ peach_0102.png (no F)
[diffusion] pair 2/6: peach_0060.png ↔ peach_0131.png (no F)
[diffusion] pair 3/6: peach_0060.png ↔ peach_0196.png (no F)
[diffusion] pair 4/6: peach_0102.png ↔ peach_0131.png (no F)
[diffusion] pair 5/6: peach_0102.png ↔ peach_0196.png (no F)
[diffusion] pair 6/6: peach_0131.png ↔ peach_0196.png (inliers=24)
[ok] wrote outputs/amy_gardens_cluster_0009/colmap_diffusion.db (images=4 pairs=6 good_pairs=1, min_inliers=8)
+ docker run --rm --gpus all -v /home/shamika/documents/prog_workspace/ml_imc25/ImageMatchingChallenge2025:/workspace -w /workspace colmap/colmap:latest colmap mapper --database_path outputs/amy_gardens_cluster_0009/colmap_diffusion.db --image_path outputs/amy_gardens_cluster_0009/images --output_path outputs/amy_gardens_cluster_0009/sparse --Mapper.ba_refine_principal_point 0 --Mapper.min_model_size 2 --Mapper.init_min_num_inliers 8 --Mapper.init_min_tri_angle 0.5 --Mapper.tri_min_angle 0.05 --Mapper.filter_min_tri_angle 0.05 --Mapper.tri_ignore_two_view_tracks 0

==========
== CUDA ==
==========

CUDA Version 12.9.1

Container image Copyright (c) 2016-2023, NVIDIA CORPORATION & AFFILIATES. All rights reserved.

This container image and its contents are governed by the NVIDIA Deep Learning Container License.
By pulling and using the container, you accept the terms and conditions of this license:
https://developer.nvidia.com/ngc/nvidia-deep-learning-container-license

A copy of this license is made available in this container at /NGC-DL-CONTAINER-LICENSE for your convenience.

I20251226 01:36:39.163563     1 incremental_pipeline.cc:264] Loading database
I20251226 01:36:39.164830     1 database_cache.cc:67] Loading rigs...
I20251226 01:36:39.164867     1 database_cache.cc:77]  0 in 0.000s
I20251226 01:36:39.164876     1 database_cache.cc:85] Loading cameras...
I20251226 01:36:39.164887     1 database_cache.cc:103]  1 in 0.000s
I20251226 01:36:39.164891     1 database_cache.cc:111] Loading frames...
I20251226 01:36:39.164897     1 database_cache.cc:126]  0 in 0.000s
I20251226 01:36:39.164901     1 database_cache.cc:134] Loading matches...
I20251226 01:36:39.164911     1 database_cache.cc:139]  1 in 0.000s
I20251226 01:36:39.164913     1 database_cache.cc:155] Loading images...
I20251226 01:36:39.165062     1 database_cache.cc:239]  4 in 0.000s (connected 2)
I20251226 01:36:39.165086     1 database_cache.cc:250] Building correspondence graph...
I20251226 01:36:39.165112     1 database_cache.cc:277]  in 0.000s (ignored 0)
I20251226 01:36:39.165315     1 timer.cc:90] Elapsed time: 0.000 [minutes]
I20251226 01:36:39.165408     1 incremental_pipeline.cc:311] Finding good initial image pair
I20251226 01:36:39.168833     1 incremental_pipeline.cc:335] Registering initial image pair #3 and #4
I20251226 01:36:39.169009     1 incremental_pipeline.cc:349] Global bundle adjustment
I20251226 01:36:39.175740     1 incremental_pipeline.cc:569] Discarding reconstruction due to bad initial pair
I20251226 01:36:39.175850     1 incremental_pipeline.cc:311] Finding good initial image pair
I20251226 01:36:39.177909     1 incremental_pipeline.cc:315] => No good initial image pair found.
I20251226 01:36:39.177954     1 incremental_pipeline.cc:559] Discarding reconstruction due to no initial pair
I20251226 01:36:39.177971     1 incremental_pipeline.cc:245] => Relaxing the initialization constraints.
I20251226 01:36:39.177994     1 incremental_pipeline.cc:311] Finding good initial image pair
I20251226 01:36:39.180989     1 incremental_pipeline.cc:335] Registering initial image pair #3 and #4
I20251226 01:36:39.181128     1 incremental_pipeline.cc:349] Global bundle adjustment
I20251226 01:36:39.187914     1 incremental_pipeline.cc:569] Discarding reconstruction due to bad initial pair
I20251226 01:36:39.188001     1 incremental_pipeline.cc:311] Finding good initial image pair
I20251226 01:36:39.190404     1 incremental_pipeline.cc:315] => No good initial image pair found.
I20251226 01:36:39.190503     1 incremental_pipeline.cc:559] Discarding reconstruction due to no initial pair
I20251226 01:36:39.190526     1 incremental_pipeline.cc:254] => Relaxing the initialization constraints.
I20251226 01:36:39.190615     1 incremental_pipeline.cc:311] Finding good initial image pair
I20251226 01:36:39.193717     1 incremental_pipeline.cc:335] Registering initial image pair #3 and #4
I20251226 01:36:39.193872     1 incremental_pipeline.cc:349] Global bundle adjustment
I20251226 01:36:39.200361     1 incremental_pipeline.cc:569] Discarding reconstruction due to bad initial pair
I20251226 01:36:39.200448     1 incremental_pipeline.cc:311] Finding good initial image pair
I20251226 01:36:39.202518     1 incremental_pipeline.cc:315] => No good initial image pair found.
I20251226 01:36:39.202550     1 incremental_pipeline.cc:559] Discarding reconstruction due to no initial pair
I20251226 01:36:39.202564     1 incremental_pipeline.cc:245] => Relaxing the initialization constraints.
I20251226 01:36:39.202600     1 incremental_pipeline.cc:311] Finding good initial image pair
I20251226 01:36:39.205862     1 incremental_pipeline.cc:335] Registering initial image pair #3 and #4
I20251226 01:36:39.206029     1 incremental_pipeline.cc:349] Global bundle adjustment
I20251226 01:36:39.212610     1 incremental_pipeline.cc:569] Discarding reconstruction due to bad initial pair
I20251226 01:36:39.212697     1 incremental_pipeline.cc:311] Finding good initial image pair
I20251226 01:36:39.214417     1 incremental_pipeline.cc:315] => No good initial image pair found.
I20251226 01:36:39.214452     1 incremental_pipeline.cc:559] Discarding reconstruction due to no initial pair
I20251226 01:36:39.214465     1 incremental_pipeline.cc:254] => Relaxing the initialization constraints.
I20251226 01:36:39.214485     1 incremental_pipeline.cc:311] Finding good initial image pair
I20251226 01:36:39.217640     1 incremental_pipeline.cc:335] Registering initial image pair #3 and #4
I20251226 01:36:39.217864     1 incremental_pipeline.cc:349] Global bundle adjustment
I20251226 01:36:39.224869     1 incremental_pipeline.cc:569] Discarding reconstruction due to bad initial pair
I20251226 01:36:39.225091     1 incremental_pipeline.cc:311] Finding good initial image pair
I20251226 01:36:39.227490     1 incremental_pipeline.cc:315] => No good initial image pair found.
I20251226 01:36:39.227542     1 incremental_pipeline.cc:559] Discarding reconstruction due to no initial pair
I20251226 01:36:39.227559     1 timer.cc:90] Elapsed time: 0.001 [minutes]
E20251226 01:36:39.227571     1 sfm.cc:278] failed to create sparse model
[retry] amy_gardens/cluster_0009: mapper attempt 2 (min_model_size=2, init_min_inliers=15, init_min_tri_angle=1.0, tri_min_angle=0.25, local_ba_min_tri_angle=0.25, tri_ignore_two_view_tracks=0)
+ docker run --rm --gpus all -v /home/shamika/documents/prog_workspace/ml_imc25/ImageMatchingChallenge2025:/workspace -w /workspace colmap/colmap:latest colmap mapper --database_path outputs/amy_gardens_cluster_0009/colmap_diffusion.db --image_path outputs/amy_gardens_cluster_0009/images --output_path outputs/amy_gardens_cluster_0009/sparse --Mapper.ba_refine_principal_point 0 --Mapper.min_model_size 2 --Mapper.init_min_num_inliers 15 --Mapper.init_min_tri_angle 1.0 --Mapper.tri_min_angle 0.25 --Mapper.filter_min_tri_angle 0.25 --Mapper.tri_ignore_two_view_tracks 0

==========
== CUDA ==
==========

CUDA Version 12.9.1

Container image Copyright (c) 2016-2023, NVIDIA CORPORATION & AFFILIATES. All rights reserved.

This container image and its contents are governed by the NVIDIA Deep Learning Container License.
By pulling and using the container, you accept the terms and conditions of this license:
https://developer.nvidia.com/ngc/nvidia-deep-learning-container-license

A copy of this license is made available in this container at /NGC-DL-CONTAINER-LICENSE for your convenience.

I20251226 01:36:43.497356     1 incremental_pipeline.cc:264] Loading database
I20251226 01:36:43.498570     1 database_cache.cc:67] Loading rigs...
I20251226 01:36:43.498617     1 database_cache.cc:77]  0 in 0.000s
I20251226 01:36:43.498627     1 database_cache.cc:85] Loading cameras...
I20251226 01:36:43.498654     1 database_cache.cc:103]  1 in 0.000s
I20251226 01:36:43.498658     1 database_cache.cc:111] Loading frames...
I20251226 01:36:43.498664     1 database_cache.cc:126]  0 in 0.000s
I20251226 01:36:43.498667     1 database_cache.cc:134] Loading matches...
I20251226 01:36:43.498677     1 database_cache.cc:139]  1 in 0.000s
I20251226 01:36:43.498680     1 database_cache.cc:155] Loading images...
I20251226 01:36:43.498878     1 database_cache.cc:239]  4 in 0.000s (connected 2)
I20251226 01:36:43.498901     1 database_cache.cc:250] Building correspondence graph...
I20251226 01:36:43.498926     1 database_cache.cc:277]  in 0.000s (ignored 0)
I20251226 01:36:43.499145     1 timer.cc:90] Elapsed time: 0.000 [minutes]
I20251226 01:36:43.499217     1 incremental_pipeline.cc:311] Finding good initial image pair
I20251226 01:36:43.502363     1 incremental_pipeline.cc:335] Registering initial image pair #3 and #4
I20251226 01:36:43.502511     1 incremental_pipeline.cc:349] Global bundle adjustment
I20251226 01:36:43.509613     1 incremental_pipeline.cc:569] Discarding reconstruction due to bad initial pair
I20251226 01:36:43.509791     1 incremental_pipeline.cc:311] Finding good initial image pair
I20251226 01:36:43.512141     1 incremental_pipeline.cc:315] => No good initial image pair found.
I20251226 01:36:43.512181     1 incremental_pipeline.cc:559] Discarding reconstruction due to no initial pair
I20251226 01:36:43.512197     1 incremental_pipeline.cc:245] => Relaxing the initialization constraints.
I20251226 01:36:43.512223     1 incremental_pipeline.cc:311] Finding good initial image pair
I20251226 01:36:43.516065     1 incremental_pipeline.cc:335] Registering initial image pair #3 and #4
I20251226 01:36:43.516237     1 incremental_pipeline.cc:349] Global bundle adjustment
I20251226 01:36:43.522986     1 incremental_pipeline.cc:569] Discarding reconstruction due to bad initial pair
I20251226 01:36:43.523090     1 incremental_pipeline.cc:311] Finding good initial image pair
I20251226 01:36:43.525393     1 incremental_pipeline.cc:315] => No good initial image pair found.
I20251226 01:36:43.525434     1 incremental_pipeline.cc:559] Discarding reconstruction due to no initial pair
I20251226 01:36:43.525449     1 incremental_pipeline.cc:254] => Relaxing the initialization constraints.
I20251226 01:36:43.525476     1 incremental_pipeline.cc:311] Finding good initial image pair
I20251226 01:36:43.528505     1 incremental_pipeline.cc:335] Registering initial image pair #3 and #4
I20251226 01:36:43.528684     1 incremental_pipeline.cc:349] Global bundle adjustment
I20251226 01:36:43.535460     1 incremental_pipeline.cc:569] Discarding reconstruction due to bad initial pair
I20251226 01:36:43.535559     1 incremental_pipeline.cc:311] Finding good initial image pair
I20251226 01:36:43.538839     1 incremental_pipeline.cc:315] => No good initial image pair found.
I20251226 01:36:43.538887     1 incremental_pipeline.cc:559] Discarding reconstruction due to no initial pair
I20251226 01:36:43.538905     1 incremental_pipeline.cc:245] => Relaxing the initialization constraints.
I20251226 01:36:43.538933     1 incremental_pipeline.cc:311] Finding good initial image pair
I20251226 01:36:43.541822     1 incremental_pipeline.cc:335] Registering initial image pair #3 and #4
I20251226 01:36:43.542004     1 incremental_pipeline.cc:349] Global bundle adjustment
I20251226 01:36:43.548700     1 incremental_pipeline.cc:569] Discarding reconstruction due to bad initial pair
I20251226 01:36:43.548936     1 incremental_pipeline.cc:311] Finding good initial image pair
I20251226 01:36:43.551223     1 incremental_pipeline.cc:315] => No good initial image pair found.
I20251226 01:36:43.551276     1 incremental_pipeline.cc:559] Discarding reconstruction due to no initial pair
I20251226 01:36:43.551296     1 incremental_pipeline.cc:254] => Relaxing the initialization constraints.
I20251226 01:36:43.551338     1 incremental_pipeline.cc:311] Finding good initial image pair
I20251226 01:36:43.554742     1 incremental_pipeline.cc:335] Registering initial image pair #3 and #4
I20251226 01:36:43.554910     1 incremental_pipeline.cc:349] Global bundle adjustment
I20251226 01:36:43.561671     1 incremental_pipeline.cc:569] Discarding reconstruction due to bad initial pair
I20251226 01:36:43.561764     1 incremental_pipeline.cc:311] Finding good initial image pair
I20251226 01:36:43.564318     1 incremental_pipeline.cc:315] => No good initial image pair found.
I20251226 01:36:43.564379     1 incremental_pipeline.cc:559] Discarding reconstruction due to no initial pair
I20251226 01:36:43.564399     1 timer.cc:90] Elapsed time: 0.001 [minutes]
E20251226 01:36:43.564414     1 sfm.cc:278] failed to create sparse model
[retry] amy_gardens/cluster_0009: mapper attempt 3 (min_model_size=2, init_min_inliers=8, init_min_tri_angle=0.5, tri_min_angle=0.05, local_ba_min_tri_angle=0.05, tri_ignore_two_view_tracks=0)
+ docker run --rm --gpus all -v /home/shamika/documents/prog_workspace/ml_imc25/ImageMatchingChallenge2025:/workspace -w /workspace colmap/colmap:latest colmap mapper --database_path outputs/amy_gardens_cluster_0009/colmap_diffusion.db --image_path outputs/amy_gardens_cluster_0009/images --output_path outputs/amy_gardens_cluster_0009/sparse --Mapper.ba_refine_principal_point 0 --Mapper.min_model_size 2 --Mapper.init_min_num_inliers 8 --Mapper.init_min_tri_angle 0.5 --Mapper.tri_min_angle 0.05 --Mapper.filter_min_tri_angle 0.05 --Mapper.tri_ignore_two_view_tracks 0

==========
== CUDA ==
==========

CUDA Version 12.9.1

Container image Copyright (c) 2016-2023, NVIDIA CORPORATION & AFFILIATES. All rights reserved.

This container image and its contents are governed by the NVIDIA Deep Learning Container License.
By pulling and using the container, you accept the terms and conditions of this license:
https://developer.nvidia.com/ngc/nvidia-deep-learning-container-license

A copy of this license is made available in this container at /NGC-DL-CONTAINER-LICENSE for your convenience.

I20251226 01:36:47.767562     1 incremental_pipeline.cc:264] Loading database
I20251226 01:36:47.768805     1 database_cache.cc:67] Loading rigs...
I20251226 01:36:47.768846     1 database_cache.cc:77]  0 in 0.000s
I20251226 01:36:47.768853     1 database_cache.cc:85] Loading cameras...
I20251226 01:36:47.768864     1 database_cache.cc:103]  1 in 0.000s
I20251226 01:36:47.768868     1 database_cache.cc:111] Loading frames...
I20251226 01:36:47.768875     1 database_cache.cc:126]  0 in 0.000s
I20251226 01:36:47.768879     1 database_cache.cc:134] Loading matches...
I20251226 01:36:47.768888     1 database_cache.cc:139]  1 in 0.000s
I20251226 01:36:47.768893     1 database_cache.cc:155] Loading images...
I20251226 01:36:47.769009     1 database_cache.cc:239]  4 in 0.000s (connected 2)
I20251226 01:36:47.769032     1 database_cache.cc:250] Building correspondence graph...
I20251226 01:36:47.769057     1 database_cache.cc:277]  in 0.000s (ignored 0)
I20251226 01:36:47.769243     1 timer.cc:90] Elapsed time: 0.000 [minutes]
I20251226 01:36:47.769297     1 incremental_pipeline.cc:311] Finding good initial image pair
I20251226 01:36:47.772505     1 incremental_pipeline.cc:335] Registering initial image pair #3 and #4
I20251226 01:36:47.772653     1 incremental_pipeline.cc:349] Global bundle adjustment
I20251226 01:36:47.779178     1 incremental_pipeline.cc:569] Discarding reconstruction due to bad initial pair
I20251226 01:36:47.779371     1 incremental_pipeline.cc:311] Finding good initial image pair
I20251226 01:36:47.781112     1 incremental_pipeline.cc:315] => No good initial image pair found.
I20251226 01:36:47.781149     1 incremental_pipeline.cc:559] Discarding reconstruction due to no initial pair
I20251226 01:36:47.781167     1 incremental_pipeline.cc:245] => Relaxing the initialization constraints.
I20251226 01:36:47.781199     1 incremental_pipeline.cc:311] Finding good initial image pair
I20251226 01:36:47.784287     1 incremental_pipeline.cc:335] Registering initial image pair #3 and #4
I20251226 01:36:47.784459     1 incremental_pipeline.cc:349] Global bundle adjustment
I20251226 01:36:47.791700     1 incremental_pipeline.cc:569] Discarding reconstruction due to bad initial pair
I20251226 01:36:47.791880     1 incremental_pipeline.cc:311] Finding good initial image pair
I20251226 01:36:47.793764     1 incremental_pipeline.cc:315] => No good initial image pair found.
I20251226 01:36:47.793802     1 incremental_pipeline.cc:559] Discarding reconstruction due to no initial pair
I20251226 01:36:47.793817     1 incremental_pipeline.cc:254] => Relaxing the initialization constraints.
I20251226 01:36:47.793839     1 incremental_pipeline.cc:311] Finding good initial image pair
I20251226 01:36:47.796787     1 incremental_pipeline.cc:335] Registering initial image pair #3 and #4
I20251226 01:36:47.796938     1 incremental_pipeline.cc:349] Global bundle adjustment
I20251226 01:36:47.803532     1 incremental_pipeline.cc:569] Discarding reconstruction due to bad initial pair
I20251226 01:36:47.803625     1 incremental_pipeline.cc:311] Finding good initial image pair
I20251226 01:36:47.805439     1 incremental_pipeline.cc:315] => No good initial image pair found.
I20251226 01:36:47.805480     1 incremental_pipeline.cc:559] Discarding reconstruction due to no initial pair
I20251226 01:36:47.805495     1 incremental_pipeline.cc:245] => Relaxing the initialization constraints.
I20251226 01:36:47.805521     1 incremental_pipeline.cc:311] Finding good initial image pair
I20251226 01:36:47.808646     1 incremental_pipeline.cc:335] Registering initial image pair #3 and #4
I20251226 01:36:47.808811     1 incremental_pipeline.cc:349] Global bundle adjustment
I20251226 01:36:47.815322     1 incremental_pipeline.cc:569] Discarding reconstruction due to bad initial pair
I20251226 01:36:47.815399     1 incremental_pipeline.cc:311] Finding good initial image pair
I20251226 01:36:47.817137     1 incremental_pipeline.cc:315] => No good initial image pair found.
I20251226 01:36:47.817173     1 incremental_pipeline.cc:559] Discarding reconstruction due to no initial pair
I20251226 01:36:47.817186     1 incremental_pipeline.cc:254] => Relaxing the initialization constraints.
I20251226 01:36:47.817207     1 incremental_pipeline.cc:311] Finding good initial image pair
I20251226 01:36:47.820338     1 incremental_pipeline.cc:335] Registering initial image pair #3 and #4
I20251226 01:36:47.820622     1 incremental_pipeline.cc:349] Global bundle adjustment
I20251226 01:36:47.827054     1 incremental_pipeline.cc:569] Discarding reconstruction due to bad initial pair
I20251226 01:36:47.827138     1 incremental_pipeline.cc:311] Finding good initial image pair
I20251226 01:36:47.829828     1 incremental_pipeline.cc:315] => No good initial image pair found.
I20251226 01:36:47.829870     1 incremental_pipeline.cc:559] Discarding reconstruction due to no initial pair
I20251226 01:36:47.829892     1 timer.cc:90] Elapsed time: 0.001 [minutes]
E20251226 01:36:47.829908     1 sfm.cc:278] failed to create sparse model
[fail] amy_gardens/cluster_0009: COLMAP mapper failed after 3 attempts
[cluster] 13/18: fbk_vineyard/cluster_0001
[run] fbk_vineyard/cluster_0001: images=13 matcher=diffusion
[diffusion] using preloaded model on device=cuda
[diffusion] image 1/13: vineyard_split_3_frame_0230.png
[diffusion] cache hit: vineyard_split_3_frame_0230.png
[diffusion] image 2/13: vineyard_split_3_frame_0235.png
[diffusion] cache hit: vineyard_split_3_frame_0235.png
[diffusion] image 3/13: vineyard_split_3_frame_0240.png
[diffusion] cache hit: vineyard_split_3_frame_0240.png
[diffusion] image 4/13: vineyard_split_3_frame_0245.png
[diffusion] cache hit: vineyard_split_3_frame_0245.png
[diffusion] image 5/13: vineyard_split_3_frame_0250.png
[diffusion] cache hit: vineyard_split_3_frame_0250.png
[diffusion] image 6/13: vineyard_split_3_frame_0255.png
[diffusion] cache hit: vineyard_split_3_frame_0255.png
[diffusion] image 7/13: vineyard_split_3_frame_0260.png
[diffusion] cache hit: vineyard_split_3_frame_0260.png
[diffusion] image 8/13: vineyard_split_3_frame_0265.png
[diffusion] cache hit: vineyard_split_3_frame_0265.png
[diffusion] image 9/13: vineyard_split_3_frame_0270.png
[diffusion] cache hit: vineyard_split_3_frame_0270.png
[diffusion] image 10/13: vineyard_split_3_frame_0275.png
[diffusion] cache hit: vineyard_split_3_frame_0275.png
[diffusion] image 11/13: vineyard_split_3_frame_0280.png
[diffusion] cache hit: vineyard_split_3_frame_0280.png
[diffusion] image 12/13: vineyard_split_3_frame_0285.png
[diffusion] cache hit: vineyard_split_3_frame_0285.png
[diffusion] image 13/13: vineyard_split_3_frame_0290.png
[diffusion] cache hit: vineyard_split_3_frame_0290.png
[diffusion] matching pairs=78 (RANSAC)...
[diffusion] pair 25/78: vineyard_split_3_frame_0240.png ↔ vineyard_split_3_frame_0250.png (no F)
[diffusion] pair 50/78: vineyard_split_3_frame_0250.png ↔ vineyard_split_3_frame_0290.png (no F)
[diffusion] pair 75/78: vineyard_split_3_frame_0275.png ↔ vineyard_split_3_frame_0290.png (no F)
[ok] wrote outputs/fbk_vineyard_cluster_0001/colmap_diffusion.db (images=13 pairs=78 good_pairs=2, min_inliers=8)
+ docker run --rm --gpus all -v /home/shamika/documents/prog_workspace/ml_imc25/ImageMatchingChallenge2025:/workspace -w /workspace colmap/colmap:latest colmap mapper --database_path outputs/fbk_vineyard_cluster_0001/colmap_diffusion.db --image_path outputs/fbk_vineyard_cluster_0001/images --output_path outputs/fbk_vineyard_cluster_0001/sparse --Mapper.ba_refine_principal_point 0 --Mapper.min_model_size 2 --Mapper.init_min_num_inliers 8 --Mapper.init_min_tri_angle 0.5 --Mapper.tri_min_angle 0.05 --Mapper.filter_min_tri_angle 0.05 --Mapper.tri_ignore_two_view_tracks 0

==========
== CUDA ==
==========

CUDA Version 12.9.1

Container image Copyright (c) 2016-2023, NVIDIA CORPORATION & AFFILIATES. All rights reserved.

This container image and its contents are governed by the NVIDIA Deep Learning Container License.
By pulling and using the container, you accept the terms and conditions of this license:
https://developer.nvidia.com/ngc/nvidia-deep-learning-container-license

A copy of this license is made available in this container at /NGC-DL-CONTAINER-LICENSE for your convenience.

I20251226 01:36:58.285773     1 incremental_pipeline.cc:264] Loading database
I20251226 01:36:58.287992     1 database_cache.cc:67] Loading rigs...
I20251226 01:36:58.288038     1 database_cache.cc:77]  0 in 0.000s
I20251226 01:36:58.288046     1 database_cache.cc:85] Loading cameras...
I20251226 01:36:58.288059     1 database_cache.cc:103]  1 in 0.000s
I20251226 01:36:58.288064     1 database_cache.cc:111] Loading frames...
I20251226 01:36:58.288069     1 database_cache.cc:126]  0 in 0.000s
I20251226 01:36:58.288072     1 database_cache.cc:134] Loading matches...
I20251226 01:36:58.288084     1 database_cache.cc:139]  2 in 0.000s
I20251226 01:36:58.288087     1 database_cache.cc:155] Loading images...
I20251226 01:36:58.288125     1 database_cache.cc:239]  13 in 0.000s (connected 0)
I20251226 01:36:58.288144     1 database_cache.cc:250] Building correspondence graph...
I20251226 01:36:58.288170     1 database_cache.cc:277]  in 0.000s (ignored 2)
I20251226 01:36:58.288378     1 timer.cc:90] Elapsed time: 0.000 [minutes]
W20251226 01:36:58.288408     1 incremental_pipeline.cc:288] No images with matches found in the database
E20251226 01:36:58.288416     1 sfm.cc:278] failed to create sparse model
[retry] fbk_vineyard/cluster_0001: mapper attempt 2 (min_model_size=2, init_min_inliers=15, init_min_tri_angle=1.0, tri_min_angle=0.25, local_ba_min_tri_angle=0.25, tri_ignore_two_view_tracks=0)
+ docker run --rm --gpus all -v /home/shamika/documents/prog_workspace/ml_imc25/ImageMatchingChallenge2025:/workspace -w /workspace colmap/colmap:latest colmap mapper --database_path outputs/fbk_vineyard_cluster_0001/colmap_diffusion.db --image_path outputs/fbk_vineyard_cluster_0001/images --output_path outputs/fbk_vineyard_cluster_0001/sparse --Mapper.ba_refine_principal_point 0 --Mapper.min_model_size 2 --Mapper.init_min_num_inliers 15 --Mapper.init_min_tri_angle 1.0 --Mapper.tri_min_angle 0.25 --Mapper.filter_min_tri_angle 0.25 --Mapper.tri_ignore_two_view_tracks 0

==========
== CUDA ==
==========

CUDA Version 12.9.1

Container image Copyright (c) 2016-2023, NVIDIA CORPORATION & AFFILIATES. All rights reserved.

This container image and its contents are governed by the NVIDIA Deep Learning Container License.
By pulling and using the container, you accept the terms and conditions of this license:
https://developer.nvidia.com/ngc/nvidia-deep-learning-container-license

A copy of this license is made available in this container at /NGC-DL-CONTAINER-LICENSE for your convenience.

I20251226 01:37:01.933079     1 incremental_pipeline.cc:264] Loading database
I20251226 01:37:01.953109     1 database_cache.cc:67] Loading rigs...
I20251226 01:37:01.953188     1 database_cache.cc:77]  0 in 0.000s
I20251226 01:37:01.953199     1 database_cache.cc:85] Loading cameras...
I20251226 01:37:01.953212     1 database_cache.cc:103]  1 in 0.000s
I20251226 01:37:01.953217     1 database_cache.cc:111] Loading frames...
I20251226 01:37:01.953224     1 database_cache.cc:126]  0 in 0.000s
I20251226 01:37:01.953227     1 database_cache.cc:134] Loading matches...
I20251226 01:37:01.953239     1 database_cache.cc:139]  2 in 0.000s
I20251226 01:37:01.953243     1 database_cache.cc:155] Loading images...
I20251226 01:37:01.953289     1 database_cache.cc:239]  13 in 0.000s (connected 0)
I20251226 01:37:01.953307     1 database_cache.cc:250] Building correspondence graph...
I20251226 01:37:01.953317     1 database_cache.cc:277]  in 0.000s (ignored 2)
I20251226 01:37:01.953567     1 timer.cc:90] Elapsed time: 0.000 [minutes]
W20251226 01:37:01.953603     1 incremental_pipeline.cc:288] No images with matches found in the database
E20251226 01:37:01.953611     1 sfm.cc:278] failed to create sparse model
[retry] fbk_vineyard/cluster_0001: mapper attempt 3 (min_model_size=2, init_min_inliers=8, init_min_tri_angle=0.5, tri_min_angle=0.05, local_ba_min_tri_angle=0.05, tri_ignore_two_view_tracks=0)
+ docker run --rm --gpus all -v /home/shamika/documents/prog_workspace/ml_imc25/ImageMatchingChallenge2025:/workspace -w /workspace colmap/colmap:latest colmap mapper --database_path outputs/fbk_vineyard_cluster_0001/colmap_diffusion.db --image_path outputs/fbk_vineyard_cluster_0001/images --output_path outputs/fbk_vineyard_cluster_0001/sparse --Mapper.ba_refine_principal_point 0 --Mapper.min_model_size 2 --Mapper.init_min_num_inliers 8 --Mapper.init_min_tri_angle 0.5 --Mapper.tri_min_angle 0.05 --Mapper.filter_min_tri_angle 0.05 --Mapper.tri_ignore_two_view_tracks 0

==========
== CUDA ==
==========

CUDA Version 12.9.1

Container image Copyright (c) 2016-2023, NVIDIA CORPORATION & AFFILIATES. All rights reserved.

This container image and its contents are governed by the NVIDIA Deep Learning Container License.
By pulling and using the container, you accept the terms and conditions of this license:
https://developer.nvidia.com/ngc/nvidia-deep-learning-container-license

A copy of this license is made available in this container at /NGC-DL-CONTAINER-LICENSE for your convenience.

I20251226 01:37:05.618911     1 incremental_pipeline.cc:264] Loading database
I20251226 01:37:05.620091     1 database_cache.cc:67] Loading rigs...
I20251226 01:37:05.620136     1 database_cache.cc:77]  0 in 0.000s
I20251226 01:37:05.620146     1 database_cache.cc:85] Loading cameras...
I20251226 01:37:05.620157     1 database_cache.cc:103]  1 in 0.000s
I20251226 01:37:05.620160     1 database_cache.cc:111] Loading frames...
I20251226 01:37:05.620167     1 database_cache.cc:126]  0 in 0.000s
I20251226 01:37:05.620170     1 database_cache.cc:134] Loading matches...
I20251226 01:37:05.620182     1 database_cache.cc:139]  2 in 0.000s
I20251226 01:37:05.620185     1 database_cache.cc:155] Loading images...
I20251226 01:37:05.620211     1 database_cache.cc:239]  13 in 0.000s (connected 0)
I20251226 01:37:05.620231     1 database_cache.cc:250] Building correspondence graph...
I20251226 01:37:05.620240     1 database_cache.cc:277]  in 0.000s (ignored 2)
I20251226 01:37:05.620425     1 timer.cc:90] Elapsed time: 0.000 [minutes]
W20251226 01:37:05.620448     1 incremental_pipeline.cc:288] No images with matches found in the database
E20251226 01:37:05.620455     1 sfm.cc:278] failed to create sparse model
[fail] fbk_vineyard/cluster_0001: COLMAP mapper failed after 3 attempts
[cluster] 14/18: fbk_vineyard/cluster_0002
[run] fbk_vineyard/cluster_0002: images=7 matcher=diffusion
[diffusion] using preloaded model on device=cuda
[diffusion] image 1/7: vineyard_split_3_frame_0180.png
[diffusion] cache hit: vineyard_split_3_frame_0180.png
[diffusion] image 2/7: vineyard_split_3_frame_0185.png
[diffusion] cache hit: vineyard_split_3_frame_0185.png
[diffusion] image 3/7: vineyard_split_3_frame_0190.png
[diffusion] cache hit: vineyard_split_3_frame_0190.png
[diffusion] image 4/7: vineyard_split_3_frame_0195.png
[diffusion] cache hit: vineyard_split_3_frame_0195.png
[diffusion] image 5/7: vineyard_split_3_frame_0200.png
[diffusion] cache hit: vineyard_split_3_frame_0200.png
[diffusion] image 6/7: vineyard_split_3_frame_0205.png
[diffusion] cache hit: vineyard_split_3_frame_0205.png
[diffusion] image 7/7: vineyard_split_3_frame_0210.png
[diffusion] cache hit: vineyard_split_3_frame_0210.png
[diffusion] matching pairs=21 (RANSAC)...
[ok] wrote outputs/fbk_vineyard_cluster_0002/colmap_diffusion.db (images=7 pairs=21 good_pairs=1, min_inliers=8)
+ docker run --rm --gpus all -v /home/shamika/documents/prog_workspace/ml_imc25/ImageMatchingChallenge2025:/workspace -w /workspace colmap/colmap:latest colmap mapper --database_path outputs/fbk_vineyard_cluster_0002/colmap_diffusion.db --image_path outputs/fbk_vineyard_cluster_0002/images --output_path outputs/fbk_vineyard_cluster_0002/sparse --Mapper.ba_refine_principal_point 0 --Mapper.min_model_size 2 --Mapper.init_min_num_inliers 8 --Mapper.init_min_tri_angle 0.5 --Mapper.tri_min_angle 0.05 --Mapper.filter_min_tri_angle 0.05 --Mapper.tri_ignore_two_view_tracks 0

==========
== CUDA ==
==========

CUDA Version 12.9.1

Container image Copyright (c) 2016-2023, NVIDIA CORPORATION & AFFILIATES. All rights reserved.

This container image and its contents are governed by the NVIDIA Deep Learning Container License.
By pulling and using the container, you accept the terms and conditions of this license:
https://developer.nvidia.com/ngc/nvidia-deep-learning-container-license

A copy of this license is made available in this container at /NGC-DL-CONTAINER-LICENSE for your convenience.

I20251226 01:37:14.381778     1 incremental_pipeline.cc:264] Loading database
I20251226 01:37:14.383111     1 database_cache.cc:67] Loading rigs...
I20251226 01:37:14.383157     1 database_cache.cc:77]  0 in 0.000s
I20251226 01:37:14.383167     1 database_cache.cc:85] Loading cameras...
I20251226 01:37:14.383178     1 database_cache.cc:103]  1 in 0.000s
I20251226 01:37:14.383183     1 database_cache.cc:111] Loading frames...
I20251226 01:37:14.383189     1 database_cache.cc:126]  0 in 0.000s
I20251226 01:37:14.383193     1 database_cache.cc:134] Loading matches...
I20251226 01:37:14.383203     1 database_cache.cc:139]  1 in 0.000s
I20251226 01:37:14.383220     1 database_cache.cc:155] Loading images...
I20251226 01:37:14.383249     1 database_cache.cc:239]  7 in 0.000s (connected 0)
I20251226 01:37:14.383267     1 database_cache.cc:250] Building correspondence graph...
I20251226 01:37:14.383277     1 database_cache.cc:277]  in 0.000s (ignored 1)
I20251226 01:37:14.383481     1 timer.cc:90] Elapsed time: 0.000 [minutes]
W20251226 01:37:14.383508     1 incremental_pipeline.cc:288] No images with matches found in the database
E20251226 01:37:14.383517     1 sfm.cc:278] failed to create sparse model
[retry] fbk_vineyard/cluster_0002: mapper attempt 2 (min_model_size=2, init_min_inliers=15, init_min_tri_angle=1.0, tri_min_angle=0.25, local_ba_min_tri_angle=0.25, tri_ignore_two_view_tracks=0)
+ docker run --rm --gpus all -v /home/shamika/documents/prog_workspace/ml_imc25/ImageMatchingChallenge2025:/workspace -w /workspace colmap/colmap:latest colmap mapper --database_path outputs/fbk_vineyard_cluster_0002/colmap_diffusion.db --image_path outputs/fbk_vineyard_cluster_0002/images --output_path outputs/fbk_vineyard_cluster_0002/sparse --Mapper.ba_refine_principal_point 0 --Mapper.min_model_size 2 --Mapper.init_min_num_inliers 15 --Mapper.init_min_tri_angle 1.0 --Mapper.tri_min_angle 0.25 --Mapper.filter_min_tri_angle 0.25 --Mapper.tri_ignore_two_view_tracks 0

==========
== CUDA ==
==========

CUDA Version 12.9.1

Container image Copyright (c) 2016-2023, NVIDIA CORPORATION & AFFILIATES. All rights reserved.

This container image and its contents are governed by the NVIDIA Deep Learning Container License.
By pulling and using the container, you accept the terms and conditions of this license:
https://developer.nvidia.com/ngc/nvidia-deep-learning-container-license

A copy of this license is made available in this container at /NGC-DL-CONTAINER-LICENSE for your convenience.

I20251226 01:37:17.931914     1 incremental_pipeline.cc:264] Loading database
I20251226 01:37:17.933117     1 database_cache.cc:67] Loading rigs...
I20251226 01:37:17.933158     1 database_cache.cc:77]  0 in 0.000s
I20251226 01:37:17.933166     1 database_cache.cc:85] Loading cameras...
I20251226 01:37:17.933177     1 database_cache.cc:103]  1 in 0.000s
I20251226 01:37:17.933182     1 database_cache.cc:111] Loading frames...
I20251226 01:37:17.933187     1 database_cache.cc:126]  0 in 0.000s
I20251226 01:37:17.933190     1 database_cache.cc:134] Loading matches...
I20251226 01:37:17.933199     1 database_cache.cc:139]  1 in 0.000s
I20251226 01:37:17.933216     1 database_cache.cc:155] Loading images...
I20251226 01:37:17.933259     1 database_cache.cc:239]  7 in 0.000s (connected 0)
I20251226 01:37:17.933277     1 database_cache.cc:250] Building correspondence graph...
I20251226 01:37:17.933287     1 database_cache.cc:277]  in 0.000s (ignored 1)
I20251226 01:37:17.933476     1 timer.cc:90] Elapsed time: 0.000 [minutes]
W20251226 01:37:17.933511     1 incremental_pipeline.cc:288] No images with matches found in the database
E20251226 01:37:17.933517     1 sfm.cc:278] failed to create sparse model
[retry] fbk_vineyard/cluster_0002: mapper attempt 3 (min_model_size=2, init_min_inliers=8, init_min_tri_angle=0.5, tri_min_angle=0.05, local_ba_min_tri_angle=0.05, tri_ignore_two_view_tracks=0)
+ docker run --rm --gpus all -v /home/shamika/documents/prog_workspace/ml_imc25/ImageMatchingChallenge2025:/workspace -w /workspace colmap/colmap:latest colmap mapper --database_path outputs/fbk_vineyard_cluster_0002/colmap_diffusion.db --image_path outputs/fbk_vineyard_cluster_0002/images --output_path outputs/fbk_vineyard_cluster_0002/sparse --Mapper.ba_refine_principal_point 0 --Mapper.min_model_size 2 --Mapper.init_min_num_inliers 8 --Mapper.init_min_tri_angle 0.5 --Mapper.tri_min_angle 0.05 --Mapper.filter_min_tri_angle 0.05 --Mapper.tri_ignore_two_view_tracks 0

==========
== CUDA ==
==========

CUDA Version 12.9.1

Container image Copyright (c) 2016-2023, NVIDIA CORPORATION & AFFILIATES. All rights reserved.

This container image and its contents are governed by the NVIDIA Deep Learning Container License.
By pulling and using the container, you accept the terms and conditions of this license:
https://developer.nvidia.com/ngc/nvidia-deep-learning-container-license

A copy of this license is made available in this container at /NGC-DL-CONTAINER-LICENSE for your convenience.

I20251226 01:37:22.056954     1 incremental_pipeline.cc:264] Loading database
I20251226 01:37:22.058210     1 database_cache.cc:67] Loading rigs...
I20251226 01:37:22.058251     1 database_cache.cc:77]  0 in 0.000s
I20251226 01:37:22.058261     1 database_cache.cc:85] Loading cameras...
I20251226 01:37:22.058276     1 database_cache.cc:103]  1 in 0.000s
I20251226 01:37:22.058279     1 database_cache.cc:111] Loading frames...
I20251226 01:37:22.058286     1 database_cache.cc:126]  0 in 0.000s
I20251226 01:37:22.058290     1 database_cache.cc:134] Loading matches...
I20251226 01:37:22.058298     1 database_cache.cc:139]  1 in 0.000s
I20251226 01:37:22.058301     1 database_cache.cc:155] Loading images...
I20251226 01:37:22.058341     1 database_cache.cc:239]  7 in 0.000s (connected 0)
I20251226 01:37:22.058360     1 database_cache.cc:250] Building correspondence graph...
I20251226 01:37:22.058372     1 database_cache.cc:277]  in 0.000s (ignored 1)
I20251226 01:37:22.058559     1 timer.cc:90] Elapsed time: 0.000 [minutes]
W20251226 01:37:22.058605     1 incremental_pipeline.cc:288] No images with matches found in the database
E20251226 01:37:22.058610     1 sfm.cc:278] failed to create sparse model
[fail] fbk_vineyard/cluster_0002: COLMAP mapper failed after 3 attempts
[cluster] 15/18: fbk_vineyard/cluster_0003
[run] fbk_vineyard/cluster_0003: images=6 matcher=diffusion
[diffusion] using preloaded model on device=cuda
[diffusion] image 1/6: vineyard_split_3_frame_0075.png
[diffusion] cache hit: vineyard_split_3_frame_0075.png
[diffusion] image 2/6: vineyard_split_3_frame_0080.png
[diffusion] cache hit: vineyard_split_3_frame_0080.png
[diffusion] image 3/6: vineyard_split_3_frame_0085.png
[diffusion] cache hit: vineyard_split_3_frame_0085.png
[diffusion] image 4/6: vineyard_split_3_frame_0090.png
[diffusion] cache hit: vineyard_split_3_frame_0090.png
[diffusion] image 5/6: vineyard_split_3_frame_0095.png
[diffusion] cache hit: vineyard_split_3_frame_0095.png
[diffusion] image 6/6: vineyard_split_3_frame_0100.png
[diffusion] cache hit: vineyard_split_3_frame_0100.png
[diffusion] matching pairs=15 (RANSAC)...
[diffusion] pair 1/15: vineyard_split_3_frame_0075.png ↔ vineyard_split_3_frame_0080.png (no F)
[diffusion] pair 2/15: vineyard_split_3_frame_0075.png ↔ vineyard_split_3_frame_0085.png (no F)
[diffusion] pair 3/15: vineyard_split_3_frame_0075.png ↔ vineyard_split_3_frame_0090.png (no F)
[diffusion] pair 4/15: vineyard_split_3_frame_0075.png ↔ vineyard_split_3_frame_0095.png (no F)
[diffusion] pair 5/15: vineyard_split_3_frame_0075.png ↔ vineyard_split_3_frame_0100.png (no F)
[diffusion] pair 6/15: vineyard_split_3_frame_0080.png ↔ vineyard_split_3_frame_0085.png (no F)
[diffusion] pair 7/15: vineyard_split_3_frame_0080.png ↔ vineyard_split_3_frame_0090.png (no F)
[diffusion] pair 8/15: vineyard_split_3_frame_0080.png ↔ vineyard_split_3_frame_0095.png (no F)
[diffusion] pair 9/15: vineyard_split_3_frame_0080.png ↔ vineyard_split_3_frame_0100.png (no F)
[diffusion] pair 10/15: vineyard_split_3_frame_0085.png ↔ vineyard_split_3_frame_0090.png (no F)
[diffusion] pair 11/15: vineyard_split_3_frame_0085.png ↔ vineyard_split_3_frame_0095.png (no F)
[diffusion] pair 12/15: vineyard_split_3_frame_0085.png ↔ vineyard_split_3_frame_0100.png (no F)
[diffusion] pair 13/15: vineyard_split_3_frame_0090.png ↔ vineyard_split_3_frame_0095.png (no F)
[diffusion] pair 14/15: vineyard_split_3_frame_0090.png ↔ vineyard_split_3_frame_0100.png (no F)
[diffusion] pair 15/15: vineyard_split_3_frame_0095.png ↔ vineyard_split_3_frame_0100.png (no F)
[ok] wrote outputs/fbk_vineyard_cluster_0003/colmap_diffusion.db (images=6 pairs=15 good_pairs=0, min_inliers=8)
[skip] fbk_vineyard/cluster_0003: diffusion matching produced no verified pairs (try --diffusion-min-inliers 8 or --diffusion-min-similarity 0.6)
[cluster] 16/18: fbk_vineyard/cluster_0004
[run] fbk_vineyard/cluster_0004: images=6 matcher=diffusion
[diffusion] using preloaded model on device=cuda
[diffusion] image 1/6: vineyard_split_3_frame_0150.png
[diffusion] cache hit: vineyard_split_3_frame_0150.png
[diffusion] image 2/6: vineyard_split_3_frame_0155.png
[diffusion] cache hit: vineyard_split_3_frame_0155.png
[diffusion] image 3/6: vineyard_split_3_frame_0160.png
[diffusion] cache hit: vineyard_split_3_frame_0160.png
[diffusion] image 4/6: vineyard_split_3_frame_0165.png
[diffusion] cache hit: vineyard_split_3_frame_0165.png
[diffusion] image 5/6: vineyard_split_3_frame_0170.png
[diffusion] cache hit: vineyard_split_3_frame_0170.png
[diffusion] image 6/6: vineyard_split_3_frame_0175.png
[diffusion] cache hit: vineyard_split_3_frame_0175.png
[diffusion] matching pairs=15 (RANSAC)...
[diffusion] pair 1/15: vineyard_split_3_frame_0150.png ↔ vineyard_split_3_frame_0155.png (no F)
[diffusion] pair 2/15: vineyard_split_3_frame_0150.png ↔ vineyard_split_3_frame_0160.png (no F)
[diffusion] pair 3/15: vineyard_split_3_frame_0150.png ↔ vineyard_split_3_frame_0165.png (no F)
[diffusion] pair 4/15: vineyard_split_3_frame_0150.png ↔ vineyard_split_3_frame_0170.png (no F)
[diffusion] pair 5/15: vineyard_split_3_frame_0150.png ↔ vineyard_split_3_frame_0175.png (no F)
[diffusion] pair 6/15: vineyard_split_3_frame_0155.png ↔ vineyard_split_3_frame_0160.png (no F)
[diffusion] pair 7/15: vineyard_split_3_frame_0155.png ↔ vineyard_split_3_frame_0165.png (no F)
[diffusion] pair 8/15: vineyard_split_3_frame_0155.png ↔ vineyard_split_3_frame_0170.png (no F)
[diffusion] pair 9/15: vineyard_split_3_frame_0155.png ↔ vineyard_split_3_frame_0175.png (inliers=9)
[diffusion] pair 10/15: vineyard_split_3_frame_0160.png ↔ vineyard_split_3_frame_0165.png (no F)
[diffusion] pair 11/15: vineyard_split_3_frame_0160.png ↔ vineyard_split_3_frame_0170.png (no F)
[diffusion] pair 12/15: vineyard_split_3_frame_0160.png ↔ vineyard_split_3_frame_0175.png (no F)
[diffusion] pair 13/15: vineyard_split_3_frame_0165.png ↔ vineyard_split_3_frame_0170.png (no F)
[diffusion] pair 14/15: vineyard_split_3_frame_0165.png ↔ vineyard_split_3_frame_0175.png (no F)
[diffusion] pair 15/15: vineyard_split_3_frame_0170.png ↔ vineyard_split_3_frame_0175.png (no F)
[ok] wrote outputs/fbk_vineyard_cluster_0004/colmap_diffusion.db (images=6 pairs=15 good_pairs=1, min_inliers=8)
+ docker run --rm --gpus all -v /home/shamika/documents/prog_workspace/ml_imc25/ImageMatchingChallenge2025:/workspace -w /workspace colmap/colmap:latest colmap mapper --database_path outputs/fbk_vineyard_cluster_0004/colmap_diffusion.db --image_path outputs/fbk_vineyard_cluster_0004/images --output_path outputs/fbk_vineyard_cluster_0004/sparse --Mapper.ba_refine_principal_point 0 --Mapper.min_model_size 2 --Mapper.init_min_num_inliers 8 --Mapper.init_min_tri_angle 0.5 --Mapper.tri_min_angle 0.05 --Mapper.filter_min_tri_angle 0.05 --Mapper.tri_ignore_two_view_tracks 0

==========
== CUDA ==
==========

CUDA Version 12.9.1

Container image Copyright (c) 2016-2023, NVIDIA CORPORATION & AFFILIATES. All rights reserved.

This container image and its contents are governed by the NVIDIA Deep Learning Container License.
By pulling and using the container, you accept the terms and conditions of this license:
https://developer.nvidia.com/ngc/nvidia-deep-learning-container-license

A copy of this license is made available in this container at /NGC-DL-CONTAINER-LICENSE for your convenience.

I20251226 01:37:35.356166     1 incremental_pipeline.cc:264] Loading database
I20251226 01:37:35.357419     1 database_cache.cc:67] Loading rigs...
I20251226 01:37:35.357461     1 database_cache.cc:77]  0 in 0.000s
I20251226 01:37:35.357470     1 database_cache.cc:85] Loading cameras...
I20251226 01:37:35.357481     1 database_cache.cc:103]  1 in 0.000s
I20251226 01:37:35.357484     1 database_cache.cc:111] Loading frames...
I20251226 01:37:35.357491     1 database_cache.cc:126]  0 in 0.000s
I20251226 01:37:35.357493     1 database_cache.cc:134] Loading matches...
I20251226 01:37:35.357503     1 database_cache.cc:139]  1 in 0.000s
I20251226 01:37:35.357537     1 database_cache.cc:155] Loading images...
I20251226 01:37:35.357565     1 database_cache.cc:239]  6 in 0.000s (connected 0)
I20251226 01:37:35.357584     1 database_cache.cc:250] Building correspondence graph...
I20251226 01:37:35.357594     1 database_cache.cc:277]  in 0.000s (ignored 1)
I20251226 01:37:35.357760     1 timer.cc:90] Elapsed time: 0.000 [minutes]
W20251226 01:37:35.357803     1 incremental_pipeline.cc:288] No images with matches found in the database
E20251226 01:37:35.357810     1 sfm.cc:278] failed to create sparse model
[retry] fbk_vineyard/cluster_0004: mapper attempt 2 (min_model_size=2, init_min_inliers=15, init_min_tri_angle=1.0, tri_min_angle=0.25, local_ba_min_tri_angle=0.25, tri_ignore_two_view_tracks=0)
+ docker run --rm --gpus all -v /home/shamika/documents/prog_workspace/ml_imc25/ImageMatchingChallenge2025:/workspace -w /workspace colmap/colmap:latest colmap mapper --database_path outputs/fbk_vineyard_cluster_0004/colmap_diffusion.db --image_path outputs/fbk_vineyard_cluster_0004/images --output_path outputs/fbk_vineyard_cluster_0004/sparse --Mapper.ba_refine_principal_point 0 --Mapper.min_model_size 2 --Mapper.init_min_num_inliers 15 --Mapper.init_min_tri_angle 1.0 --Mapper.tri_min_angle 0.25 --Mapper.filter_min_tri_angle 0.25 --Mapper.tri_ignore_two_view_tracks 0

==========
== CUDA ==
==========

CUDA Version 12.9.1

Container image Copyright (c) 2016-2023, NVIDIA CORPORATION & AFFILIATES. All rights reserved.

This container image and its contents are governed by the NVIDIA Deep Learning Container License.
By pulling and using the container, you accept the terms and conditions of this license:
https://developer.nvidia.com/ngc/nvidia-deep-learning-container-license

A copy of this license is made available in this container at /NGC-DL-CONTAINER-LICENSE for your convenience.

I20251226 01:37:39.499111     1 incremental_pipeline.cc:264] Loading database
I20251226 01:37:39.500272     1 database_cache.cc:67] Loading rigs...
I20251226 01:37:39.500312     1 database_cache.cc:77]  0 in 0.000s
I20251226 01:37:39.500329     1 database_cache.cc:85] Loading cameras...
I20251226 01:37:39.500350     1 database_cache.cc:103]  1 in 0.000s
I20251226 01:37:39.500355     1 database_cache.cc:111] Loading frames...
I20251226 01:37:39.500360     1 database_cache.cc:126]  0 in 0.000s
I20251226 01:37:39.500363     1 database_cache.cc:134] Loading matches...
I20251226 01:37:39.500375     1 database_cache.cc:139]  1 in 0.000s
I20251226 01:37:39.500378     1 database_cache.cc:155] Loading images...
I20251226 01:37:39.500403     1 database_cache.cc:239]  6 in 0.000s (connected 0)
I20251226 01:37:39.500407     1 database_cache.cc:250] Building correspondence graph...
I20251226 01:37:39.500414     1 database_cache.cc:277]  in 0.000s (ignored 1)
I20251226 01:37:39.500614     1 timer.cc:90] Elapsed time: 0.000 [minutes]
W20251226 01:37:39.500651     1 incremental_pipeline.cc:288] No images with matches found in the database
E20251226 01:37:39.500658     1 sfm.cc:278] failed to create sparse model
[retry] fbk_vineyard/cluster_0004: mapper attempt 3 (min_model_size=2, init_min_inliers=8, init_min_tri_angle=0.5, tri_min_angle=0.05, local_ba_min_tri_angle=0.05, tri_ignore_two_view_tracks=0)
+ docker run --rm --gpus all -v /home/shamika/documents/prog_workspace/ml_imc25/ImageMatchingChallenge2025:/workspace -w /workspace colmap/colmap:latest colmap mapper --database_path outputs/fbk_vineyard_cluster_0004/colmap_diffusion.db --image_path outputs/fbk_vineyard_cluster_0004/images --output_path outputs/fbk_vineyard_cluster_0004/sparse --Mapper.ba_refine_principal_point 0 --Mapper.min_model_size 2 --Mapper.init_min_num_inliers 8 --Mapper.init_min_tri_angle 0.5 --Mapper.tri_min_angle 0.05 --Mapper.filter_min_tri_angle 0.05 --Mapper.tri_ignore_two_view_tracks 0

==========
== CUDA ==
==========

CUDA Version 12.9.1

Container image Copyright (c) 2016-2023, NVIDIA CORPORATION & AFFILIATES. All rights reserved.

This container image and its contents are governed by the NVIDIA Deep Learning Container License.
By pulling and using the container, you accept the terms and conditions of this license:
https://developer.nvidia.com/ngc/nvidia-deep-learning-container-license

A copy of this license is made available in this container at /NGC-DL-CONTAINER-LICENSE for your convenience.

I20251226 01:37:42.994678     1 incremental_pipeline.cc:264] Loading database
I20251226 01:37:42.995879     1 database_cache.cc:67] Loading rigs...
I20251226 01:37:42.995919     1 database_cache.cc:77]  0 in 0.000s
I20251226 01:37:42.995927     1 database_cache.cc:85] Loading cameras...
I20251226 01:37:42.995956     1 database_cache.cc:103]  1 in 0.000s
I20251226 01:37:42.995960     1 database_cache.cc:111] Loading frames...
I20251226 01:37:42.995966     1 database_cache.cc:126]  0 in 0.000s
I20251226 01:37:42.995970     1 database_cache.cc:134] Loading matches...
I20251226 01:37:42.995980     1 database_cache.cc:139]  1 in 0.000s
I20251226 01:37:42.995983     1 database_cache.cc:155] Loading images...
I20251226 01:37:42.996006     1 database_cache.cc:239]  6 in 0.000s (connected 0)
I20251226 01:37:42.996026     1 database_cache.cc:250] Building correspondence graph...
I20251226 01:37:42.996031     1 database_cache.cc:277]  in 0.000s (ignored 1)
I20251226 01:37:42.996398     1 timer.cc:90] Elapsed time: 0.000 [minutes]
W20251226 01:37:42.996425     1 incremental_pipeline.cc:288] No images with matches found in the database
E20251226 01:37:42.996431     1 sfm.cc:278] failed to create sparse model
[fail] fbk_vineyard/cluster_0004: COLMAP mapper failed after 3 attempts
[cluster] 17/18: fbk_vineyard/cluster_0005
[run] fbk_vineyard/cluster_0005: images=4 matcher=diffusion
[diffusion] using preloaded model on device=cuda
[diffusion] image 1/4: vineyard_split_1_frame_1050.png
[diffusion] cache hit: vineyard_split_1_frame_1050.png
[diffusion] image 2/4: vineyard_split_1_frame_1055.png
[diffusion] cache hit: vineyard_split_1_frame_1055.png
[diffusion] image 3/4: vineyard_split_1_frame_1060.png
[diffusion] cache hit: vineyard_split_1_frame_1060.png
[diffusion] image 4/4: vineyard_split_1_frame_1065.png
[diffusion] cache hit: vineyard_split_1_frame_1065.png
[diffusion] matching pairs=6 (RANSAC)...
[diffusion] pair 1/6: vineyard_split_1_frame_1050.png ↔ vineyard_split_1_frame_1055.png (no F)
[diffusion] pair 2/6: vineyard_split_1_frame_1050.png ↔ vineyard_split_1_frame_1060.png (no F)
[diffusion] pair 3/6: vineyard_split_1_frame_1050.png ↔ vineyard_split_1_frame_1065.png (no F)
[diffusion] pair 4/6: vineyard_split_1_frame_1055.png ↔ vineyard_split_1_frame_1060.png (no F)
[diffusion] pair 5/6: vineyard_split_1_frame_1055.png ↔ vineyard_split_1_frame_1065.png (no F)
[diffusion] pair 6/6: vineyard_split_1_frame_1060.png ↔ vineyard_split_1_frame_1065.png (no F)
[ok] wrote outputs/fbk_vineyard_cluster_0005/colmap_diffusion.db (images=4 pairs=6 good_pairs=0, min_inliers=8)
[skip] fbk_vineyard/cluster_0005: diffusion matching produced no verified pairs (try --diffusion-min-inliers 8 or --diffusion-min-similarity 0.6)
[cluster] 18/18: fbk_vineyard/cluster_0006
[run] fbk_vineyard/cluster_0006: images=4 matcher=diffusion
[diffusion] using preloaded model on device=cuda
[diffusion] image 1/4: vineyard_split_3_frame_0120.png
[diffusion] cache hit: vineyard_split_3_frame_0120.png
[diffusion] image 2/4: vineyard_split_3_frame_0125.png
[diffusion] cache hit: vineyard_split_3_frame_0125.png
[diffusion] image 3/4: vineyard_split_3_frame_0130.png
[diffusion] cache hit: vineyard_split_3_frame_0130.png
[diffusion] image 4/4: vineyard_split_3_frame_0135.png
[diffusion] cache hit: vineyard_split_3_frame_0135.png
[diffusion] matching pairs=6 (RANSAC)...
[diffusion] pair 1/6: vineyard_split_3_frame_0120.png ↔ vineyard_split_3_frame_0125.png (inliers=11)
[diffusion] pair 2/6: vineyard_split_3_frame_0120.png ↔ vineyard_split_3_frame_0130.png (inliers=13)
[diffusion] pair 3/6: vineyard_split_3_frame_0120.png ↔ vineyard_split_3_frame_0135.png (no F)
[diffusion] pair 4/6: vineyard_split_3_frame_0125.png ↔ vineyard_split_3_frame_0130.png (no F)
[diffusion] pair 5/6: vineyard_split_3_frame_0125.png ↔ vineyard_split_3_frame_0135.png (no F)
[diffusion] pair 6/6: vineyard_split_3_frame_0130.png ↔ vineyard_split_3_frame_0135.png (inliers=13)
[ok] wrote outputs/fbk_vineyard_cluster_0006/colmap_diffusion.db (images=4 pairs=6 good_pairs=3, min_inliers=8)
+ docker run --rm --gpus all -v /home/shamika/documents/prog_workspace/ml_imc25/ImageMatchingChallenge2025:/workspace -w /workspace colmap/colmap:latest colmap mapper --database_path outputs/fbk_vineyard_cluster_0006/colmap_diffusion.db --image_path outputs/fbk_vineyard_cluster_0006/images --output_path outputs/fbk_vineyard_cluster_0006/sparse --Mapper.ba_refine_principal_point 0 --Mapper.min_model_size 2 --Mapper.init_min_num_inliers 8 --Mapper.init_min_tri_angle 0.5 --Mapper.tri_min_angle 0.05 --Mapper.filter_min_tri_angle 0.05 --Mapper.tri_ignore_two_view_tracks 0

==========
== CUDA ==
==========

CUDA Version 12.9.1

Container image Copyright (c) 2016-2023, NVIDIA CORPORATION & AFFILIATES. All rights reserved.

This container image and its contents are governed by the NVIDIA Deep Learning Container License.
By pulling and using the container, you accept the terms and conditions of this license:
https://developer.nvidia.com/ngc/nvidia-deep-learning-container-license

A copy of this license is made available in this container at /NGC-DL-CONTAINER-LICENSE for your convenience.

I20251226 01:37:53.883136     1 incremental_pipeline.cc:264] Loading database
I20251226 01:37:53.884347     1 database_cache.cc:67] Loading rigs...
I20251226 01:37:53.884438     1 database_cache.cc:77]  0 in 0.000s
I20251226 01:37:53.884447     1 database_cache.cc:85] Loading cameras...
I20251226 01:37:53.884465     1 database_cache.cc:103]  1 in 0.000s
I20251226 01:37:53.884472     1 database_cache.cc:111] Loading frames...
I20251226 01:37:53.884481     1 database_cache.cc:126]  0 in 0.000s
I20251226 01:37:53.884487     1 database_cache.cc:134] Loading matches...
I20251226 01:37:53.884500     1 database_cache.cc:139]  3 in 0.000s
I20251226 01:37:53.884518     1 database_cache.cc:155] Loading images...
I20251226 01:37:53.884595     1 database_cache.cc:239]  4 in 0.000s (connected 0)
I20251226 01:37:53.884635     1 database_cache.cc:250] Building correspondence graph...
I20251226 01:37:53.884644     1 database_cache.cc:277]  in 0.000s (ignored 3)
I20251226 01:37:53.884837     1 timer.cc:90] Elapsed time: 0.000 [minutes]
W20251226 01:37:53.884862     1 incremental_pipeline.cc:288] No images with matches found in the database
E20251226 01:37:53.884887     1 sfm.cc:278] failed to create sparse model
[retry] fbk_vineyard/cluster_0006: mapper attempt 2 (min_model_size=2, init_min_inliers=15, init_min_tri_angle=1.0, tri_min_angle=0.25, local_ba_min_tri_angle=0.25, tri_ignore_two_view_tracks=0)
+ docker run --rm --gpus all -v /home/shamika/documents/prog_workspace/ml_imc25/ImageMatchingChallenge2025:/workspace -w /workspace colmap/colmap:latest colmap mapper --database_path outputs/fbk_vineyard_cluster_0006/colmap_diffusion.db --image_path outputs/fbk_vineyard_cluster_0006/images --output_path outputs/fbk_vineyard_cluster_0006/sparse --Mapper.ba_refine_principal_point 0 --Mapper.min_model_size 2 --Mapper.init_min_num_inliers 15 --Mapper.init_min_tri_angle 1.0 --Mapper.tri_min_angle 0.25 --Mapper.filter_min_tri_angle 0.25 --Mapper.tri_ignore_two_view_tracks 0

==========
== CUDA ==
==========

CUDA Version 12.9.1

Container image Copyright (c) 2016-2023, NVIDIA CORPORATION & AFFILIATES. All rights reserved.

This container image and its contents are governed by the NVIDIA Deep Learning Container License.
By pulling and using the container, you accept the terms and conditions of this license:
https://developer.nvidia.com/ngc/nvidia-deep-learning-container-license

A copy of this license is made available in this container at /NGC-DL-CONTAINER-LICENSE for your convenience.

I20251226 01:37:58.769254     1 incremental_pipeline.cc:264] Loading database
I20251226 01:37:58.770429     1 database_cache.cc:67] Loading rigs...
I20251226 01:37:58.770469     1 database_cache.cc:77]  0 in 0.000s
I20251226 01:37:58.770478     1 database_cache.cc:85] Loading cameras...
I20251226 01:37:58.770488     1 database_cache.cc:103]  1 in 0.000s
I20251226 01:37:58.770493     1 database_cache.cc:111] Loading frames...
I20251226 01:37:58.770498     1 database_cache.cc:126]  0 in 0.000s
I20251226 01:37:58.770501     1 database_cache.cc:134] Loading matches...
I20251226 01:37:58.770512     1 database_cache.cc:139]  3 in 0.000s
I20251226 01:37:58.770515     1 database_cache.cc:155] Loading images...
I20251226 01:37:58.770555     1 database_cache.cc:239]  4 in 0.000s (connected 0)
I20251226 01:37:58.770574     1 database_cache.cc:250] Building correspondence graph...
I20251226 01:37:58.770584     1 database_cache.cc:277]  in 0.000s (ignored 3)
I20251226 01:37:58.770771     1 timer.cc:90] Elapsed time: 0.000 [minutes]
W20251226 01:37:58.770803     1 incremental_pipeline.cc:288] No images with matches found in the database
E20251226 01:37:58.770809     1 sfm.cc:278] failed to create sparse model
[retry] fbk_vineyard/cluster_0006: mapper attempt 3 (min_model_size=2, init_min_inliers=8, init_min_tri_angle=0.5, tri_min_angle=0.05, local_ba_min_tri_angle=0.05, tri_ignore_two_view_tracks=0)
+ docker run --rm --gpus all -v /home/shamika/documents/prog_workspace/ml_imc25/ImageMatchingChallenge2025:/workspace -w /workspace colmap/colmap:latest colmap mapper --database_path outputs/fbk_vineyard_cluster_0006/colmap_diffusion.db --image_path outputs/fbk_vineyard_cluster_0006/images --output_path outputs/fbk_vineyard_cluster_0006/sparse --Mapper.ba_refine_principal_point 0 --Mapper.min_model_size 2 --Mapper.init_min_num_inliers 8 --Mapper.init_min_tri_angle 0.5 --Mapper.tri_min_angle 0.05 --Mapper.filter_min_tri_angle 0.05 --Mapper.tri_ignore_two_view_tracks 0

==========
== CUDA ==
==========

CUDA Version 12.9.1

Container image Copyright (c) 2016-2023, NVIDIA CORPORATION & AFFILIATES. All rights reserved.

This container image and its contents are governed by the NVIDIA Deep Learning Container License.
By pulling and using the container, you accept the terms and conditions of this license:
https://developer.nvidia.com/ngc/nvidia-deep-learning-container-license

A copy of this license is made available in this container at /NGC-DL-CONTAINER-LICENSE for your convenience.

I20251226 01:38:02.305276     1 incremental_pipeline.cc:264] Loading database
I20251226 01:38:02.306465     1 database_cache.cc:67] Loading rigs...
I20251226 01:38:02.306504     1 database_cache.cc:77]  0 in 0.000s
I20251226 01:38:02.306510     1 database_cache.cc:85] Loading cameras...
I20251226 01:38:02.306522     1 database_cache.cc:103]  1 in 0.000s
I20251226 01:38:02.306525     1 database_cache.cc:111] Loading frames...
I20251226 01:38:02.306531     1 database_cache.cc:126]  0 in 0.000s
I20251226 01:38:02.306535     1 database_cache.cc:134] Loading matches...
I20251226 01:38:02.306546     1 database_cache.cc:139]  3 in 0.000s
I20251226 01:38:02.306550     1 database_cache.cc:155] Loading images...
I20251226 01:38:02.306571     1 database_cache.cc:239]  4 in 0.000s (connected 0)
I20251226 01:38:02.306604     1 database_cache.cc:250] Building correspondence graph...
I20251226 01:38:02.306612     1 database_cache.cc:277]  in 0.000s (ignored 3)
I20251226 01:38:02.306799     1 timer.cc:90] Elapsed time: 0.000 [minutes]
W20251226 01:38:02.306834     1 incremental_pipeline.cc:288] No images with matches found in the database
E20251226 01:38:02.306840     1 sfm.cc:278] failed to create sparse model
[fail] fbk_vineyard/cluster_0006: COLMAP mapper failed after 3 attempts
[done] all clusters completed
